review,label
من أفضل تجاربي مع مطعم البرجر. الوجبة طعمه خرافي ما توقعته بهالجودة. المكان جميل جدا ومريح. استقبال الموظفين كانت راقية جدا والموظفين مبتسمين ومتعاونين. أكيد راح أرجع مرة ثانية وأكثر.,positive
المطعم اللي جربناه فاق كل التوقعات. الطعام طعمه خرافي ما توقعته بهالجودة. بشكل عام تجربة تستاهل خمس نجوم كاملة.,positive
والله المطعم الشعبي فوق الممتاز. استقبال الموظفين سريعة واحترافية بشكل يجنن. الحلا كان لذيذ من أول لقمة. الأسعار معقولة جدا مقارنة بالكمية والجودة. أكيد راح أرجع مرة ثانية وأكثر.,positive
من أفضل تجاربي مع المطعم الشعبي. الحلا طعمه خرافي ما توقعته بهالجودة. الأسعار مقارنة بالكمية مناسبة، ما حسيت إني دفعت زيادة. تعامل النادل تشكر عليها، تعامل راقي وسريع. تقييمي خمسة من خمسة بدون تردد.,positive
المطعم الجديد فاق كل التوقعات. المكان جميل جدا ومريح. تعامل النادل فوق الممتاز، اهتمام بالتفاصيل. الأصناف اللي طلبناها سخن وطازج والتقديم مرتب. أنصح فيه بقوة لأي شخص يدور على مكان مميز.,positive
والله مطعم الفطور فوق الممتاز. المشاوي طعمه خرافي ما توقعته بهالجودة. تعامل النادل تشكر عليها، تعامل راقي وسريع. تقييمي خمسة من خمسة بدون تردد.,positive
تجربتنا في المطعم الشعبي كانت رهيبة. الأرز سخن وطازج والتقديم مرتب. الخدمة بشكل عام كانت راقية جدا والموظفين مبتسمين ومتعاونين. السعر معقولة جدا مقارنة بالكمية والجودة. تجربة ما تنسى، يستاهل كل التقييمات الإيجابية.,positive
كنت مع أصحابي في مطعم المأكولات البحرية وقضينا وقت ولا أحلى. البيتزا كان لذيذ من أول لقمة. الأسعار معقولة جدا مقارنة بالكمية والجودة. سرعة التقديم كانت مثالية من أول ما دخلنا. النظافة أنيق ونظيف بشكل يلفت النظر. أكيد راح أرجع مرة ثانية وأكثر.,positive
ما شاء الله على الفرع. استقبال الموظفين فوق الممتاز، اهتمام بالتفاصيل. الديكور أنيق ونظيف بشكل يلفت النظر. الأرز سخن وطازج والتقديم مرتب. أنصح فيه بقوة لأي شخص يدور على مكان مميز.,positive
الفرع فاق كل التوقعات. الأسعار معقولة جدا مقارنة بالكمية والجودة. الأصناف اللي طلبناها كان لذيذ من أول لقمة. تعامل النادل كانت راقية جدا والموظفين مبتسمين ومتعاونين. بشكل عام تجربة تستاهل خمس نجوم كاملة.,positive
ما شاء الله على مطعم البيتزا. السعر ممتازة ومناسبة جدا للجودة المقدمة. ما أكلت العصائر بهالجودة من زمان. الخدمة بشكل عام كانت مثالية من أول ما دخلنا. أكيد راح أرجع مرة ثانية وأكثر.,positive
مطعم البرجر فاق كل التوقعات. الحلا كان لذيذ من أول لقمة. الخدمة فوق الممتاز، اهتمام بالتفاصيل. المكان أنيق ونظيف بشكل يلفت النظر. أنصح فيه بقوة لأي شخص يدور على مكان مميز.,positive
تجربتنا في مطعم الأكل الإيطالي كانت رهيبة. البرجر طعمه خرافي ما توقعته بهالجودة. سرعة التقديم كانت مثالية من أول ما دخلنا. النظافة جميل جدا ومريح. الأسعار مقارنة بالكمية معقولة جدا مقارنة بالكمية والجودة. فخور إني اكتشفت هالمكان.,positive
من أفضل تجاربي مع مطعم الوجبات السريعة. الوجبة الرئيسية كان مبهر والكمية كانت مناسبة. تعامل النادل تشكر عليها، تعامل راقي وسريع. أكيد راح أرجع مرة ثانية وأكثر.,positive
كنت مع أصحابي في مطعم المأكولات البحرية وقضينا وقت ولا أحلى. الخدمة بشكل عام تشكر عليها، تعامل راقي وسريع. الأسعار مقارنة بالكمية تستاهل كل ريال. البرجر فوق الوصف، نكهات متوازنة وحلوة. مكان يستاهل تجربته أكثر من مرة.,positive
أنصح الكل يجرب مطعم المأكولات البحرية. العصائر كان مبهر والكمية كانت مناسبة. تعامل النادل كانت راقية جدا والموظفين مبتسمين ومتعاونين. الأجواء أنيق ونظيف بشكل يلفت النظر. فخور إني اكتشفت هالمكان.,positive
جربنا مطعم الفطور أول مرة وصراحة انبهرنا. سرعة التقديم سريعة واحترافية بشكل يجنن. الوجبة الرئيسية طعمه خرافي ما توقعته بهالجودة. الأسعار مقارنة بالكمية مناسبة، ما حسيت إني دفعت زيادة. فخور إني اكتشفت هالمكان.,positive
جربنا مطعم الأكل الإيطالي أول مرة وصراحة انبهرنا. المشاوي كان ذا مستوى راقي جدا. النظافة هادئ ومناسب للعائلة. الأسعار معقولة جدا مقارنة بالكمية والجودة. أكيد راح أرجع مرة ثانية وأكثر.,positive
زرنا مطعم المأكولات البحرية أمس ووالله ما توقعنا يكون بهالحلاوة. الوجبة كان ذا مستوى راقي جدا. تعامل النادل سريعة واحترافية بشكل يجنن. تقييمي خمسة من خمسة بدون تردد.,positive
والله الفرع فوق الممتاز. الخدمة بشكل عام سريعة واحترافية بشكل يجنن. قيمة الفلوس مقابل الأكل تستاهل كل ريال. السلطة طعمه خرافي ما توقعته بهالجودة. تجربة ما تنسى، يستاهل كل التقييمات الإيجابية.,positive
كنت مع أصحابي في المطعم اللي جربناه وقضينا وقت ولا أحلى. البرجر سخن وطازج والتقديم مرتب. الخدمة بشكل عام سريعة واحترافية بشكل يجنن. قيمة الفلوس مقابل الأكل معقولة جدا مقارنة بالكمية والجودة. أنصح فيه بقوة لأي شخص يدور على مكان مميز.,positive
زرنا الكافيه أمس ووالله ما توقعنا يكون بهالحلاوة. الخدمة بشكل عام سريعة واحترافية بشكل يجنن. الأسعار مناسبة، ما حسيت إني دفعت زيادة. الوجبة كان لذيذ جدا وطازج. تقييمي خمسة من خمسة بدون تردد.,positive
من أفضل تجاربي مع مطعم الأكل الإيطالي. الخدمة بشكل عام فوق الممتاز، اهتمام بالتفاصيل. السلطة كان لذيذ جدا وطازج. السعر ممتازة ومناسبة جدا للجودة المقدمة. أكيد راح أرجع مرة ثانية وأكثر.,positive
زرت مطعم البيتزا مع العائلة وكانت تجربة تجنن. قيمة الفلوس مقابل الأكل تستاهل كل ريال. المشاوي كان ذا مستوى راقي جدا. الخدمة بشكل عام كانت مثالية من أول ما دخلنا. فخور إني اكتشفت هالمكان.,positive
كنت مع أصحابي في الفرع وقضينا وقت ولا أحلى. السعر معقولة جدا مقارنة بالكمية والجودة. الخدمة كانت مثالية من أول ما دخلنا. البيتزا طعمه خرافي ما توقعته بهالجودة. أنصح فيه بقوة لأي شخص يدور على مكان مميز.,positive
تجربتنا في المطعم الجديد كانت رهيبة. ما أكلت الوجبة بهالجودة من زمان. قيمة الفلوس مقابل الأكل تستاهل كل ريال. الترتيب الداخلي هادئ ومناسب للعائلة. تقييمي خمسة من خمسة بدون تردد.,positive
كنت مع أصحابي في مطعم المشويات وقضينا وقت ولا أحلى. سرعة التقديم كانت مثالية من أول ما دخلنا. الأسعار مقارنة بالكمية ممتازة ومناسبة جدا للجودة المقدمة. المكان مرتب وله لمسة مميزة. الأصناف اللي طلبناها كان لذيذ جدا وطازج. أكيد راح أرجع مرة ثانية وأكثر.,positive
زرت المكان مع العائلة وكانت تجربة تجنن. الأسعار مناسبة، ما حسيت إني دفعت زيادة. سرعة التقديم فوق الممتاز، اهتمام بالتفاصيل. البرجر كان لذيذ من أول لقمة. بشكل عام تجربة تستاهل خمس نجوم كاملة.,positive
زرت مطعم الفطور مع العائلة وكانت تجربة تجنن. السعر تستاهل كل ريال. تعامل النادل فوق الممتاز، اهتمام بالتفاصيل. الوجبة الرئيسية كان لذيذ جدا وطازج. المكان جميل جدا ومريح. مكان يستاهل تجربته أكثر من مرة.,positive
جربنا المطعم الجديد أول مرة وصراحة انبهرنا. الحلا طعمه خرافي ما توقعته بهالجودة. الأسعار تستاهل كل ريال. الأجواء مرتب وله لمسة مميزة. من أفضل المطاعم اللي جربتها هالفترة.,positive
كنت مع أصحابي في المطعم الجديد وقضينا وقت ولا أحلى. قيمة الفلوس مقابل الأكل ممتازة ومناسبة جدا للجودة المقدمة. الأرز كان لذيذ جدا وطازج. فخور إني اكتشفت هالمكان.,positive
أنصح الكل يجرب المطعم اللي جربناه. ما أكلت الأرز بهالجودة من زمان. السعر تستاهل كل ريال. من أفضل المطاعم اللي جربتها هالفترة.,positive
والله مطعم الوجبات السريعة فوق الممتاز. تعامل النادل فوق الممتاز، اهتمام بالتفاصيل. الوجبة الرئيسية كان لذيذ من أول لقمة. الجو العام هادئ ومناسب للعائلة. السعر ممتازة ومناسبة جدا للجودة المقدمة. تجربة ما تنسى، يستاهل كل التقييمات الإيجابية.,positive
أنصح الكل يجرب المطعم. تعامل النادل فوق الممتاز، اهتمام بالتفاصيل. الأرز كان لذيذ جدا وطازج. بشكل عام تجربة تستاهل خمس نجوم كاملة.,positive
كنت مع أصحابي في المطعم الجديد وقضينا وقت ولا أحلى. قيمة الفلوس مقابل الأكل تستاهل كل ريال. المكان جميل جدا ومريح. سرعة التقديم فوق الممتاز، اهتمام بالتفاصيل. ما أكلت الأصناف اللي طلبناها بهالجودة من زمان. أنصح فيه بقوة لأي شخص يدور على مكان مميز.,positive
زرت مطعم المشويات مع العائلة وكانت تجربة تجنن. الحلا سخن وطازج والتقديم مرتب. الخدمة كانت راقية جدا والموظفين مبتسمين ومتعاونين. السعر تستاهل كل ريال. تقييمي خمسة من خمسة بدون تردد.,positive
مطعم المأكولات البحرية فاق كل التوقعات. تعامل النادل تشكر عليها، تعامل راقي وسريع. الأرز كان لذيذ من أول لقمة. بشكل عام تجربة تستاهل خمس نجوم كاملة.,positive
والله مطعم الوجبات السريعة فوق الممتاز. الخدمة بشكل عام فوق الممتاز، اهتمام بالتفاصيل. المقبلات كان لذيذ جدا وطازج. المكان هادئ ومناسب للعائلة. بشكل عام تجربة تستاهل خمس نجوم كاملة.,positive
والله مطعم الأكل الإيطالي فوق الممتاز. السلطة كان ذا مستوى راقي جدا. تعامل النادل تشكر عليها، تعامل راقي وسريع. الجو العام جميل جدا ومريح. تجربة ما تنسى، يستاهل كل التقييمات الإيجابية.,positive
جربنا مطعم الفطور أول مرة وصراحة انبهرنا. سرعة التقديم كانت مثالية من أول ما دخلنا. الترتيب الداخلي مرتب وله لمسة مميزة. قيمة الفلوس مقابل الأكل مناسبة، ما حسيت إني دفعت زيادة. الطعام فوق الوصف، نكهات متوازنة وحلوة. أكيد راح أرجع مرة ثانية وأكثر.,positive
زرت المطعم الشعبي مع العائلة وكانت تجربة تجنن. الوجبة كان لذيذ من أول لقمة. سرعة التقديم كانت راقية جدا والموظفين مبتسمين ومتعاونين. الأسعار مقارنة بالكمية ممتازة ومناسبة جدا للجودة المقدمة. تجربة ما تنسى، يستاهل كل التقييمات الإيجابية.,positive
أنصح الكل يجرب مطعم المأكولات البحرية. السلطة طعمه خرافي ما توقعته بهالجودة. السعر معقولة جدا مقارنة بالكمية والجودة. بشكل عام تجربة تستاهل خمس نجوم كاملة.,positive
ما شاء الله على المطعم الجديد. الجو العام جميل جدا ومريح. الأرز فوق الوصف، نكهات متوازنة وحلوة. تجربة ما تنسى، يستاهل كل التقييمات الإيجابية.,positive
كنت مع أصحابي في مطعم البرجر وقضينا وقت ولا أحلى. الوجبة فوق الوصف، نكهات متوازنة وحلوة. الأسعار مقارنة بالكمية تستاهل كل ريال. الخدمة بشكل عام كانت مثالية من أول ما دخلنا. المكان هادئ ومناسب للعائلة. أنصح فيه بقوة لأي شخص يدور على مكان مميز.,positive
كنت مع أصحابي في مطعم المشويات وقضينا وقت ولا أحلى. استقبال الموظفين فوق الممتاز، اهتمام بالتفاصيل. المشاوي كان لذيذ جدا وطازج. المكان أنيق ونظيف بشكل يلفت النظر. تجربة ما تنسى، يستاهل كل التقييمات الإيجابية.,positive
المطعم الجديد فاق كل التوقعات. المشاوي طعمه خرافي ما توقعته بهالجودة. الخدمة كانت مثالية من أول ما دخلنا. أكيد راح أرجع مرة ثانية وأكثر.,positive
زرت المطعم مع العائلة وكانت تجربة تجنن. ما أكلت المقبلات بهالجودة من زمان. سرعة التقديم سريعة واحترافية بشكل يجنن. بشكل عام تجربة تستاهل خمس نجوم كاملة.,positive
تجربتنا في مطعم الفطور كانت رهيبة. العصائر كان لذيذ جدا وطازج. قيمة الفلوس مقابل الأكل تستاهل كل ريال. فخور إني اكتشفت هالمكان.,positive
ما شاء الله على المطعم. السلطة كان مبهر والكمية كانت مناسبة. تعامل النادل فوق الممتاز، اهتمام بالتفاصيل. مكان يستاهل تجربته أكثر من مرة.,positive
ما شاء الله على مطعم الأكل الإيطالي. الأصناف اللي طلبناها طعمه خرافي ما توقعته بهالجودة. السعر مناسبة، ما حسيت إني دفعت زيادة. سرعة التقديم سريعة واحترافية بشكل يجنن. فخور إني اكتشفت هالمكان.,positive
تجربتنا في مطعم المشويات كانت رهيبة. الديكور أنيق ونظيف بشكل يلفت النظر. الخدمة بشكل عام كانت راقية جدا والموظفين مبتسمين ومتعاونين. قيمة الفلوس مقابل الأكل معقولة جدا مقارنة بالكمية والجودة. الوجبة كان لذيذ من أول لقمة. مكان يستاهل تجربته أكثر من مرة.,positive
زرت مطعم المشويات مع العائلة وكانت تجربة تجنن. قيمة الفلوس مقابل الأكل معقولة جدا مقارنة بالكمية والجودة. النظافة أنيق ونظيف بشكل يلفت النظر. الخدمة بشكل عام كانت مثالية من أول ما دخلنا. الوجبة الرئيسية كان مبهر والكمية كانت مناسبة. مكان يستاهل تجربته أكثر من مرة.,positive
والله مطعم المشويات فوق الممتاز. المقبلات كان لذيذ من أول لقمة. الجو العام جميل جدا ومريح. استقبال الموظفين كانت مثالية من أول ما دخلنا. فخور إني اكتشفت هالمكان.,positive
زرنا المطعم اللي جربناه أمس ووالله ما توقعنا يكون بهالحلاوة. العصائر طعمه خرافي ما توقعته بهالجودة. فخور إني اكتشفت هالمكان.,positive
جربنا المكان أول مرة وصراحة انبهرنا. السلطة كان لذيذ جدا وطازج. الخدمة فوق الممتاز، اهتمام بالتفاصيل. أكيد راح أرجع مرة ثانية وأكثر.,positive
زرت المكان مع العائلة وكانت تجربة تجنن. الطعام فوق الوصف، نكهات متوازنة وحلوة. قيمة الفلوس مقابل الأكل معقولة جدا مقارنة بالكمية والجودة. سرعة التقديم كانت راقية جدا والموظفين مبتسمين ومتعاونين. من أفضل المطاعم اللي جربتها هالفترة.,positive
ما شاء الله على مطعم البيتزا. قيمة الفلوس مقابل الأكل مناسبة، ما حسيت إني دفعت زيادة. السلطة سخن وطازج والتقديم مرتب. تعامل النادل سريعة واحترافية بشكل يجنن. المكان أنيق ونظيف بشكل يلفت النظر. فخور إني اكتشفت هالمكان.,positive
ما شاء الله على المطعم. سرعة التقديم فوق الممتاز، اهتمام بالتفاصيل. الوجبة الرئيسية فوق الوصف، نكهات متوازنة وحلوة. فخور إني اكتشفت هالمكان.,positive
جربنا المطعم اللي جربناه أول مرة وصراحة انبهرنا. قيمة الفلوس مقابل الأكل مناسبة، ما حسيت إني دفعت زيادة. تعامل النادل فوق الممتاز، اهتمام بالتفاصيل. البرجر سخن وطازج والتقديم مرتب. مكان يستاهل تجربته أكثر من مرة.,positive
والله مطعم الأكل الإيطالي فوق الممتاز. قيمة الفلوس مقابل الأكل ممتازة ومناسبة جدا للجودة المقدمة. الخدمة بشكل عام تشكر عليها، تعامل راقي وسريع. الأكل فوق الوصف، نكهات متوازنة وحلوة. فخور إني اكتشفت هالمكان.,positive
كنت مع أصحابي في مطعم المأكولات البحرية وقضينا وقت ولا أحلى. المشاوي فوق الوصف، نكهات متوازنة وحلوة. الديكور هادئ ومناسب للعائلة. الخدمة تشكر عليها، تعامل راقي وسريع. فخور إني اكتشفت هالمكان.,positive
تجربتنا في الفرع كانت رهيبة. الخدمة كانت راقية جدا والموظفين مبتسمين ومتعاونين. الأسعار تستاهل كل ريال. الطعام كان مبهر والكمية كانت مناسبة. الجو العام مرتب وله لمسة مميزة. فخور إني اكتشفت هالمكان.,positive
كنت مع أصحابي في المطعم اللي جربناه وقضينا وقت ولا أحلى. السعر مناسبة، ما حسيت إني دفعت زيادة. الديكور هادئ ومناسب للعائلة. الخدمة بشكل عام كانت مثالية من أول ما دخلنا. المشاوي كان مبهر والكمية كانت مناسبة. فخور إني اكتشفت هالمكان.,positive
تجربتنا في المكان كانت رهيبة. العصائر كان مبهر والكمية كانت مناسبة. الخدمة فوق الممتاز، اهتمام بالتفاصيل. تقييمي خمسة من خمسة بدون تردد.,positive
جربنا المطعم الجديد أول مرة وصراحة انبهرنا. البرجر طعمه خرافي ما توقعته بهالجودة. المكان مرتب وله لمسة مميزة. الخدمة كانت مثالية من أول ما دخلنا. أنصح فيه بقوة لأي شخص يدور على مكان مميز.,positive
زرنا مطعم البيتزا أمس ووالله ما توقعنا يكون بهالحلاوة. الأسعار مقارنة بالكمية ممتازة ومناسبة جدا للجودة المقدمة. الوجبة فوق الوصف، نكهات متوازنة وحلوة. الخدمة فوق الممتاز، اهتمام بالتفاصيل. من أفضل المطاعم اللي جربتها هالفترة.,positive
من أفضل تجاربي مع مطعم المشويات. الطعام كان مبهر والكمية كانت مناسبة. الخدمة كانت مثالية من أول ما دخلنا. أكيد راح أرجع مرة ثانية وأكثر.,positive
أنصح الكل يجرب المطعم اللي جربناه. استقبال الموظفين كانت مثالية من أول ما دخلنا. الطعام كان لذيذ من أول لقمة. السعر تستاهل كل ريال. تجربة ما تنسى، يستاهل كل التقييمات الإيجابية.,positive
زرت المطعم الجديد مع العائلة وكانت تجربة تجنن. الجو العام أنيق ونظيف بشكل يلفت النظر. الخدمة بشكل عام سريعة واحترافية بشكل يجنن. البرجر سخن وطازج والتقديم مرتب. الأسعار مقارنة بالكمية تستاهل كل ريال. تجربة ما تنسى، يستاهل كل التقييمات الإيجابية.,positive
تجربتنا في المطعم اللي جربناه كانت رهيبة. قيمة الفلوس مقابل الأكل مناسبة، ما حسيت إني دفعت زيادة. السلطة كان ذا مستوى راقي جدا. فخور إني اكتشفت هالمكان.,positive
والله مطعم البرجر فوق الممتاز. الأكل فوق الوصف، نكهات متوازنة وحلوة. سرعة التقديم تشكر عليها، تعامل راقي وسريع. قيمة الفلوس مقابل الأكل ممتازة ومناسبة جدا للجودة المقدمة. المكان أنيق ونظيف بشكل يلفت النظر. بشكل عام تجربة تستاهل خمس نجوم كاملة.,positive
والله المكان فوق الممتاز. الديكور أنيق ونظيف بشكل يلفت النظر. الأسعار مقارنة بالكمية معقولة جدا مقارنة بالكمية والجودة. الخدمة بشكل عام كانت راقية جدا والموظفين مبتسمين ومتعاونين. المقبلات كان مبهر والكمية كانت مناسبة. تقييمي خمسة من خمسة بدون تردد.,positive
والله الفرع فوق الممتاز. سرعة التقديم كانت راقية جدا والموظفين مبتسمين ومتعاونين. الأسعار مناسبة، ما حسيت إني دفعت زيادة. الحلا كان ذا مستوى راقي جدا. أنصح فيه بقوة لأي شخص يدور على مكان مميز.,positive
زرت مطعم المشويات مع العائلة وكانت تجربة تجنن. الجو العام جميل جدا ومريح. ما أكلت الوجبة الرئيسية بهالجودة من زمان. السعر معقولة جدا مقارنة بالكمية والجودة. مكان يستاهل تجربته أكثر من مرة.,positive
زرنا مطعم المأكولات البحرية أمس ووالله ما توقعنا يكون بهالحلاوة. النظافة أنيق ونظيف بشكل يلفت النظر. الأسعار معقولة جدا مقارنة بالكمية والجودة. ما أكلت البيتزا بهالجودة من زمان. تعامل النادل كانت راقية جدا والموظفين مبتسمين ومتعاونين. أنصح فيه بقوة لأي شخص يدور على مكان مميز.,positive
مطعم الأكل الإيطالي فاق كل التوقعات. الأسعار معقولة جدا مقارنة بالكمية والجودة. استقبال الموظفين سريعة واحترافية بشكل يجنن. الأجواء أنيق ونظيف بشكل يلفت النظر. العصائر كان مبهر والكمية كانت مناسبة. فخور إني اكتشفت هالمكان.,positive
والله مطعم الفطور فوق الممتاز. تعامل النادل تشكر عليها، تعامل راقي وسريع. العصائر كان ذا مستوى راقي جدا. الديكور أنيق ونظيف بشكل يلفت النظر. مكان يستاهل تجربته أكثر من مرة.,positive
جربنا المطعم الشعبي أول مرة وصراحة انبهرنا. الأجواء أنيق ونظيف بشكل يلفت النظر. قيمة الفلوس مقابل الأكل معقولة جدا مقارنة بالكمية والجودة. الأصناف اللي طلبناها كان لذيذ جدا وطازج. استقبال الموظفين تشكر عليها، تعامل راقي وسريع. تقييمي خمسة من خمسة بدون تردد.,positive
زرت المكان مع العائلة وكانت تجربة تجنن. الأجواء هادئ ومناسب للعائلة. السعر معقولة جدا مقارنة بالكمية والجودة. ما أكلت البيتزا بهالجودة من زمان. الخدمة بشكل عام سريعة واحترافية بشكل يجنن. فخور إني اكتشفت هالمكان.,positive
أنصح الكل يجرب مطعم البيتزا. استقبال الموظفين سريعة واحترافية بشكل يجنن. السعر معقولة جدا مقارنة بالكمية والجودة. الديكور هادئ ومناسب للعائلة. ما أكلت الأصناف اللي طلبناها بهالجودة من زمان. أكيد راح أرجع مرة ثانية وأكثر.,positive
من أفضل تجاربي مع مطعم المأكولات البحرية. الخدمة بشكل عام سريعة واحترافية بشكل يجنن. ما أكلت المشاوي بهالجودة من زمان. الأسعار ممتازة ومناسبة جدا للجودة المقدمة. من أفضل المطاعم اللي جربتها هالفترة.,positive
جربنا الفرع أول مرة وصراحة انبهرنا. الترتيب الداخلي مرتب وله لمسة مميزة. الأرز طعمه خرافي ما توقعته بهالجودة. سرعة التقديم تشكر عليها، تعامل راقي وسريع. تجربة ما تنسى، يستاهل كل التقييمات الإيجابية.,positive
من أفضل تجاربي مع الكافيه. الأجواء مرتب وله لمسة مميزة. الأرز فوق الوصف، نكهات متوازنة وحلوة. تعامل النادل كانت راقية جدا والموظفين مبتسمين ومتعاونين. الأسعار مقارنة بالكمية مناسبة، ما حسيت إني دفعت زيادة. تجربة ما تنسى، يستاهل كل التقييمات الإيجابية.,positive
كنت مع أصحابي في المكان وقضينا وقت ولا أحلى. العصائر كان ذا مستوى راقي جدا. الخدمة بشكل عام تشكر عليها، تعامل راقي وسريع. مكان يستاهل تجربته أكثر من مرة.,positive
كنت مع أصحابي في مطعم المأكولات البحرية وقضينا وقت ولا أحلى. الأسعار مقارنة بالكمية تستاهل كل ريال. سرعة التقديم كانت راقية جدا والموظفين مبتسمين ومتعاونين. العصائر كان لذيذ من أول لقمة. تجربة ما تنسى، يستاهل كل التقييمات الإيجابية.,positive
والله المطعم الجديد فوق الممتاز. الخدمة بشكل عام فوق الممتاز، اهتمام بالتفاصيل. الترتيب الداخلي مرتب وله لمسة مميزة. المقبلات كان لذيذ جدا وطازج. فخور إني اكتشفت هالمكان.,positive
والله المطعم اللي جربناه فوق الممتاز. الأسعار تستاهل كل ريال. المكان مرتب وله لمسة مميزة. الحلا كان مبهر والكمية كانت مناسبة. الخدمة تشكر عليها، تعامل راقي وسريع. فخور إني اكتشفت هالمكان.,positive
زرنا الفرع أمس ووالله ما توقعنا يكون بهالحلاوة. الوجبة كان ذا مستوى راقي جدا. الخدمة سريعة واحترافية بشكل يجنن. تجربة ما تنسى، يستاهل كل التقييمات الإيجابية.,positive
المطعم فاق كل التوقعات. الخدمة بشكل عام تشكر عليها، تعامل راقي وسريع. الأجواء جميل جدا ومريح. الأكل كان ذا مستوى راقي جدا. بشكل عام تجربة تستاهل خمس نجوم كاملة.,positive
تجربتنا في مطعم المشويات كانت رهيبة. الوجبة كان لذيذ جدا وطازج. تعامل النادل سريعة واحترافية بشكل يجنن. قيمة الفلوس مقابل الأكل تستاهل كل ريال. أنصح فيه بقوة لأي شخص يدور على مكان مميز.,positive
والله الكافيه فوق الممتاز. الأسعار مقارنة بالكمية مناسبة، ما حسيت إني دفعت زيادة. البرجر كان ذا مستوى راقي جدا. الخدمة كانت راقية جدا والموظفين مبتسمين ومتعاونين. فخور إني اكتشفت هالمكان.,positive
والله الفرع فوق الممتاز. الأصناف اللي طلبناها طعمه خرافي ما توقعته بهالجودة. الخدمة فوق الممتاز، اهتمام بالتفاصيل. الديكور هادئ ومناسب للعائلة. تجربة ما تنسى، يستاهل كل التقييمات الإيجابية.,positive
زرت مطعم الأكل الإيطالي مع العائلة وكانت تجربة تجنن. الأصناف اللي طلبناها فوق الوصف، نكهات متوازنة وحلوة. الخدمة سريعة واحترافية بشكل يجنن. من أفضل المطاعم اللي جربتها هالفترة.,positive
من أفضل تجاربي مع مطعم المشويات. المشاوي كان ذا مستوى راقي جدا. الخدمة بشكل عام تشكر عليها، تعامل راقي وسريع. من أفضل المطاعم اللي جربتها هالفترة.,positive
المطعم الشعبي فاق كل التوقعات. تعامل النادل سريعة واحترافية بشكل يجنن. الأجواء أنيق ونظيف بشكل يلفت النظر. البرجر طعمه خرافي ما توقعته بهالجودة. السعر ممتازة ومناسبة جدا للجودة المقدمة. بشكل عام تجربة تستاهل خمس نجوم كاملة.,positive
والله المطعم فوق الممتاز. الوجبة طعمه خرافي ما توقعته بهالجودة. الترتيب الداخلي جميل جدا ومريح. أكيد راح أرجع مرة ثانية وأكثر.,positive
والله المطعم اللي جربناه فوق الممتاز. الأصناف اللي طلبناها طعمه خرافي ما توقعته بهالجودة. المكان أنيق ونظيف بشكل يلفت النظر. تعامل النادل فوق الممتاز، اهتمام بالتفاصيل. الأسعار تستاهل كل ريال. مكان يستاهل تجربته أكثر من مرة.,positive
والله المطعم الجديد فوق الممتاز. الأكل كان مبهر والكمية كانت مناسبة. فخور إني اكتشفت هالمكان.,positive
والله مطعم الوجبات السريعة فوق الممتاز. الخدمة بشكل عام كانت راقية جدا والموظفين مبتسمين ومتعاونين. الأسعار ممتازة ومناسبة جدا للجودة المقدمة. ما أكلت البرجر بهالجودة من زمان. تجربة ما تنسى، يستاهل كل التقييمات الإيجابية.,positive
والله الفرع فوق الممتاز. البيتزا كان لذيذ جدا وطازج. الخدمة كانت راقية جدا والموظفين مبتسمين ومتعاونين. قيمة الفلوس مقابل الأكل تستاهل كل ريال. تجربة ما تنسى، يستاهل كل التقييمات الإيجابية.,positive
جربنا المطعم الشعبي أول مرة وصراحة انبهرنا. قيمة الفلوس مقابل الأكل ممتازة ومناسبة جدا للجودة المقدمة. الوجبة كان ذا مستوى راقي جدا. سرعة التقديم كانت راقية جدا والموظفين مبتسمين ومتعاونين. مكان يستاهل تجربته أكثر من مرة.,positive
والله مطعم المشويات فوق الممتاز. الخدمة فوق الممتاز، اهتمام بالتفاصيل. السعر تستاهل كل ريال. الوجبة الرئيسية كان مبهر والكمية كانت مناسبة. الترتيب الداخلي أنيق ونظيف بشكل يلفت النظر. تقييمي خمسة من خمسة بدون تردد.,positive
من أفضل تجاربي مع المطعم الشعبي. النظافة أنيق ونظيف بشكل يلفت النظر. الخدمة بشكل عام كانت مثالية من أول ما دخلنا. المشاوي كان مبهر والكمية كانت مناسبة. فخور إني اكتشفت هالمكان.,positive
زرت مطعم الأكل الإيطالي مع العائلة وكانت تجربة تجنن. الوجبة الرئيسية كان لذيذ من أول لقمة. تعامل النادل سريعة واحترافية بشكل يجنن. أنصح فيه بقوة لأي شخص يدور على مكان مميز.,positive
تجربتنا في المطعم اللي جربناه كانت رهيبة. المشاوي كان لذيذ من أول لقمة. الترتيب الداخلي أنيق ونظيف بشكل يلفت النظر. الأسعار مقارنة بالكمية مناسبة، ما حسيت إني دفعت زيادة. مكان يستاهل تجربته أكثر من مرة.,positive
جربنا المطعم الجديد أول مرة وصراحة انبهرنا. ما أكلت الأصناف اللي طلبناها بهالجودة من زمان. الخدمة كانت راقية جدا والموظفين مبتسمين ومتعاونين. الأسعار مناسبة، ما حسيت إني دفعت زيادة. فخور إني اكتشفت هالمكان.,positive
جربنا المطعم أول مرة وصراحة انبهرنا. سرعة التقديم تشكر عليها، تعامل راقي وسريع. ما أكلت الوجبة بهالجودة من زمان. المكان أنيق ونظيف بشكل يلفت النظر. أنصح فيه بقوة لأي شخص يدور على مكان مميز.,positive
زرت مطعم الأكل الإيطالي مع العائلة وكانت تجربة تجنن. السعر مناسبة، ما حسيت إني دفعت زيادة. الطعام طعمه خرافي ما توقعته بهالجودة. تجربة ما تنسى، يستاهل كل التقييمات الإيجابية.,positive
مطعم الوجبات السريعة فاق كل التوقعات. ما أكلت البيتزا بهالجودة من زمان. المكان جميل جدا ومريح. استقبال الموظفين سريعة واحترافية بشكل يجنن. أكيد راح أرجع مرة ثانية وأكثر.,positive
جربنا المطعم أول مرة وصراحة انبهرنا. الخدمة بشكل عام تشكر عليها، تعامل راقي وسريع. البرجر كان مبهر والكمية كانت مناسبة. قيمة الفلوس مقابل الأكل تستاهل كل ريال. تقييمي خمسة من خمسة بدون تردد.,positive
زرنا الكافيه أمس ووالله ما توقعنا يكون بهالحلاوة. استقبال الموظفين كانت راقية جدا والموظفين مبتسمين ومتعاونين. ما أكلت المشاوي بهالجودة من زمان. تجربة ما تنسى، يستاهل كل التقييمات الإيجابية.,positive
تجربتنا في المطعم الجديد كانت رهيبة. ما أكلت البيتزا بهالجودة من زمان. تجربة ما تنسى، يستاهل كل التقييمات الإيجابية.,positive
جربنا المكان أول مرة وصراحة انبهرنا. سرعة التقديم سريعة واحترافية بشكل يجنن. ما أكلت الأصناف اللي طلبناها بهالجودة من زمان. السعر ممتازة ومناسبة جدا للجودة المقدمة. فخور إني اكتشفت هالمكان.,positive
ما شاء الله على مطعم الأكل الإيطالي. السلطة كان ذا مستوى راقي جدا. فخور إني اكتشفت هالمكان.,positive
ما شاء الله على مطعم البرجر. العصائر سخن وطازج والتقديم مرتب. الترتيب الداخلي مرتب وله لمسة مميزة. من أفضل المطاعم اللي جربتها هالفترة.,positive
ما شاء الله على مطعم الأكل الإيطالي. سرعة التقديم فوق الممتاز، اهتمام بالتفاصيل. السعر معقولة جدا مقارنة بالكمية والجودة. البرجر طعمه خرافي ما توقعته بهالجودة. تقييمي خمسة من خمسة بدون تردد.,positive
مطعم الفطور فاق كل التوقعات. الوجبة كان لذيذ جدا وطازج. الخدمة بشكل عام سريعة واحترافية بشكل يجنن. أكيد راح أرجع مرة ثانية وأكثر.,positive
كنت مع أصحابي في المطعم الشعبي وقضينا وقت ولا أحلى. الوجبة كان لذيذ من أول لقمة. تعامل النادل كانت مثالية من أول ما دخلنا. النظافة جميل جدا ومريح. من أفضل المطاعم اللي جربتها هالفترة.,positive
أنصح الكل يجرب مطعم البيتزا. الأسعار تستاهل كل ريال. الوجبة الرئيسية طعمه خرافي ما توقعته بهالجودة. تعامل النادل فوق الممتاز، اهتمام بالتفاصيل. الترتيب الداخلي جميل جدا ومريح. فخور إني اكتشفت هالمكان.,positive
كنت مع أصحابي في المطعم اللي جربناه وقضينا وقت ولا أحلى. الأرز كان ذا مستوى راقي جدا. تعامل النادل كانت مثالية من أول ما دخلنا. مكان يستاهل تجربته أكثر من مرة.,positive
كنت مع أصحابي في مطعم المشويات وقضينا وقت ولا أحلى. المقبلات كان لذيذ جدا وطازج. الخدمة كانت راقية جدا والموظفين مبتسمين ومتعاونين. أكيد راح أرجع مرة ثانية وأكثر.,positive
جربنا الكافيه أول مرة وصراحة انبهرنا. ما أكلت الأرز بهالجودة من زمان. المكان أنيق ونظيف بشكل يلفت النظر. استقبال الموظفين فوق الممتاز، اهتمام بالتفاصيل. قيمة الفلوس مقابل الأكل معقولة جدا مقارنة بالكمية والجودة. مكان يستاهل تجربته أكثر من مرة.,positive
كنت مع أصحابي في المطعم الجديد وقضينا وقت ولا أحلى. السلطة كان ذا مستوى راقي جدا. الخدمة تشكر عليها، تعامل راقي وسريع. من أفضل المطاعم اللي جربتها هالفترة.,positive
كنت مع أصحابي في مطعم الأكل الإيطالي وقضينا وقت ولا أحلى. الخدمة كانت راقية جدا والموظفين مبتسمين ومتعاونين. الأرز سخن وطازج والتقديم مرتب. الديكور هادئ ومناسب للعائلة. مكان يستاهل تجربته أكثر من مرة.,positive
أنصح الكل يجرب المطعم الجديد. الخدمة تشكر عليها، تعامل راقي وسريع. الطعام كان لذيذ جدا وطازج. من أفضل المطاعم اللي جربتها هالفترة.,positive
زرنا المطعم أمس ووالله ما توقعنا يكون بهالحلاوة. المقبلات كان لذيذ جدا وطازج. استقبال الموظفين كانت راقية جدا والموظفين مبتسمين ومتعاونين. أنصح فيه بقوة لأي شخص يدور على مكان مميز.,positive
زرنا مطعم الفطور أمس ووالله ما توقعنا يكون بهالحلاوة. الجو العام جميل جدا ومريح. الأسعار مقارنة بالكمية ممتازة ومناسبة جدا للجودة المقدمة. الخدمة بشكل عام كانت راقية جدا والموظفين مبتسمين ومتعاونين. ما أكلت البرجر بهالجودة من زمان. فخور إني اكتشفت هالمكان.,positive
ما شاء الله على المكان. قيمة الفلوس مقابل الأكل تستاهل كل ريال. الأكل طعمه خرافي ما توقعته بهالجودة. استقبال الموظفين كانت مثالية من أول ما دخلنا. بشكل عام تجربة تستاهل خمس نجوم كاملة.,positive
تجربتنا في مطعم الأكل الإيطالي كانت رهيبة. الديكور أنيق ونظيف بشكل يلفت النظر. الخدمة فوق الممتاز، اهتمام بالتفاصيل. المقبلات كان لذيذ من أول لقمة. أنصح فيه بقوة لأي شخص يدور على مكان مميز.,positive
من أفضل تجاربي مع مطعم المأكولات البحرية. الخدمة فوق الممتاز، اهتمام بالتفاصيل. الترتيب الداخلي جميل جدا ومريح. العصائر كان ذا مستوى راقي جدا. بشكل عام تجربة تستاهل خمس نجوم كاملة.,positive
زرت مطعم الأكل الإيطالي مع العائلة وكانت تجربة تجنن. الخدمة بشكل عام سريعة واحترافية بشكل يجنن. المقبلات سخن وطازج والتقديم مرتب. تقييمي خمسة من خمسة بدون تردد.,positive
زرنا مطعم البرجر أمس ووالله ما توقعنا يكون بهالحلاوة. الحلا كان لذيذ من أول لقمة. السعر تستاهل كل ريال. فخور إني اكتشفت هالمكان.,positive
كنت مع أصحابي في مطعم المشويات وقضينا وقت ولا أحلى. العصائر سخن وطازج والتقديم مرتب. استقبال الموظفين تشكر عليها، تعامل راقي وسريع. بشكل عام تجربة تستاهل خمس نجوم كاملة.,positive
ما شاء الله على مطعم الوجبات السريعة. الوجبة فوق الوصف، نكهات متوازنة وحلوة. الخدمة بشكل عام كانت مثالية من أول ما دخلنا. تجربة ما تنسى، يستاهل كل التقييمات الإيجابية.,positive
ما شاء الله على مطعم المأكولات البحرية. سرعة التقديم كانت راقية جدا والموظفين مبتسمين ومتعاونين. الأكل كان لذيذ من أول لقمة. الأسعار مقارنة بالكمية تستاهل كل ريال. تجربة ما تنسى، يستاهل كل التقييمات الإيجابية.,positive
من أفضل تجاربي مع مطعم الوجبات السريعة. الجو العام أنيق ونظيف بشكل يلفت النظر. العصائر طعمه خرافي ما توقعته بهالجودة. الخدمة بشكل عام كانت مثالية من أول ما دخلنا. مكان يستاهل تجربته أكثر من مرة.,positive
والله مطعم البيتزا فوق الممتاز. الأسعار مقارنة بالكمية معقولة جدا مقارنة بالكمية والجودة. تعامل النادل كانت راقية جدا والموظفين مبتسمين ومتعاونين. ما أكلت الوجبة الرئيسية بهالجودة من زمان. تجربة ما تنسى، يستاهل كل التقييمات الإيجابية.,positive
مطعم الوجبات السريعة فاق كل التوقعات. سرعة التقديم سريعة واحترافية بشكل يجنن. السلطة فوق الوصف، نكهات متوازنة وحلوة. السعر معقولة جدا مقارنة بالكمية والجودة. الأجواء مرتب وله لمسة مميزة. من أفضل المطاعم اللي جربتها هالفترة.,positive
أنصح الكل يجرب المطعم. سرعة التقديم تشكر عليها، تعامل راقي وسريع. الأسعار معقولة جدا مقارنة بالكمية والجودة. الأرز طعمه خرافي ما توقعته بهالجودة. بشكل عام تجربة تستاهل خمس نجوم كاملة.,positive
زرت المطعم اللي جربناه مع العائلة وكانت تجربة تجنن. استقبال الموظفين كانت مثالية من أول ما دخلنا. ما أكلت الحلا بهالجودة من زمان. تجربة ما تنسى، يستاهل كل التقييمات الإيجابية.,positive
ما شاء الله على مطعم الوجبات السريعة. سرعة التقديم كانت راقية جدا والموظفين مبتسمين ومتعاونين. قيمة الفلوس مقابل الأكل مناسبة، ما حسيت إني دفعت زيادة. الأكل طعمه خرافي ما توقعته بهالجودة. الديكور جميل جدا ومريح. تجربة ما تنسى، يستاهل كل التقييمات الإيجابية.,positive
من أفضل تجاربي مع مطعم البرجر. تعامل النادل سريعة واحترافية بشكل يجنن. الأسعار تستاهل كل ريال. ما أكلت الحلا بهالجودة من زمان. بشكل عام تجربة تستاهل خمس نجوم كاملة.,positive
زرت المطعم الجديد مع العائلة وكانت تجربة تجنن. المشاوي كان ذا مستوى راقي جدا. الخدمة سريعة واحترافية بشكل يجنن. الأسعار ممتازة ومناسبة جدا للجودة المقدمة. فخور إني اكتشفت هالمكان.,positive
كنت مع أصحابي في مطعم الفطور وقضينا وقت ولا أحلى. السعر تستاهل كل ريال. الجو العام أنيق ونظيف بشكل يلفت النظر. الخدمة فوق الممتاز، اهتمام بالتفاصيل. المقبلات سخن وطازج والتقديم مرتب. بشكل عام تجربة تستاهل خمس نجوم كاملة.,positive
زرنا الفرع أمس ووالله ما توقعنا يكون بهالحلاوة. الترتيب الداخلي جميل جدا ومريح. الأصناف اللي طلبناها كان ذا مستوى راقي جدا. فخور إني اكتشفت هالمكان.,positive
كنت مع أصحابي في مطعم البرجر وقضينا وقت ولا أحلى. السعر مناسبة، ما حسيت إني دفعت زيادة. تعامل النادل كانت راقية جدا والموظفين مبتسمين ومتعاونين. المشاوي كان لذيذ من أول لقمة. أنصح فيه بقوة لأي شخص يدور على مكان مميز.,positive
والله المطعم الجديد فوق الممتاز. البيتزا سخن وطازج والتقديم مرتب. الديكور جميل جدا ومريح. استقبال الموظفين فوق الممتاز، اهتمام بالتفاصيل. قيمة الفلوس مقابل الأكل تستاهل كل ريال. أكيد راح أرجع مرة ثانية وأكثر.,positive
أنصح الكل يجرب الفرع. الخدمة سريعة واحترافية بشكل يجنن. الأجواء مرتب وله لمسة مميزة. السلطة سخن وطازج والتقديم مرتب. أكيد راح أرجع مرة ثانية وأكثر.,positive
زرت مطعم المشويات مع العائلة وكانت تجربة تجنن. البرجر كان لذيذ من أول لقمة. قيمة الفلوس مقابل الأكل معقولة جدا مقارنة بالكمية والجودة. بشكل عام تجربة تستاهل خمس نجوم كاملة.,positive
ما شاء الله على مطعم الفطور. قيمة الفلوس مقابل الأكل تستاهل كل ريال. السلطة كان لذيذ جدا وطازج. الجو العام أنيق ونظيف بشكل يلفت النظر. أنصح فيه بقوة لأي شخص يدور على مكان مميز.,positive
أنصح الكل يجرب المطعم اللي جربناه. الخدمة سريعة واحترافية بشكل يجنن. الحلا سخن وطازج والتقديم مرتب. تجربة ما تنسى، يستاهل كل التقييمات الإيجابية.,positive
والله المطعم اللي جربناه فوق الممتاز. السعر مناسبة، ما حسيت إني دفعت زيادة. الأكل كان مبهر والكمية كانت مناسبة. الخدمة كانت مثالية من أول ما دخلنا. تجربة ما تنسى، يستاهل كل التقييمات الإيجابية.,positive
زرنا المطعم اللي جربناه أمس ووالله ما توقعنا يكون بهالحلاوة. الخدمة بشكل عام كانت راقية جدا والموظفين مبتسمين ومتعاونين. الأسعار مقارنة بالكمية مناسبة، ما حسيت إني دفعت زيادة. الوجبة كان مبهر والكمية كانت مناسبة. تقييمي خمسة من خمسة بدون تردد.,positive
والله مطعم المأكولات البحرية فوق الممتاز. الأجواء جميل جدا ومريح. الأصناف اللي طلبناها سخن وطازج والتقديم مرتب. بشكل عام تجربة تستاهل خمس نجوم كاملة.,positive
تجربتنا في المطعم اللي جربناه كانت رهيبة. الطعام سخن وطازج والتقديم مرتب. الديكور هادئ ومناسب للعائلة. قيمة الفلوس مقابل الأكل تستاهل كل ريال. تعامل النادل كانت راقية جدا والموظفين مبتسمين ومتعاونين. أكيد راح أرجع مرة ثانية وأكثر.,positive
تجربتنا في مطعم البرجر كانت رهيبة. الجو العام جميل جدا ومريح. الطعام كان ذا مستوى راقي جدا. تعامل النادل تشكر عليها، تعامل راقي وسريع. من أفضل المطاعم اللي جربتها هالفترة.,positive
ما شاء الله على مطعم الوجبات السريعة. السعر مناسبة، ما حسيت إني دفعت زيادة. الأصناف اللي طلبناها كان لذيذ من أول لقمة. مكان يستاهل تجربته أكثر من مرة.,positive
جربنا المطعم أول مرة وصراحة انبهرنا. العصائر كان مبهر والكمية كانت مناسبة. سرعة التقديم تشكر عليها، تعامل راقي وسريع. بشكل عام تجربة تستاهل خمس نجوم كاملة.,positive
ما شاء الله على مطعم البرجر. الأسعار مقارنة بالكمية معقولة جدا مقارنة بالكمية والجودة. الديكور جميل جدا ومريح. السلطة كان لذيذ جدا وطازج. تعامل النادل تشكر عليها، تعامل راقي وسريع. مكان يستاهل تجربته أكثر من مرة.,positive
مطعم الفطور فاق كل التوقعات. الأرز سخن وطازج والتقديم مرتب. بشكل عام تجربة تستاهل خمس نجوم كاملة.,positive
والله المطعم الشعبي فوق الممتاز. الأسعار معقولة جدا مقارنة بالكمية والجودة. سرعة التقديم كانت راقية جدا والموظفين مبتسمين ومتعاونين. الأجواء أنيق ونظيف بشكل يلفت النظر. ما أكلت الطعام بهالجودة من زمان. أكيد راح أرجع مرة ثانية وأكثر.,positive
تجربتنا في مطعم البيتزا كانت رهيبة. الحلا كان لذيذ من أول لقمة. تجربة ما تنسى، يستاهل كل التقييمات الإيجابية.,positive
المطعم اللي جربناه فاق كل التوقعات. الوجبة الرئيسية فوق الوصف، نكهات متوازنة وحلوة. الأسعار مقارنة بالكمية معقولة جدا مقارنة بالكمية والجودة. الخدمة سريعة واحترافية بشكل يجنن. النظافة مرتب وله لمسة مميزة. بشكل عام تجربة تستاهل خمس نجوم كاملة.,positive
من أفضل تجاربي مع المطعم اللي جربناه. ما أكلت المشاوي بهالجودة من زمان. الأجواء أنيق ونظيف بشكل يلفت النظر. قيمة الفلوس مقابل الأكل معقولة جدا مقارنة بالكمية والجودة. فخور إني اكتشفت هالمكان.,positive
والله المطعم الجديد فوق الممتاز. البرجر كان لذيذ من أول لقمة. تعامل النادل تشكر عليها، تعامل راقي وسريع. المكان جميل جدا ومريح. فخور إني اكتشفت هالمكان.,positive
زرنا مطعم البرجر أمس ووالله ما توقعنا يكون بهالحلاوة. قيمة الفلوس مقابل الأكل تستاهل كل ريال. ما أكلت الوجبة الرئيسية بهالجودة من زمان. الخدمة فوق الممتاز، اهتمام بالتفاصيل. فخور إني اكتشفت هالمكان.,positive
والله المطعم الجديد فوق الممتاز. تعامل النادل تشكر عليها، تعامل راقي وسريع. ما أكلت العصائر بهالجودة من زمان. السعر مناسبة، ما حسيت إني دفعت زيادة. مكان يستاهل تجربته أكثر من مرة.,positive
أنصح الكل يجرب مطعم الوجبات السريعة. العصائر كان ذا مستوى راقي جدا. سرعة التقديم فوق الممتاز، اهتمام بالتفاصيل. الأسعار مناسبة، ما حسيت إني دفعت زيادة. تقييمي خمسة من خمسة بدون تردد.,positive
زرت المطعم مع العائلة وكانت تجربة تجنن. السعر مناسبة، ما حسيت إني دفعت زيادة. استقبال الموظفين سريعة واحترافية بشكل يجنن. العصائر كان لذيذ من أول لقمة. تقييمي خمسة من خمسة بدون تردد.,positive
ما شاء الله على مطعم الوجبات السريعة. الحلا كان لذيذ جدا وطازج. تعامل النادل فوق الممتاز، اهتمام بالتفاصيل. الأسعار مقارنة بالكمية مناسبة، ما حسيت إني دفعت زيادة. الديكور مرتب وله لمسة مميزة. مكان يستاهل تجربته أكثر من مرة.,positive
والله مطعم البيتزا فوق الممتاز. الخدمة كانت راقية جدا والموظفين مبتسمين ومتعاونين. المشاوي طعمه خرافي ما توقعته بهالجودة. الأسعار مقارنة بالكمية مناسبة، ما حسيت إني دفعت زيادة. من أفضل المطاعم اللي جربتها هالفترة.,positive
مطعم المشويات فاق كل التوقعات. استقبال الموظفين كانت راقية جدا والموظفين مبتسمين ومتعاونين. الأرز كان مبهر والكمية كانت مناسبة. الأجواء جميل جدا ومريح. السعر معقولة جدا مقارنة بالكمية والجودة. أكيد راح أرجع مرة ثانية وأكثر.,positive
زرنا مطعم الأكل الإيطالي أمس ووالله ما توقعنا يكون بهالحلاوة. السعر تستاهل كل ريال. الترتيب الداخلي جميل جدا ومريح. سرعة التقديم سريعة واحترافية بشكل يجنن. البرجر سخن وطازج والتقديم مرتب. مكان يستاهل تجربته أكثر من مرة.,positive
من أفضل تجاربي مع المطعم. الأسعار مقارنة بالكمية ممتازة ومناسبة جدا للجودة المقدمة. العصائر كان لذيذ جدا وطازج. من أفضل المطاعم اللي جربتها هالفترة.,positive
من أفضل تجاربي مع الفرع. الخدمة بشكل عام كانت مثالية من أول ما دخلنا. الترتيب الداخلي جميل جدا ومريح. الأرز كان لذيذ من أول لقمة. أكيد راح أرجع مرة ثانية وأكثر.,positive
ما شاء الله على الفرع. السعر تستاهل كل ريال. الأجواء أنيق ونظيف بشكل يلفت النظر. استقبال الموظفين تشكر عليها، تعامل راقي وسريع. السلطة كان لذيذ جدا وطازج. أكيد راح أرجع مرة ثانية وأكثر.,positive
والله مطعم البرجر فوق الممتاز. السعر ممتازة ومناسبة جدا للجودة المقدمة. المكان أنيق ونظيف بشكل يلفت النظر. الأصناف اللي طلبناها فوق الوصف، نكهات متوازنة وحلوة. بشكل عام تجربة تستاهل خمس نجوم كاملة.,positive
أنصح الكل يجرب الفرع. المكان جميل جدا ومريح. تعامل النادل فوق الممتاز، اهتمام بالتفاصيل. الحلا سخن وطازج والتقديم مرتب. من أفضل المطاعم اللي جربتها هالفترة.,positive
جربنا مطعم المشويات أول مرة وصراحة انبهرنا. البرجر طعمه خرافي ما توقعته بهالجودة. السعر ممتازة ومناسبة جدا للجودة المقدمة. استقبال الموظفين فوق الممتاز، اهتمام بالتفاصيل. تقييمي خمسة من خمسة بدون تردد.,positive
ما شاء الله على المكان. المشاوي طعمه خرافي ما توقعته بهالجودة. السعر معقولة جدا مقارنة بالكمية والجودة. من أفضل المطاعم اللي جربتها هالفترة.,positive
والله مطعم البيتزا فوق الممتاز. سرعة التقديم فوق الممتاز، اهتمام بالتفاصيل. النظافة أنيق ونظيف بشكل يلفت النظر. البرجر سخن وطازج والتقديم مرتب. تجربة ما تنسى، يستاهل كل التقييمات الإيجابية.,positive
جربنا الكافيه أول مرة وصراحة انبهرنا. العصائر كان لذيذ من أول لقمة. النظافة أنيق ونظيف بشكل يلفت النظر. تعامل النادل سريعة واحترافية بشكل يجنن. من أفضل المطاعم اللي جربتها هالفترة.,positive
أنصح الكل يجرب المطعم اللي جربناه. تعامل النادل كانت مثالية من أول ما دخلنا. الأرز كان مبهر والكمية كانت مناسبة. الأجواء جميل جدا ومريح. تجربة ما تنسى، يستاهل كل التقييمات الإيجابية.,positive
مطعم المأكولات البحرية فاق كل التوقعات. استقبال الموظفين كانت مثالية من أول ما دخلنا. العصائر كان لذيذ من أول لقمة. تقييمي خمسة من خمسة بدون تردد.,positive
كنت مع أصحابي في المطعم اللي جربناه وقضينا وقت ولا أحلى. المقبلات سخن وطازج والتقديم مرتب. الأجواء هادئ ومناسب للعائلة. الخدمة فوق الممتاز، اهتمام بالتفاصيل. الأسعار معقولة جدا مقارنة بالكمية والجودة. فخور إني اكتشفت هالمكان.,positive
والله مطعم الفطور فوق الممتاز. الديكور هادئ ومناسب للعائلة. تعامل النادل فوق الممتاز، اهتمام بالتفاصيل. المقبلات كان مبهر والكمية كانت مناسبة. تقييمي خمسة من خمسة بدون تردد.,positive
زرت مطعم الأكل الإيطالي مع العائلة وكانت تجربة تجنن. الأسعار مقارنة بالكمية تستاهل كل ريال. الطعام فوق الوصف، نكهات متوازنة وحلوة. المكان مرتب وله لمسة مميزة. تعامل النادل كانت راقية جدا والموظفين مبتسمين ومتعاونين. تجربة ما تنسى، يستاهل كل التقييمات الإيجابية.,positive
أنصح الكل يجرب مطعم الأكل الإيطالي. المقبلات سخن وطازج والتقديم مرتب. بشكل عام تجربة تستاهل خمس نجوم كاملة.,positive
المكان فاق كل التوقعات. الأجواء مرتب وله لمسة مميزة. العصائر كان لذيذ جدا وطازج. تقييمي خمسة من خمسة بدون تردد.,positive
مطعم المأكولات البحرية فاق كل التوقعات. استقبال الموظفين كانت راقية جدا والموظفين مبتسمين ومتعاونين. الطعام فوق الوصف، نكهات متوازنة وحلوة. السعر مناسبة، ما حسيت إني دفعت زيادة. الترتيب الداخلي مرتب وله لمسة مميزة. من أفضل المطاعم اللي جربتها هالفترة.,positive
جربنا مطعم المشويات أول مرة وصراحة انبهرنا. المقبلات كان لذيذ جدا وطازج. أنصح فيه بقوة لأي شخص يدور على مكان مميز.,positive
والله الكافيه فوق الممتاز. تعامل النادل كانت مثالية من أول ما دخلنا. الأسعار مقارنة بالكمية معقولة جدا مقارنة بالكمية والجودة. الوجبة كان لذيذ من أول لقمة. الديكور هادئ ومناسب للعائلة. بشكل عام تجربة تستاهل خمس نجوم كاملة.,positive
كنت مع أصحابي في الكافيه وقضينا وقت ولا أحلى. استقبال الموظفين سريعة واحترافية بشكل يجنن. قيمة الفلوس مقابل الأكل تستاهل كل ريال. الوجبة الرئيسية سخن وطازج والتقديم مرتب. الترتيب الداخلي جميل جدا ومريح. فخور إني اكتشفت هالمكان.,positive
زرت مطعم الوجبات السريعة مع العائلة وكانت تجربة تجنن. المكان جميل جدا ومريح. العصائر كان لذيذ جدا وطازج. استقبال الموظفين سريعة واحترافية بشكل يجنن. قيمة الفلوس مقابل الأكل معقولة جدا مقارنة بالكمية والجودة. أنصح فيه بقوة لأي شخص يدور على مكان مميز.,positive
زرنا مطعم البرجر أمس ووالله ما توقعنا يكون بهالحلاوة. استقبال الموظفين كانت مثالية من أول ما دخلنا. الأرز طعمه خرافي ما توقعته بهالجودة. تقييمي خمسة من خمسة بدون تردد.,positive
أنصح الكل يجرب مطعم المأكولات البحرية. ما أكلت الحلا بهالجودة من زمان. سرعة التقديم تشكر عليها، تعامل راقي وسريع. الأسعار معقولة جدا مقارنة بالكمية والجودة. تجربة ما تنسى، يستاهل كل التقييمات الإيجابية.,positive
والله مطعم الأكل الإيطالي فوق الممتاز. الخدمة سريعة واحترافية بشكل يجنن. الأصناف اللي طلبناها كان لذيذ جدا وطازج. قيمة الفلوس مقابل الأكل تستاهل كل ريال. أكيد راح أرجع مرة ثانية وأكثر.,positive
زرنا مطعم الفطور أمس ووالله ما توقعنا يكون بهالحلاوة. الأسعار مقارنة بالكمية معقولة جدا مقارنة بالكمية والجودة. الوجبة الرئيسية كان مبهر والكمية كانت مناسبة. سرعة التقديم فوق الممتاز، اهتمام بالتفاصيل. بشكل عام تجربة تستاهل خمس نجوم كاملة.,positive
جربنا المطعم أول مرة وصراحة انبهرنا. الخدمة بشكل عام سريعة واحترافية بشكل يجنن. الطعام كان ذا مستوى راقي جدا. أنصح فيه بقوة لأي شخص يدور على مكان مميز.,positive
ما شاء الله على مطعم المأكولات البحرية. الأصناف اللي طلبناها طعمه خرافي ما توقعته بهالجودة. النظافة أنيق ونظيف بشكل يلفت النظر. بشكل عام تجربة تستاهل خمس نجوم كاملة.,positive
زرت المطعم مع العائلة وكانت تجربة تجنن. الخدمة بشكل عام تشكر عليها، تعامل راقي وسريع. الحلا طعمه خرافي ما توقعته بهالجودة. فخور إني اكتشفت هالمكان.,positive
زرت المطعم مع العائلة وكانت تجربة تجنن. المقبلات كان لذيذ جدا وطازج. تعامل النادل تشكر عليها، تعامل راقي وسريع. أكيد راح أرجع مرة ثانية وأكثر.,positive
من أفضل تجاربي مع الكافيه. المشاوي كان لذيذ من أول لقمة. بشكل عام تجربة تستاهل خمس نجوم كاملة.,positive
مطعم المأكولات البحرية فاق كل التوقعات. الأسعار مقارنة بالكمية تستاهل كل ريال. ما أكلت المقبلات بهالجودة من زمان. الأجواء مرتب وله لمسة مميزة. من أفضل المطاعم اللي جربتها هالفترة.,positive
المطعم اللي جربناه فاق كل التوقعات. المقبلات كان مبهر والكمية كانت مناسبة. الأسعار تستاهل كل ريال. استقبال الموظفين كانت مثالية من أول ما دخلنا. أكيد راح أرجع مرة ثانية وأكثر.,positive
زرت المطعم اللي جربناه مع العائلة وكانت تجربة تجنن. تعامل النادل فوق الممتاز، اهتمام بالتفاصيل. الديكور هادئ ومناسب للعائلة. الوجبة طعمه خرافي ما توقعته بهالجودة. أكيد راح أرجع مرة ثانية وأكثر.,positive
من أفضل تجاربي مع مطعم الوجبات السريعة. السعر مناسبة، ما حسيت إني دفعت زيادة. الخدمة تشكر عليها، تعامل راقي وسريع. البيتزا طعمه خرافي ما توقعته بهالجودة. أكيد راح أرجع مرة ثانية وأكثر.,positive
جربنا الفرع أول مرة وصراحة انبهرنا. المشاوي كان لذيذ جدا وطازج. الخدمة بشكل عام كانت راقية جدا والموظفين مبتسمين ومتعاونين. تجربة ما تنسى، يستاهل كل التقييمات الإيجابية.,positive
المكان فاق كل التوقعات. تعامل النادل فوق الممتاز، اهتمام بالتفاصيل. الوجبة الرئيسية فوق الوصف، نكهات متوازنة وحلوة. السعر معقولة جدا مقارنة بالكمية والجودة. تجربة ما تنسى، يستاهل كل التقييمات الإيجابية.,positive
أنصح الكل يجرب المكان. سرعة التقديم فوق الممتاز، اهتمام بالتفاصيل. الأسعار مقارنة بالكمية معقولة جدا مقارنة بالكمية والجودة. الأصناف اللي طلبناها كان لذيذ جدا وطازج. من أفضل المطاعم اللي جربتها هالفترة.,positive
المطعم الجديد فاق كل التوقعات. تعامل النادل كانت راقية جدا والموظفين مبتسمين ومتعاونين. السعر ممتازة ومناسبة جدا للجودة المقدمة. المشاوي كان ذا مستوى راقي جدا. تجربة ما تنسى، يستاهل كل التقييمات الإيجابية.,positive
زرت مطعم الوجبات السريعة مع العائلة وكانت تجربة تجنن. المقبلات سخن وطازج والتقديم مرتب. قيمة الفلوس مقابل الأكل معقولة جدا مقارنة بالكمية والجودة. فخور إني اكتشفت هالمكان.,positive
مطعم الوجبات السريعة فاق كل التوقعات. الخدمة سريعة واحترافية بشكل يجنن. ما أكلت الأكل بهالجودة من زمان. الديكور أنيق ونظيف بشكل يلفت النظر. تقييمي خمسة من خمسة بدون تردد.,positive
مطعم البرجر فاق كل التوقعات. السلطة كان لذيذ جدا وطازج. الديكور هادئ ومناسب للعائلة. تعامل النادل فوق الممتاز، اهتمام بالتفاصيل. تقييمي خمسة من خمسة بدون تردد.,positive
جربنا المطعم أول مرة وصراحة انبهرنا. السعر تستاهل كل ريال. الخدمة بشكل عام تشكر عليها، تعامل راقي وسريع. المشاوي كان لذيذ جدا وطازج. مكان يستاهل تجربته أكثر من مرة.,positive
المطعم الجديد فاق كل التوقعات. الطعام كان لذيذ من أول لقمة. الأسعار مقارنة بالكمية ممتازة ومناسبة جدا للجودة المقدمة. أكيد راح أرجع مرة ثانية وأكثر.,positive
تجربتنا في مطعم البرجر كانت رهيبة. قيمة الفلوس مقابل الأكل معقولة جدا مقارنة بالكمية والجودة. العصائر سخن وطازج والتقديم مرتب. تقييمي خمسة من خمسة بدون تردد.,positive
كنت مع أصحابي في مطعم الوجبات السريعة وقضينا وقت ولا أحلى. السلطة كان مبهر والكمية كانت مناسبة. من أفضل المطاعم اللي جربتها هالفترة.,positive
جربنا مطعم الفطور أول مرة وصراحة انبهرنا. الأصناف اللي طلبناها كان لذيذ جدا وطازج. الديكور هادئ ومناسب للعائلة. أنصح فيه بقوة لأي شخص يدور على مكان مميز.,positive
زرت المطعم الشعبي مع العائلة وكانت تجربة تجنن. تعامل النادل تشكر عليها، تعامل راقي وسريع. الطعام سخن وطازج والتقديم مرتب. من أفضل المطاعم اللي جربتها هالفترة.,positive
المطعم الشعبي فاق كل التوقعات. قيمة الفلوس مقابل الأكل مناسبة، ما حسيت إني دفعت زيادة. الطعام كان مبهر والكمية كانت مناسبة. فخور إني اكتشفت هالمكان.,positive
والله مطعم البرجر فوق الممتاز. الأجواء هادئ ومناسب للعائلة. الوجبة كان لذيذ من أول لقمة. سرعة التقديم سريعة واحترافية بشكل يجنن. تجربة ما تنسى، يستاهل كل التقييمات الإيجابية.,positive
والله مطعم الوجبات السريعة فوق الممتاز. الخدمة كانت راقية جدا والموظفين مبتسمين ومتعاونين. قيمة الفلوس مقابل الأكل معقولة جدا مقارنة بالكمية والجودة. السلطة كان لذيذ من أول لقمة. تجربة ما تنسى، يستاهل كل التقييمات الإيجابية.,positive
جربنا الكافيه أول مرة وصراحة انبهرنا. الخدمة كانت راقية جدا والموظفين مبتسمين ومتعاونين. المكان مرتب وله لمسة مميزة. المقبلات كان مبهر والكمية كانت مناسبة. مكان يستاهل تجربته أكثر من مرة.,positive
مطعم الفطور فاق كل التوقعات. ما أكلت الأكل بهالجودة من زمان. الخدمة كانت مثالية من أول ما دخلنا. النظافة مرتب وله لمسة مميزة. بشكل عام تجربة تستاهل خمس نجوم كاملة.,positive
والله مطعم المشويات فوق الممتاز. الحلا كان لذيذ من أول لقمة. المكان مرتب وله لمسة مميزة. سرعة التقديم تشكر عليها، تعامل راقي وسريع. أنصح فيه بقوة لأي شخص يدور على مكان مميز.,positive
مطعم الأكل الإيطالي فاق كل التوقعات. الحلا سخن وطازج والتقديم مرتب. الخدمة بشكل عام كانت مثالية من أول ما دخلنا. فخور إني اكتشفت هالمكان.,positive
زرت الكافيه مع العائلة وكانت تجربة تجنن. البرجر كان لذيذ جدا وطازج. سرعة التقديم كانت راقية جدا والموظفين مبتسمين ومتعاونين. أنصح فيه بقوة لأي شخص يدور على مكان مميز.,positive
مطعم الأكل الإيطالي فاق كل التوقعات. المكان مرتب وله لمسة مميزة. الأسعار تستاهل كل ريال. الأصناف اللي طلبناها كان لذيذ من أول لقمة. استقبال الموظفين تشكر عليها، تعامل راقي وسريع. بشكل عام تجربة تستاهل خمس نجوم كاملة.,positive
جربنا مطعم البرجر أول مرة وصراحة انبهرنا. السعر تستاهل كل ريال. النظافة جميل جدا ومريح. العصائر كان مبهر والكمية كانت مناسبة. أكيد راح أرجع مرة ثانية وأكثر.,positive
جربنا مطعم الفطور أول مرة وصراحة انبهرنا. استقبال الموظفين كانت مثالية من أول ما دخلنا. ما أكلت المقبلات بهالجودة من زمان. بشكل عام تجربة تستاهل خمس نجوم كاملة.,positive
جربنا المطعم الجديد أول مرة وصراحة انبهرنا. سرعة التقديم كانت مثالية من أول ما دخلنا. الديكور هادئ ومناسب للعائلة. الأكل كان مبهر والكمية كانت مناسبة. فخور إني اكتشفت هالمكان.,positive
زرت مطعم الوجبات السريعة مع العائلة وكانت تجربة تجنن. العصائر طعمه خرافي ما توقعته بهالجودة. سرعة التقديم كانت مثالية من أول ما دخلنا. الجو العام مرتب وله لمسة مميزة. من أفضل المطاعم اللي جربتها هالفترة.,positive
أنصح الكل يجرب المطعم الشعبي. تعامل النادل سريعة واحترافية بشكل يجنن. المكان جميل جدا ومريح. الأكل كان لذيذ من أول لقمة. بشكل عام تجربة تستاهل خمس نجوم كاملة.,positive
زرنا الفرع أمس ووالله ما توقعنا يكون بهالحلاوة. تعامل النادل كانت راقية جدا والموظفين مبتسمين ومتعاونين. الأسعار مقارنة بالكمية مناسبة، ما حسيت إني دفعت زيادة. البرجر كان ذا مستوى راقي جدا. من أفضل المطاعم اللي جربتها هالفترة.,positive
من أفضل تجاربي مع مطعم الفطور. الخدمة كانت راقية جدا والموظفين مبتسمين ومتعاونين. الديكور مرتب وله لمسة مميزة. المقبلات فوق الوصف، نكهات متوازنة وحلوة. أكيد راح أرجع مرة ثانية وأكثر.,positive
زرنا مطعم البيتزا أمس ووالله ما توقعنا يكون بهالحلاوة. الخدمة بشكل عام سريعة واحترافية بشكل يجنن. الوجبة فوق الوصف، نكهات متوازنة وحلوة. تقييمي خمسة من خمسة بدون تردد.,positive
جربنا مطعم الوجبات السريعة أول مرة وصراحة انبهرنا. الديكور جميل جدا ومريح. الأرز طعمه خرافي ما توقعته بهالجودة. الأسعار مقارنة بالكمية معقولة جدا مقارنة بالكمية والجودة. الخدمة سريعة واحترافية بشكل يجنن. مكان يستاهل تجربته أكثر من مرة.,positive
كنت مع أصحابي في مطعم الفطور وقضينا وقت ولا أحلى. السلطة كان لذيذ جدا وطازج. سرعة التقديم تشكر عليها، تعامل راقي وسريع. الأسعار مقارنة بالكمية معقولة جدا مقارنة بالكمية والجودة. مكان يستاهل تجربته أكثر من مرة.,positive
زرنا مطعم المشويات أمس ووالله ما توقعنا يكون بهالحلاوة. الخدمة بشكل عام كانت مثالية من أول ما دخلنا. ما أكلت المشاوي بهالجودة من زمان. من أفضل المطاعم اللي جربتها هالفترة.,positive
جربنا المطعم الشعبي أول مرة وصراحة انبهرنا. سرعة التقديم تشكر عليها، تعامل راقي وسريع. السلطة طعمه خرافي ما توقعته بهالجودة. مكان يستاهل تجربته أكثر من مرة.,positive
كنت مع أصحابي في مطعم المأكولات البحرية وقضينا وقت ولا أحلى. السلطة كان ذا مستوى راقي جدا. السعر مناسبة، ما حسيت إني دفعت زيادة. من أفضل المطاعم اللي جربتها هالفترة.,positive
تجربتنا في مطعم الوجبات السريعة كانت رهيبة. ما أكلت المقبلات بهالجودة من زمان. الأسعار مقارنة بالكمية معقولة جدا مقارنة بالكمية والجودة. الترتيب الداخلي أنيق ونظيف بشكل يلفت النظر. تجربة ما تنسى، يستاهل كل التقييمات الإيجابية.,positive
جربنا مطعم الوجبات السريعة أول مرة وصراحة انبهرنا. السعر تستاهل كل ريال. الأرز كان لذيذ من أول لقمة. سرعة التقديم تشكر عليها، تعامل راقي وسريع. أنصح فيه بقوة لأي شخص يدور على مكان مميز.,positive
والله الفرع فوق الممتاز. قيمة الفلوس مقابل الأكل تستاهل كل ريال. المقبلات كان مبهر والكمية كانت مناسبة. استقبال الموظفين كانت مثالية من أول ما دخلنا. تقييمي خمسة من خمسة بدون تردد.,positive
تجربتنا في مطعم البرجر كانت رهيبة. الخدمة بشكل عام كانت مثالية من أول ما دخلنا. المقبلات سخن وطازج والتقديم مرتب. النظافة هادئ ومناسب للعائلة. أنصح فيه بقوة لأي شخص يدور على مكان مميز.,positive
من أفضل تجاربي مع المطعم. النظافة أنيق ونظيف بشكل يلفت النظر. تعامل النادل تشكر عليها، تعامل راقي وسريع. الأسعار مقارنة بالكمية مناسبة، ما حسيت إني دفعت زيادة. المقبلات فوق الوصف، نكهات متوازنة وحلوة. بشكل عام تجربة تستاهل خمس نجوم كاملة.,positive
زرت المطعم الشعبي مع العائلة وكانت تجربة تجنن. سرعة التقديم كانت مثالية من أول ما دخلنا. الأسعار مقارنة بالكمية مناسبة، ما حسيت إني دفعت زيادة. الوجبة فوق الوصف، نكهات متوازنة وحلوة. مكان يستاهل تجربته أكثر من مرة.,positive
أنصح الكل يجرب مطعم الفطور. المكان مرتب وله لمسة مميزة. ما أكلت البرجر بهالجودة من زمان. الخدمة بشكل عام فوق الممتاز، اهتمام بالتفاصيل. مكان يستاهل تجربته أكثر من مرة.,positive
مطعم الوجبات السريعة فاق كل التوقعات. الحلا كان مبهر والكمية كانت مناسبة. قيمة الفلوس مقابل الأكل ممتازة ومناسبة جدا للجودة المقدمة. تعامل النادل سريعة واحترافية بشكل يجنن. الترتيب الداخلي هادئ ومناسب للعائلة. فخور إني اكتشفت هالمكان.,positive
مطعم الأكل الإيطالي فاق كل التوقعات. الأجواء هادئ ومناسب للعائلة. العصائر كان ذا مستوى راقي جدا. أكيد راح أرجع مرة ثانية وأكثر.,positive
والله مطعم البيتزا فوق الممتاز. البيتزا فوق الوصف، نكهات متوازنة وحلوة. قيمة الفلوس مقابل الأكل معقولة جدا مقارنة بالكمية والجودة. استقبال الموظفين كانت مثالية من أول ما دخلنا. أكيد راح أرجع مرة ثانية وأكثر.,positive
أنصح الكل يجرب المكان. الأسعار ممتازة ومناسبة جدا للجودة المقدمة. الخدمة سريعة واحترافية بشكل يجنن. الأصناف اللي طلبناها طعمه خرافي ما توقعته بهالجودة. فخور إني اكتشفت هالمكان.,positive
زرنا مطعم الوجبات السريعة أمس ووالله ما توقعنا يكون بهالحلاوة. الخدمة بشكل عام سريعة واحترافية بشكل يجنن. السعر تستاهل كل ريال. ما أكلت الأكل بهالجودة من زمان. تجربة ما تنسى، يستاهل كل التقييمات الإيجابية.,positive
زرت الكافيه مع العائلة وكانت تجربة تجنن. البرجر سخن وطازج والتقديم مرتب. الخدمة تشكر عليها، تعامل راقي وسريع. تجربة ما تنسى، يستاهل كل التقييمات الإيجابية.,positive
جربنا المطعم اللي جربناه أول مرة وصراحة انبهرنا. البيتزا كان لذيذ من أول لقمة. استقبال الموظفين تشكر عليها، تعامل راقي وسريع. أنصح فيه بقوة لأي شخص يدور على مكان مميز.,positive
من أفضل تجاربي مع مطعم البرجر. قيمة الفلوس مقابل الأكل مناسبة، ما حسيت إني دفعت زيادة. العصائر كان لذيذ جدا وطازج. سرعة التقديم كانت راقية جدا والموظفين مبتسمين ومتعاونين. تجربة ما تنسى، يستاهل كل التقييمات الإيجابية.,positive
جربنا المطعم اللي جربناه أول مرة وصراحة انبهرنا. استقبال الموظفين كانت مثالية من أول ما دخلنا. الأسعار مقارنة بالكمية تستاهل كل ريال. الديكور هادئ ومناسب للعائلة. العصائر كان ذا مستوى راقي جدا. أكيد راح أرجع مرة ثانية وأكثر.,positive
من أفضل تجاربي مع مطعم الوجبات السريعة. استقبال الموظفين فوق الممتاز، اهتمام بالتفاصيل. الحلا كان لذيذ من أول لقمة. أنصح فيه بقوة لأي شخص يدور على مكان مميز.,positive
تجربتنا في مطعم الفطور كانت رهيبة. الوجبة الرئيسية فوق الوصف، نكهات متوازنة وحلوة. الأسعار معقولة جدا مقارنة بالكمية والجودة. تعامل النادل كانت راقية جدا والموظفين مبتسمين ومتعاونين. أنصح فيه بقوة لأي شخص يدور على مكان مميز.,positive
أنصح الكل يجرب مطعم الوجبات السريعة. تعامل النادل تشكر عليها، تعامل راقي وسريع. الأكل سخن وطازج والتقديم مرتب. تجربة ما تنسى، يستاهل كل التقييمات الإيجابية.,positive
جربنا المطعم الجديد أول مرة وصراحة انبهرنا. قيمة الفلوس مقابل الأكل تستاهل كل ريال. ما أكلت المشاوي بهالجودة من زمان. أكيد راح أرجع مرة ثانية وأكثر.,positive
كنت مع أصحابي في المطعم اللي جربناه وقضينا وقت ولا أحلى. تعامل النادل فوق الممتاز، اهتمام بالتفاصيل. ما أكلت الأرز بهالجودة من زمان. قيمة الفلوس مقابل الأكل تستاهل كل ريال. تجربة ما تنسى، يستاهل كل التقييمات الإيجابية.,positive
جربنا مطعم البيتزا أول مرة وصراحة انبهرنا. المكان هادئ ومناسب للعائلة. الخدمة فوق الممتاز، اهتمام بالتفاصيل. المشاوي كان ذا مستوى راقي جدا. السعر ممتازة ومناسبة جدا للجودة المقدمة. بشكل عام تجربة تستاهل خمس نجوم كاملة.,positive
جربنا المطعم الشعبي أول مرة وصراحة انبهرنا. الحلا كان لذيذ من أول لقمة. الخدمة كانت راقية جدا والموظفين مبتسمين ومتعاونين. الجو العام أنيق ونظيف بشكل يلفت النظر. الأسعار معقولة جدا مقارنة بالكمية والجودة. أنصح فيه بقوة لأي شخص يدور على مكان مميز.,positive
من أفضل تجاربي مع المكان. الأسعار تستاهل كل ريال. العصائر كان ذا مستوى راقي جدا. سرعة التقديم تشكر عليها، تعامل راقي وسريع. بشكل عام تجربة تستاهل خمس نجوم كاملة.,positive
زرنا المطعم أمس ووالله ما توقعنا يكون بهالحلاوة. النظافة جميل جدا ومريح. الخدمة بشكل عام فوق الممتاز، اهتمام بالتفاصيل. ما أكلت السلطة بهالجودة من زمان. الأسعار تستاهل كل ريال. تجربة ما تنسى، يستاهل كل التقييمات الإيجابية.,positive
تجربتنا في الفرع كانت رهيبة. الديكور أنيق ونظيف بشكل يلفت النظر. الخدمة تشكر عليها، تعامل راقي وسريع. الأسعار معقولة جدا مقارنة بالكمية والجودة. البرجر كان لذيذ من أول لقمة. تقييمي خمسة من خمسة بدون تردد.,positive
جربنا المطعم اللي جربناه أول مرة وصراحة انبهرنا. قيمة الفلوس مقابل الأكل ممتازة ومناسبة جدا للجودة المقدمة. البرجر فوق الوصف، نكهات متوازنة وحلوة. الديكور أنيق ونظيف بشكل يلفت النظر. أكيد راح أرجع مرة ثانية وأكثر.,positive
ما شاء الله على مطعم الفطور. المكان أنيق ونظيف بشكل يلفت النظر. الأسعار مقارنة بالكمية ممتازة ومناسبة جدا للجودة المقدمة. ما أكلت الوجبة بهالجودة من زمان. تعامل النادل كانت راقية جدا والموظفين مبتسمين ومتعاونين. من أفضل المطاعم اللي جربتها هالفترة.,positive
جربنا المكان أول مرة وصراحة انبهرنا. سرعة التقديم فوق الممتاز، اهتمام بالتفاصيل. الأسعار مناسبة، ما حسيت إني دفعت زيادة. الحلا كان لذيذ من أول لقمة. تقييمي خمسة من خمسة بدون تردد.,positive
جربنا مطعم المشويات أول مرة وصراحة انبهرنا. استقبال الموظفين سريعة واحترافية بشكل يجنن. الأسعار معقولة جدا مقارنة بالكمية والجودة. العصائر كان لذيذ من أول لقمة. من أفضل المطاعم اللي جربتها هالفترة.,positive
والله مطعم الأكل الإيطالي فوق الممتاز. الخدمة فوق الممتاز، اهتمام بالتفاصيل. المشاوي كان ذا مستوى راقي جدا. من أفضل المطاعم اللي جربتها هالفترة.,positive
تجربتنا في مطعم الوجبات السريعة كانت رهيبة. الخدمة كانت مثالية من أول ما دخلنا. المقبلات كان مبهر والكمية كانت مناسبة. تجربة ما تنسى، يستاهل كل التقييمات الإيجابية.,positive
أنصح الكل يجرب مطعم الوجبات السريعة. الترتيب الداخلي مرتب وله لمسة مميزة. الأسعار ممتازة ومناسبة جدا للجودة المقدمة. الوجبة الرئيسية كان لذيذ من أول لقمة. سرعة التقديم تشكر عليها، تعامل راقي وسريع. فخور إني اكتشفت هالمكان.,positive
ما شاء الله على الكافيه. الأصناف اللي طلبناها كان مبهر والكمية كانت مناسبة. استقبال الموظفين كانت مثالية من أول ما دخلنا. النظافة مرتب وله لمسة مميزة. تجربة ما تنسى، يستاهل كل التقييمات الإيجابية.,positive
أنصح الكل يجرب المطعم. الأسعار معقولة جدا مقارنة بالكمية والجودة. استقبال الموظفين فوق الممتاز، اهتمام بالتفاصيل. ما أكلت البرجر بهالجودة من زمان. مكان يستاهل تجربته أكثر من مرة.,positive
كنت مع أصحابي في مطعم الوجبات السريعة وقضينا وقت ولا أحلى. الأسعار مناسبة، ما حسيت إني دفعت زيادة. الجو العام أنيق ونظيف بشكل يلفت النظر. الأرز طعمه خرافي ما توقعته بهالجودة. بشكل عام تجربة تستاهل خمس نجوم كاملة.,positive
زرنا مطعم المشويات أمس ووالله ما توقعنا يكون بهالحلاوة. الوجبة كان مبهر والكمية كانت مناسبة. استقبال الموظفين فوق الممتاز، اهتمام بالتفاصيل. تجربة ما تنسى، يستاهل كل التقييمات الإيجابية.,positive
ما شاء الله على مطعم البيتزا. الخدمة بشكل عام سريعة واحترافية بشكل يجنن. المشاوي كان لذيذ جدا وطازج. الديكور مرتب وله لمسة مميزة. قيمة الفلوس مقابل الأكل تستاهل كل ريال. مكان يستاهل تجربته أكثر من مرة.,positive
من أفضل تجاربي مع الفرع. سرعة التقديم فوق الممتاز، اهتمام بالتفاصيل. العصائر كان مبهر والكمية كانت مناسبة. السعر مناسبة، ما حسيت إني دفعت زيادة. فخور إني اكتشفت هالمكان.,positive
تجربتنا في مطعم البيتزا كانت رهيبة. ما أكلت المشاوي بهالجودة من زمان. الخدمة تشكر عليها، تعامل راقي وسريع. بشكل عام تجربة تستاهل خمس نجوم كاملة.,positive
زرنا مطعم البرجر أمس ووالله ما توقعنا يكون بهالحلاوة. الأسعار مناسبة، ما حسيت إني دفعت زيادة. الأرز فوق الوصف، نكهات متوازنة وحلوة. الجو العام مرتب وله لمسة مميزة. تعامل النادل تشكر عليها، تعامل راقي وسريع. مكان يستاهل تجربته أكثر من مرة.,positive
كنت مع أصحابي في الكافيه وقضينا وقت ولا أحلى. السعر ممتازة ومناسبة جدا للجودة المقدمة. البيتزا سخن وطازج والتقديم مرتب. الخدمة تشكر عليها، تعامل راقي وسريع. من أفضل المطاعم اللي جربتها هالفترة.,positive
من أفضل تجاربي مع الكافيه. قيمة الفلوس مقابل الأكل مناسبة، ما حسيت إني دفعت زيادة. العصائر كان لذيذ من أول لقمة. الخدمة كانت راقية جدا والموظفين مبتسمين ومتعاونين. تجربة ما تنسى، يستاهل كل التقييمات الإيجابية.,positive
ما شاء الله على المطعم الجديد. الأرز طعمه خرافي ما توقعته بهالجودة. الأسعار مقارنة بالكمية مناسبة، ما حسيت إني دفعت زيادة. تعامل النادل فوق الممتاز، اهتمام بالتفاصيل. أكيد راح أرجع مرة ثانية وأكثر.,positive
زرنا المطعم اللي جربناه أمس ووالله ما توقعنا يكون بهالحلاوة. الترتيب الداخلي هادئ ومناسب للعائلة. استقبال الموظفين فوق الممتاز، اهتمام بالتفاصيل. الحلا كان مبهر والكمية كانت مناسبة. مكان يستاهل تجربته أكثر من مرة.,positive
تجربتنا في مطعم البرجر كانت رهيبة. استقبال الموظفين كانت راقية جدا والموظفين مبتسمين ومتعاونين. الترتيب الداخلي مرتب وله لمسة مميزة. الوجبة الرئيسية سخن وطازج والتقديم مرتب. الأسعار مقارنة بالكمية معقولة جدا مقارنة بالكمية والجودة. أكيد راح أرجع مرة ثانية وأكثر.,positive
زرنا مطعم الفطور أمس ووالله ما توقعنا يكون بهالحلاوة. الحلا كان لذيذ من أول لقمة. مكان يستاهل تجربته أكثر من مرة.,positive
أنصح الكل يجرب مطعم المشويات. العصائر كان مبهر والكمية كانت مناسبة. سرعة التقديم سريعة واحترافية بشكل يجنن. النظافة هادئ ومناسب للعائلة. أنصح فيه بقوة لأي شخص يدور على مكان مميز.,positive
من أفضل تجاربي مع المطعم اللي جربناه. المشاوي كان لذيذ جدا وطازج. مكان يستاهل تجربته أكثر من مرة.,positive
جربنا المطعم اللي جربناه أول مرة وصراحة انبهرنا. الحلا فوق الوصف، نكهات متوازنة وحلوة. سرعة التقديم فوق الممتاز، اهتمام بالتفاصيل. تجربة ما تنسى، يستاهل كل التقييمات الإيجابية.,positive
تجربتنا في الفرع كانت رهيبة. الأسعار مقارنة بالكمية معقولة جدا مقارنة بالكمية والجودة. استقبال الموظفين سريعة واحترافية بشكل يجنن. المقبلات سخن وطازج والتقديم مرتب. بشكل عام تجربة تستاهل خمس نجوم كاملة.,positive
جربنا مطعم المأكولات البحرية أول مرة وصراحة انبهرنا. الخدمة سريعة واحترافية بشكل يجنن. السلطة كان لذيذ جدا وطازج. الأسعار ممتازة ومناسبة جدا للجودة المقدمة. بشكل عام تجربة تستاهل خمس نجوم كاملة.,positive
زرت الكافيه مع العائلة وكانت تجربة تجنن. الديكور أنيق ونظيف بشكل يلفت النظر. الأرز كان مبهر والكمية كانت مناسبة. السعر تستاهل كل ريال. من أفضل المطاعم اللي جربتها هالفترة.,positive
كنت مع أصحابي في مطعم الفطور وقضينا وقت ولا أحلى. الوجبة طعمه خرافي ما توقعته بهالجودة. الأسعار مقارنة بالكمية ممتازة ومناسبة جدا للجودة المقدمة. مكان يستاهل تجربته أكثر من مرة.,positive
والله الكافيه فوق الممتاز. قيمة الفلوس مقابل الأكل معقولة جدا مقارنة بالكمية والجودة. الحلا كان مبهر والكمية كانت مناسبة. الترتيب الداخلي هادئ ومناسب للعائلة. مكان يستاهل تجربته أكثر من مرة.,positive
كنت مع أصحابي في مطعم البيتزا وقضينا وقت ولا أحلى. الخدمة بشكل عام سريعة واحترافية بشكل يجنن. السعر تستاهل كل ريال. المقبلات فوق الوصف، نكهات متوازنة وحلوة. الديكور جميل جدا ومريح. تجربة ما تنسى، يستاهل كل التقييمات الإيجابية.,positive
المطعم اللي جربناه فاق كل التوقعات. سرعة التقديم سريعة واحترافية بشكل يجنن. السلطة كان لذيذ جدا وطازج. الأسعار معقولة جدا مقارنة بالكمية والجودة. تقييمي خمسة من خمسة بدون تردد.,positive
زرنا مطعم البرجر أمس ووالله ما توقعنا يكون بهالحلاوة. الترتيب الداخلي جميل جدا ومريح. البرجر كان مبهر والكمية كانت مناسبة. الخدمة كانت راقية جدا والموظفين مبتسمين ومتعاونين. أنصح فيه بقوة لأي شخص يدور على مكان مميز.,positive
كنت مع أصحابي في مطعم البرجر وقضينا وقت ولا أحلى. العصائر كان مبهر والكمية كانت مناسبة. استقبال الموظفين سريعة واحترافية بشكل يجنن. مكان يستاهل تجربته أكثر من مرة.,positive
زرت المطعم اللي جربناه مع العائلة وكانت تجربة تجنن. الأسعار مناسبة، ما حسيت إني دفعت زيادة. سرعة التقديم كانت مثالية من أول ما دخلنا. الديكور جميل جدا ومريح. ما أكلت المشاوي بهالجودة من زمان. بشكل عام تجربة تستاهل خمس نجوم كاملة.,positive
جربنا المطعم أول مرة وصراحة انبهرنا. السعر مناسبة، ما حسيت إني دفعت زيادة. المكان أنيق ونظيف بشكل يلفت النظر. العصائر طعمه خرافي ما توقعته بهالجودة. من أفضل المطاعم اللي جربتها هالفترة.,positive
زرنا مطعم البرجر أمس ووالله ما توقعنا يكون بهالحلاوة. الخدمة تشكر عليها، تعامل راقي وسريع. البيتزا فوق الوصف، نكهات متوازنة وحلوة. الأسعار مناسبة، ما حسيت إني دفعت زيادة. فخور إني اكتشفت هالمكان.,positive
أنصح الكل يجرب الفرع. تعامل النادل كانت مثالية من أول ما دخلنا. السعر ممتازة ومناسبة جدا للجودة المقدمة. البيتزا كان لذيذ من أول لقمة. مكان يستاهل تجربته أكثر من مرة.,positive
تجربتنا في المطعم الشعبي كانت رهيبة. الديكور أنيق ونظيف بشكل يلفت النظر. تعامل النادل كانت راقية جدا والموظفين مبتسمين ومتعاونين. الأسعار مناسبة، ما حسيت إني دفعت زيادة. العصائر فوق الوصف، نكهات متوازنة وحلوة. تجربة ما تنسى، يستاهل كل التقييمات الإيجابية.,positive
تجربتنا في المطعم كانت رهيبة. استقبال الموظفين تشكر عليها، تعامل راقي وسريع. الأسعار معقولة جدا مقارنة بالكمية والجودة. النظافة هادئ ومناسب للعائلة. الوجبة طعمه خرافي ما توقعته بهالجودة. أكيد راح أرجع مرة ثانية وأكثر.,positive
والله الكافيه فوق الممتاز. الترتيب الداخلي هادئ ومناسب للعائلة. الأسعار تستاهل كل ريال. السلطة سخن وطازج والتقديم مرتب. الخدمة بشكل عام كانت راقية جدا والموظفين مبتسمين ومتعاونين. مكان يستاهل تجربته أكثر من مرة.,positive
تجربتنا في المكان كانت رهيبة. الحلا طعمه خرافي ما توقعته بهالجودة. الأسعار مقارنة بالكمية معقولة جدا مقارنة بالكمية والجودة. الترتيب الداخلي مرتب وله لمسة مميزة. الخدمة كانت راقية جدا والموظفين مبتسمين ومتعاونين. من أفضل المطاعم اللي جربتها هالفترة.,positive
المطعم فاق كل التوقعات. الخدمة كانت مثالية من أول ما دخلنا. الطعام فوق الوصف، نكهات متوازنة وحلوة. أكيد راح أرجع مرة ثانية وأكثر.,positive
والله المطعم فوق الممتاز. النظافة مرتب وله لمسة مميزة. الخدمة فوق الممتاز، اهتمام بالتفاصيل. الأكل كان لذيذ من أول لقمة. قيمة الفلوس مقابل الأكل تستاهل كل ريال. مكان يستاهل تجربته أكثر من مرة.,positive
أنصح الكل يجرب المكان. استقبال الموظفين سريعة واحترافية بشكل يجنن. الترتيب الداخلي مرتب وله لمسة مميزة. الوجبة كان مبهر والكمية كانت مناسبة. قيمة الفلوس مقابل الأكل ممتازة ومناسبة جدا للجودة المقدمة. تقييمي خمسة من خمسة بدون تردد.,positive
والله مطعم الفطور فوق الممتاز. الخدمة بشكل عام فوق الممتاز، اهتمام بالتفاصيل. قيمة الفلوس مقابل الأكل ممتازة ومناسبة جدا للجودة المقدمة. الطعام كان مبهر والكمية كانت مناسبة. بشكل عام تجربة تستاهل خمس نجوم كاملة.,positive
من أفضل تجاربي مع مطعم الأكل الإيطالي. قيمة الفلوس مقابل الأكل ممتازة ومناسبة جدا للجودة المقدمة. المقبلات طعمه خرافي ما توقعته بهالجودة. الخدمة بشكل عام سريعة واحترافية بشكل يجنن. أنصح فيه بقوة لأي شخص يدور على مكان مميز.,positive
زرت المطعم الشعبي مع العائلة وكانت تجربة تجنن. ما أكلت الأرز بهالجودة من زمان. الخدمة بشكل عام فوق الممتاز، اهتمام بالتفاصيل. الترتيب الداخلي أنيق ونظيف بشكل يلفت النظر. أنصح فيه بقوة لأي شخص يدور على مكان مميز.,positive
ما شاء الله على مطعم الأكل الإيطالي. الترتيب الداخلي أنيق ونظيف بشكل يلفت النظر. الخدمة بشكل عام كانت راقية جدا والموظفين مبتسمين ومتعاونين. الأسعار ممتازة ومناسبة جدا للجودة المقدمة. الطعام سخن وطازج والتقديم مرتب. تجربة ما تنسى، يستاهل كل التقييمات الإيجابية.,positive
زرت مطعم الفطور مع العائلة وكانت تجربة تجنن. ما أكلت الأرز بهالجودة من زمان. الأسعار ممتازة ومناسبة جدا للجودة المقدمة. تعامل النادل سريعة واحترافية بشكل يجنن. تقييمي خمسة من خمسة بدون تردد.,positive
تجربتنا في مطعم الوجبات السريعة كانت رهيبة. الخدمة فوق الممتاز، اهتمام بالتفاصيل. السعر ممتازة ومناسبة جدا للجودة المقدمة. الأصناف اللي طلبناها فوق الوصف، نكهات متوازنة وحلوة. أنصح فيه بقوة لأي شخص يدور على مكان مميز.,positive
زرت مطعم الفطور مع العائلة وكانت تجربة تجنن. الترتيب الداخلي جميل جدا ومريح. الأسعار مقارنة بالكمية ممتازة ومناسبة جدا للجودة المقدمة. المقبلات كان لذيذ من أول لقمة. الخدمة بشكل عام كانت مثالية من أول ما دخلنا. تجربة ما تنسى، يستاهل كل التقييمات الإيجابية.,positive
من أفضل تجاربي مع المطعم. تعامل النادل فوق الممتاز، اهتمام بالتفاصيل. الأسعار مقارنة بالكمية تستاهل كل ريال. البرجر كان لذيذ من أول لقمة. أنصح فيه بقوة لأي شخص يدور على مكان مميز.,positive
جربنا المطعم الجديد أول مرة وصراحة انبهرنا. الأسعار مناسبة، ما حسيت إني دفعت زيادة. استقبال الموظفين فوق الممتاز، اهتمام بالتفاصيل. الديكور جميل جدا ومريح. العصائر فوق الوصف، نكهات متوازنة وحلوة. تقييمي خمسة من خمسة بدون تردد.,positive
أنصح الكل يجرب المطعم اللي جربناه. البرجر طعمه خرافي ما توقعته بهالجودة. النظافة جميل جدا ومريح. الخدمة تشكر عليها، تعامل راقي وسريع. أنصح فيه بقوة لأي شخص يدور على مكان مميز.,positive
جربنا المطعم اللي جربناه أول مرة وصراحة انبهرنا. استقبال الموظفين كانت مثالية من أول ما دخلنا. الأسعار معقولة جدا مقارنة بالكمية والجودة. البيتزا طعمه خرافي ما توقعته بهالجودة. فخور إني اكتشفت هالمكان.,positive
والله مطعم المأكولات البحرية فوق الممتاز. ما أكلت الأصناف اللي طلبناها بهالجودة من زمان. السعر معقولة جدا مقارنة بالكمية والجودة. الخدمة بشكل عام سريعة واحترافية بشكل يجنن. المكان جميل جدا ومريح. فخور إني اكتشفت هالمكان.,positive
كنت مع أصحابي في مطعم الفطور وقضينا وقت ولا أحلى. تعامل النادل فوق الممتاز، اهتمام بالتفاصيل. النظافة أنيق ونظيف بشكل يلفت النظر. الأسعار مناسبة، ما حسيت إني دفعت زيادة. الوجبة الرئيسية طعمه خرافي ما توقعته بهالجودة. فخور إني اكتشفت هالمكان.,positive
مطعم الأكل الإيطالي فاق كل التوقعات. قيمة الفلوس مقابل الأكل معقولة جدا مقارنة بالكمية والجودة. الوجبة الرئيسية كان لذيذ من أول لقمة. الخدمة سريعة واحترافية بشكل يجنن. من أفضل المطاعم اللي جربتها هالفترة.,positive
جربنا المطعم أول مرة وصراحة انبهرنا. استقبال الموظفين سريعة واحترافية بشكل يجنن. الحلا كان لذيذ جدا وطازج. النظافة مرتب وله لمسة مميزة. أكيد راح أرجع مرة ثانية وأكثر.,positive
أنصح الكل يجرب مطعم المشويات. تعامل النادل فوق الممتاز، اهتمام بالتفاصيل. الأسعار مناسبة، ما حسيت إني دفعت زيادة. الأكل فوق الوصف، نكهات متوازنة وحلوة. من أفضل المطاعم اللي جربتها هالفترة.,positive
زرت مطعم الوجبات السريعة مع العائلة وكانت تجربة تجنن. الأرز فوق الوصف، نكهات متوازنة وحلوة. النظافة أنيق ونظيف بشكل يلفت النظر. مكان يستاهل تجربته أكثر من مرة.,positive
جربنا مطعم الأكل الإيطالي أول مرة وصراحة انبهرنا. الديكور هادئ ومناسب للعائلة. الخدمة فوق الممتاز، اهتمام بالتفاصيل. الوجبة الرئيسية كان لذيذ جدا وطازج. من أفضل المطاعم اللي جربتها هالفترة.,positive
زرنا الكافيه أمس ووالله ما توقعنا يكون بهالحلاوة. السعر مناسبة، ما حسيت إني دفعت زيادة. الطعام كان لذيذ من أول لقمة. سرعة التقديم كانت راقية جدا والموظفين مبتسمين ومتعاونين. الديكور هادئ ومناسب للعائلة. أنصح فيه بقوة لأي شخص يدور على مكان مميز.,positive
ما شاء الله على مطعم المأكولات البحرية. المكان أنيق ونظيف بشكل يلفت النظر. البرجر طعمه خرافي ما توقعته بهالجودة. مكان يستاهل تجربته أكثر من مرة.,positive
من أفضل تجاربي مع المكان. السلطة طعمه خرافي ما توقعته بهالجودة. استقبال الموظفين كانت مثالية من أول ما دخلنا. من أفضل المطاعم اللي جربتها هالفترة.,positive
ما شاء الله على مطعم المشويات. الطعام كان لذيذ من أول لقمة. مكان يستاهل تجربته أكثر من مرة.,positive
والله مطعم البرجر فوق الممتاز. الترتيب الداخلي هادئ ومناسب للعائلة. السلطة كان ذا مستوى راقي جدا. سرعة التقديم فوق الممتاز، اهتمام بالتفاصيل. فخور إني اكتشفت هالمكان.,positive
جربنا مطعم البرجر أول مرة وصراحة انبهرنا. ما أكلت العصائر بهالجودة من زمان. المكان مرتب وله لمسة مميزة. تعامل النادل سريعة واحترافية بشكل يجنن. تقييمي خمسة من خمسة بدون تردد.,positive
والله الفرع فوق الممتاز. الأصناف اللي طلبناها كان لذيذ من أول لقمة. فخور إني اكتشفت هالمكان.,positive
ما شاء الله على المطعم الشعبي. سرعة التقديم كانت مثالية من أول ما دخلنا. الأرز كان مبهر والكمية كانت مناسبة. مكان يستاهل تجربته أكثر من مرة.,positive
جربنا مطعم البرجر أول مرة وصراحة انبهرنا. الطعام فوق الوصف، نكهات متوازنة وحلوة. سرعة التقديم فوق الممتاز، اهتمام بالتفاصيل. الترتيب الداخلي جميل جدا ومريح. بشكل عام تجربة تستاهل خمس نجوم كاملة.,positive
من أفضل تجاربي مع المطعم اللي جربناه. الخدمة بشكل عام كانت راقية جدا والموظفين مبتسمين ومتعاونين. الترتيب الداخلي أنيق ونظيف بشكل يلفت النظر. الأكل سخن وطازج والتقديم مرتب. من أفضل المطاعم اللي جربتها هالفترة.,positive
تجربتنا في الفرع كانت رهيبة. المكان مرتب وله لمسة مميزة. البرجر طعمه خرافي ما توقعته بهالجودة. تقييمي خمسة من خمسة بدون تردد.,positive
كنت مع أصحابي في مطعم البرجر وقضينا وقت ولا أحلى. البرجر كان لذيذ جدا وطازج. السعر معقولة جدا مقارنة بالكمية والجودة. الجو العام جميل جدا ومريح. أنصح فيه بقوة لأي شخص يدور على مكان مميز.,positive
أنصح الكل يجرب مطعم الفطور. الوجبة الرئيسية كان لذيذ من أول لقمة. سرعة التقديم تشكر عليها، تعامل راقي وسريع. مكان يستاهل تجربته أكثر من مرة.,positive
تجربتنا في المطعم الجديد كانت رهيبة. الخدمة تشكر عليها، تعامل راقي وسريع. قيمة الفلوس مقابل الأكل مناسبة، ما حسيت إني دفعت زيادة. الوجبة الرئيسية كان ذا مستوى راقي جدا. فخور إني اكتشفت هالمكان.,positive
المطعم الشعبي فاق كل التوقعات. البيتزا فوق الوصف، نكهات متوازنة وحلوة. تعامل النادل كانت مثالية من أول ما دخلنا. الأسعار معقولة جدا مقارنة بالكمية والجودة. بشكل عام تجربة تستاهل خمس نجوم كاملة.,positive
زرت المطعم مع العائلة وكانت تجربة تجنن. الخدمة كانت مثالية من أول ما دخلنا. الأصناف اللي طلبناها فوق الوصف، نكهات متوازنة وحلوة. تجربة ما تنسى، يستاهل كل التقييمات الإيجابية.,positive
جربنا مطعم الأكل الإيطالي أول مرة وصراحة انبهرنا. قيمة الفلوس مقابل الأكل معقولة جدا مقارنة بالكمية والجودة. المكان مرتب وله لمسة مميزة. تعامل النادل فوق الممتاز، اهتمام بالتفاصيل. البرجر كان ذا مستوى راقي جدا. تقييمي خمسة من خمسة بدون تردد.,positive
جربنا الكافيه أول مرة وصراحة انبهرنا. الأصناف اللي طلبناها كان ذا مستوى راقي جدا. قيمة الفلوس مقابل الأكل معقولة جدا مقارنة بالكمية والجودة. تعامل النادل فوق الممتاز، اهتمام بالتفاصيل. أكيد راح أرجع مرة ثانية وأكثر.,positive
أنصح الكل يجرب المكان. المقبلات طعمه خرافي ما توقعته بهالجودة. الخدمة تشكر عليها، تعامل راقي وسريع. السعر معقولة جدا مقارنة بالكمية والجودة. تقييمي خمسة من خمسة بدون تردد.,positive
أنصح الكل يجرب الكافيه. سرعة التقديم فوق الممتاز، اهتمام بالتفاصيل. الأرز طعمه خرافي ما توقعته بهالجودة. المكان جميل جدا ومريح. الأسعار تستاهل كل ريال. تقييمي خمسة من خمسة بدون تردد.,positive
تجربتنا في مطعم المشويات كانت رهيبة. النظافة هادئ ومناسب للعائلة. قيمة الفلوس مقابل الأكل ممتازة ومناسبة جدا للجودة المقدمة. السلطة كان لذيذ جدا وطازج. الخدمة سريعة واحترافية بشكل يجنن. مكان يستاهل تجربته أكثر من مرة.,positive
تجربتنا في مطعم الفطور كانت رهيبة. العصائر فوق الوصف، نكهات متوازنة وحلوة. استقبال الموظفين تشكر عليها، تعامل راقي وسريع. الأسعار مقارنة بالكمية معقولة جدا مقارنة بالكمية والجودة. فخور إني اكتشفت هالمكان.,positive
ما شاء الله على المطعم اللي جربناه. الوجبة فوق الوصف، نكهات متوازنة وحلوة. الخدمة بشكل عام سريعة واحترافية بشكل يجنن. أكيد راح أرجع مرة ثانية وأكثر.,positive
زرت مطعم الوجبات السريعة مع العائلة وكانت تجربة تجنن. السلطة كان ذا مستوى راقي جدا. سرعة التقديم سريعة واحترافية بشكل يجنن. أنصح فيه بقوة لأي شخص يدور على مكان مميز.,positive
ما شاء الله على مطعم المأكولات البحرية. قيمة الفلوس مقابل الأكل ممتازة ومناسبة جدا للجودة المقدمة. الوجبة الرئيسية كان لذيذ جدا وطازج. سرعة التقديم سريعة واحترافية بشكل يجنن. بشكل عام تجربة تستاهل خمس نجوم كاملة.,positive
زرت مطعم البرجر مع العائلة وكانت تجربة تجنن. الأسعار مقارنة بالكمية ممتازة ومناسبة جدا للجودة المقدمة. سرعة التقديم كانت مثالية من أول ما دخلنا. الأصناف اللي طلبناها كان مبهر والكمية كانت مناسبة. من أفضل المطاعم اللي جربتها هالفترة.,positive
زرت مطعم الوجبات السريعة مع العائلة وكانت تجربة تجنن. قيمة الفلوس مقابل الأكل معقولة جدا مقارنة بالكمية والجودة. الديكور مرتب وله لمسة مميزة. الخدمة فوق الممتاز، اهتمام بالتفاصيل. المقبلات سخن وطازج والتقديم مرتب. تقييمي خمسة من خمسة بدون تردد.,positive
أنصح الكل يجرب مطعم الفطور. الخدمة بشكل عام كانت مثالية من أول ما دخلنا. الوجبة كان مبهر والكمية كانت مناسبة. تقييمي خمسة من خمسة بدون تردد.,positive
كنت مع أصحابي في مطعم البرجر وقضينا وقت ولا أحلى. المكان جميل جدا ومريح. الأصناف اللي طلبناها كان لذيذ جدا وطازج. الأسعار معقولة جدا مقارنة بالكمية والجودة. من أفضل المطاعم اللي جربتها هالفترة.,positive
ما شاء الله على مطعم الوجبات السريعة. الأرز سخن وطازج والتقديم مرتب. الأسعار مقارنة بالكمية معقولة جدا مقارنة بالكمية والجودة. استقبال الموظفين تشكر عليها، تعامل راقي وسريع. أكيد راح أرجع مرة ثانية وأكثر.,positive
أنصح الكل يجرب المطعم الشعبي. الخدمة بشكل عام سريعة واحترافية بشكل يجنن. ما أكلت الحلا بهالجودة من زمان. الأسعار معقولة جدا مقارنة بالكمية والجودة. بشكل عام تجربة تستاهل خمس نجوم كاملة.,positive
زرنا مطعم البيتزا أمس ووالله ما توقعنا يكون بهالحلاوة. ما أكلت الحلا بهالجودة من زمان. السعر معقولة جدا مقارنة بالكمية والجودة. أكيد راح أرجع مرة ثانية وأكثر.,positive
كنت مع أصحابي في المطعم اللي جربناه وقضينا وقت ولا أحلى. الديكور مرتب وله لمسة مميزة. ما أكلت العصائر بهالجودة من زمان. الخدمة بشكل عام كانت راقية جدا والموظفين مبتسمين ومتعاونين. فخور إني اكتشفت هالمكان.,positive
زرنا الكافيه أمس ووالله ما توقعنا يكون بهالحلاوة. ما أكلت العصائر بهالجودة من زمان. الأسعار تستاهل كل ريال. الترتيب الداخلي جميل جدا ومريح. بشكل عام تجربة تستاهل خمس نجوم كاملة.,positive
جربنا المطعم أول مرة وصراحة انبهرنا. الأجواء هادئ ومناسب للعائلة. الأسعار تستاهل كل ريال. الأصناف اللي طلبناها كان ذا مستوى راقي جدا. أنصح فيه بقوة لأي شخص يدور على مكان مميز.,positive
ما شاء الله على المطعم الشعبي. سرعة التقديم كانت مثالية من أول ما دخلنا. الوجبة الرئيسية فوق الوصف، نكهات متوازنة وحلوة. الأسعار مقارنة بالكمية ممتازة ومناسبة جدا للجودة المقدمة. من أفضل المطاعم اللي جربتها هالفترة.,positive
الكافيه فاق كل التوقعات. قيمة الفلوس مقابل الأكل ممتازة ومناسبة جدا للجودة المقدمة. البرجر كان لذيذ من أول لقمة. تجربة ما تنسى، يستاهل كل التقييمات الإيجابية.,positive
والله مطعم الوجبات السريعة فوق الممتاز. البيتزا كان ذا مستوى راقي جدا. مكان يستاهل تجربته أكثر من مرة.,positive
جربنا الفرع أول مرة وصراحة انبهرنا. المشاوي كان مبهر والكمية كانت مناسبة. الترتيب الداخلي هادئ ومناسب للعائلة. استقبال الموظفين سريعة واحترافية بشكل يجنن. تجربة ما تنسى، يستاهل كل التقييمات الإيجابية.,positive
زرنا المطعم الجديد أمس ووالله ما توقعنا يكون بهالحلاوة. الوجبة فوق الوصف، نكهات متوازنة وحلوة. السعر تستاهل كل ريال. تعامل النادل كانت راقية جدا والموظفين مبتسمين ومتعاونين. المكان هادئ ومناسب للعائلة. فخور إني اكتشفت هالمكان.,positive
زرنا الكافيه أمس ووالله ما توقعنا يكون بهالحلاوة. الأصناف اللي طلبناها فوق الوصف، نكهات متوازنة وحلوة. استقبال الموظفين كانت مثالية من أول ما دخلنا. الأجواء مرتب وله لمسة مميزة. تقييمي خمسة من خمسة بدون تردد.,positive
مطعم البرجر فاق كل التوقعات. الوجبة الرئيسية كان لذيذ جدا وطازج. استقبال الموظفين كانت مثالية من أول ما دخلنا. قيمة الفلوس مقابل الأكل مناسبة، ما حسيت إني دفعت زيادة. أنصح فيه بقوة لأي شخص يدور على مكان مميز.,positive
كنت مع أصحابي في الكافيه وقضينا وقت ولا أحلى. الخدمة تشكر عليها، تعامل راقي وسريع. ما أكلت المقبلات بهالجودة من زمان. قيمة الفلوس مقابل الأكل تستاهل كل ريال. الترتيب الداخلي أنيق ونظيف بشكل يلفت النظر. تجربة ما تنسى، يستاهل كل التقييمات الإيجابية.,positive
أنصح الكل يجرب المكان. الوجبة كان ذا مستوى راقي جدا. الخدمة تشكر عليها، تعامل راقي وسريع. النظافة مرتب وله لمسة مميزة. أكيد راح أرجع مرة ثانية وأكثر.,positive
كنت مع أصحابي في مطعم البرجر وقضينا وقت ولا أحلى. ما أكلت البرجر بهالجودة من زمان. المكان هادئ ومناسب للعائلة. الأسعار مقارنة بالكمية معقولة جدا مقارنة بالكمية والجودة. استقبال الموظفين تشكر عليها، تعامل راقي وسريع. بشكل عام تجربة تستاهل خمس نجوم كاملة.,positive
زرنا المكان أمس ووالله ما توقعنا يكون بهالحلاوة. الترتيب الداخلي جميل جدا ومريح. الأصناف اللي طلبناها كان لذيذ من أول لقمة. الأسعار معقولة جدا مقارنة بالكمية والجودة. تعامل النادل سريعة واحترافية بشكل يجنن. أنصح فيه بقوة لأي شخص يدور على مكان مميز.,positive
ما شاء الله على مطعم المشويات. الترتيب الداخلي جميل جدا ومريح. السعر معقولة جدا مقارنة بالكمية والجودة. ما أكلت الأصناف اللي طلبناها بهالجودة من زمان. الخدمة سريعة واحترافية بشكل يجنن. بشكل عام تجربة تستاهل خمس نجوم كاملة.,positive
زرنا مطعم البرجر أمس ووالله ما توقعنا يكون بهالحلاوة. الوجبة الرئيسية طعمه خرافي ما توقعته بهالجودة. النظافة هادئ ومناسب للعائلة. تعامل النادل تشكر عليها، تعامل راقي وسريع. الأسعار تستاهل كل ريال. تجربة ما تنسى، يستاهل كل التقييمات الإيجابية.,positive
زرنا مطعم البيتزا أمس ووالله ما توقعنا يكون بهالحلاوة. استقبال الموظفين سريعة واحترافية بشكل يجنن. الأصناف اللي طلبناها كان لذيذ من أول لقمة. فخور إني اكتشفت هالمكان.,positive
الكافيه فاق كل التوقعات. الخدمة كانت راقية جدا والموظفين مبتسمين ومتعاونين. الحلا كان لذيذ جدا وطازج. الأجواء هادئ ومناسب للعائلة. بشكل عام تجربة تستاهل خمس نجوم كاملة.,positive
زرنا مطعم الفطور أمس ووالله ما توقعنا يكون بهالحلاوة. ما أكلت السلطة بهالجودة من زمان. قيمة الفلوس مقابل الأكل ممتازة ومناسبة جدا للجودة المقدمة. الخدمة بشكل عام كانت راقية جدا والموظفين مبتسمين ومتعاونين. من أفضل المطاعم اللي جربتها هالفترة.,positive
المطعم الشعبي فاق كل التوقعات. استقبال الموظفين كانت مثالية من أول ما دخلنا. البيتزا كان لذيذ من أول لقمة. الأسعار مقارنة بالكمية تستاهل كل ريال. تقييمي خمسة من خمسة بدون تردد.,positive
كنت مع أصحابي في مطعم البرجر وقضينا وقت ولا أحلى. الأسعار مقارنة بالكمية معقولة جدا مقارنة بالكمية والجودة. الخدمة بشكل عام تشكر عليها، تعامل راقي وسريع. المقبلات كان لذيذ من أول لقمة. بشكل عام تجربة تستاهل خمس نجوم كاملة.,positive
الفرع فاق كل التوقعات. الجو العام مرتب وله لمسة مميزة. الخدمة كانت راقية جدا والموظفين مبتسمين ومتعاونين. السعر تستاهل كل ريال. ما أكلت البيتزا بهالجودة من زمان. فخور إني اكتشفت هالمكان.,positive
أنصح الكل يجرب مطعم المأكولات البحرية. العصائر كان مبهر والكمية كانت مناسبة. سرعة التقديم كانت مثالية من أول ما دخلنا. الترتيب الداخلي جميل جدا ومريح. تجربة ما تنسى، يستاهل كل التقييمات الإيجابية.,positive
زرت مطعم الفطور مع العائلة وكانت تجربة تجنن. تعامل النادل فوق الممتاز، اهتمام بالتفاصيل. السعر مناسبة، ما حسيت إني دفعت زيادة. المشاوي كان ذا مستوى راقي جدا. تجربة ما تنسى، يستاهل كل التقييمات الإيجابية.,positive
ما شاء الله على المطعم. قيمة الفلوس مقابل الأكل مناسبة، ما حسيت إني دفعت زيادة. الخدمة بشكل عام تشكر عليها، تعامل راقي وسريع. الجو العام جميل جدا ومريح. الحلا فوق الوصف، نكهات متوازنة وحلوة. فخور إني اكتشفت هالمكان.,positive
زرنا مطعم المأكولات البحرية أمس ووالله ما توقعنا يكون بهالحلاوة. الطعام كان لذيذ من أول لقمة. سرعة التقديم كانت راقية جدا والموظفين مبتسمين ومتعاونين. تقييمي خمسة من خمسة بدون تردد.,positive
زرت الفرع مع العائلة وكانت تجربة تجنن. السعر معقولة جدا مقارنة بالكمية والجودة. الوجبة سخن وطازج والتقديم مرتب. مكان يستاهل تجربته أكثر من مرة.,positive
ما شاء الله على الكافيه. المكان هادئ ومناسب للعائلة. الحلا كان ذا مستوى راقي جدا. استقبال الموظفين كانت راقية جدا والموظفين مبتسمين ومتعاونين. تجربة ما تنسى، يستاهل كل التقييمات الإيجابية.,positive
زرنا الفرع أمس ووالله ما توقعنا يكون بهالحلاوة. الأسعار مقارنة بالكمية معقولة جدا مقارنة بالكمية والجودة. السلطة كان لذيذ من أول لقمة. فخور إني اكتشفت هالمكان.,positive
تجربتنا في مطعم الفطور كانت رهيبة. الحلا كان مبهر والكمية كانت مناسبة. الجو العام مرتب وله لمسة مميزة. سرعة التقديم كانت راقية جدا والموظفين مبتسمين ومتعاونين. أنصح فيه بقوة لأي شخص يدور على مكان مميز.,positive
أنصح الكل يجرب مطعم البرجر. العصائر طعمه خرافي ما توقعته بهالجودة. الأسعار مقارنة بالكمية معقولة جدا مقارنة بالكمية والجودة. فخور إني اكتشفت هالمكان.,positive
جربنا مطعم الأكل الإيطالي أول مرة وصراحة انبهرنا. الأصناف اللي طلبناها فوق الوصف، نكهات متوازنة وحلوة. الخدمة بشكل عام سريعة واحترافية بشكل يجنن. بشكل عام تجربة تستاهل خمس نجوم كاملة.,positive
من أفضل تجاربي مع المطعم اللي جربناه. الخدمة سريعة واحترافية بشكل يجنن. السلطة طعمه خرافي ما توقعته بهالجودة. من أفضل المطاعم اللي جربتها هالفترة.,positive
ما شاء الله على مطعم الأكل الإيطالي. الحلا طعمه خرافي ما توقعته بهالجودة. الأسعار مقارنة بالكمية ممتازة ومناسبة جدا للجودة المقدمة. أنصح فيه بقوة لأي شخص يدور على مكان مميز.,positive
تجربتنا في المطعم كانت رهيبة. الحلا فوق الوصف، نكهات متوازنة وحلوة. قيمة الفلوس مقابل الأكل معقولة جدا مقارنة بالكمية والجودة. مكان يستاهل تجربته أكثر من مرة.,positive
زرت مطعم المأكولات البحرية مع العائلة وكانت تجربة تجنن. الأكل كان لذيذ من أول لقمة. الخدمة كانت راقية جدا والموظفين مبتسمين ومتعاونين. مكان يستاهل تجربته أكثر من مرة.,positive
كنت مع أصحابي في الفرع وقضينا وقت ولا أحلى. قيمة الفلوس مقابل الأكل تستاهل كل ريال. المشاوي سخن وطازج والتقديم مرتب. الجو العام جميل جدا ومريح. سرعة التقديم سريعة واحترافية بشكل يجنن. فخور إني اكتشفت هالمكان.,positive
والله مطعم المشويات فوق الممتاز. الخدمة بشكل عام سريعة واحترافية بشكل يجنن. الترتيب الداخلي مرتب وله لمسة مميزة. الأرز فوق الوصف، نكهات متوازنة وحلوة. فخور إني اكتشفت هالمكان.,positive
والله المطعم الشعبي فوق الممتاز. النظافة أنيق ونظيف بشكل يلفت النظر. البيتزا فوق الوصف، نكهات متوازنة وحلوة. أنصح فيه بقوة لأي شخص يدور على مكان مميز.,positive
تجربتنا في المطعم اللي جربناه كانت رهيبة. سرعة التقديم كانت مثالية من أول ما دخلنا. الجو العام هادئ ومناسب للعائلة. الطعام كان مبهر والكمية كانت مناسبة. أنصح فيه بقوة لأي شخص يدور على مكان مميز.,positive
من أفضل تجاربي مع المطعم الجديد. الأسعار مناسبة، ما حسيت إني دفعت زيادة. ما أكلت البيتزا بهالجودة من زمان. الترتيب الداخلي أنيق ونظيف بشكل يلفت النظر. تجربة ما تنسى، يستاهل كل التقييمات الإيجابية.,positive
من أفضل تجاربي مع الكافيه. الأسعار تستاهل كل ريال. سرعة التقديم سريعة واحترافية بشكل يجنن. المكان هادئ ومناسب للعائلة. الأكل فوق الوصف، نكهات متوازنة وحلوة. بشكل عام تجربة تستاهل خمس نجوم كاملة.,positive
ما شاء الله على مطعم المأكولات البحرية. الأصناف اللي طلبناها طعمه خرافي ما توقعته بهالجودة. استقبال الموظفين فوق الممتاز، اهتمام بالتفاصيل. الديكور مرتب وله لمسة مميزة. من أفضل المطاعم اللي جربتها هالفترة.,positive
زرنا المطعم أمس ووالله ما توقعنا يكون بهالحلاوة. السعر معقولة جدا مقارنة بالكمية والجودة. استقبال الموظفين تشكر عليها، تعامل راقي وسريع. البيتزا طعمه خرافي ما توقعته بهالجودة. فخور إني اكتشفت هالمكان.,positive
أنصح الكل يجرب المطعم الجديد. الأجواء أنيق ونظيف بشكل يلفت النظر. الخدمة تشكر عليها، تعامل راقي وسريع. الأصناف اللي طلبناها سخن وطازج والتقديم مرتب. مكان يستاهل تجربته أكثر من مرة.,positive
والله الفرع فوق الممتاز. المقبلات طعمه خرافي ما توقعته بهالجودة. الخدمة فوق الممتاز، اهتمام بالتفاصيل. قيمة الفلوس مقابل الأكل تستاهل كل ريال. تقييمي خمسة من خمسة بدون تردد.,positive
زرت الفرع مع العائلة وكانت تجربة تجنن. السعر ممتازة ومناسبة جدا للجودة المقدمة. الترتيب الداخلي هادئ ومناسب للعائلة. الوجبة الرئيسية كان لذيذ من أول لقمة. تجربة ما تنسى، يستاهل كل التقييمات الإيجابية.,positive
جربنا مطعم المأكولات البحرية أول مرة وصراحة انبهرنا. الطعام كان لذيذ جدا وطازج. السعر معقولة جدا مقارنة بالكمية والجودة. الخدمة فوق الممتاز، اهتمام بالتفاصيل. من أفضل المطاعم اللي جربتها هالفترة.,positive
كنت مع أصحابي في المطعم الجديد وقضينا وقت ولا أحلى. تعامل النادل تشكر عليها، تعامل راقي وسريع. السلطة كان لذيذ من أول لقمة. السعر تستاهل كل ريال. بشكل عام تجربة تستاهل خمس نجوم كاملة.,positive
من أفضل تجاربي مع مطعم المشويات. الخدمة بشكل عام كانت مثالية من أول ما دخلنا. البيتزا سخن وطازج والتقديم مرتب. مكان يستاهل تجربته أكثر من مرة.,positive
والله الكافيه فوق الممتاز. البرجر سخن وطازج والتقديم مرتب. سرعة التقديم سريعة واحترافية بشكل يجنن. فخور إني اكتشفت هالمكان.,positive
ما شاء الله على مطعم البرجر. الديكور هادئ ومناسب للعائلة. قيمة الفلوس مقابل الأكل ممتازة ومناسبة جدا للجودة المقدمة. سرعة التقديم كانت راقية جدا والموظفين مبتسمين ومتعاونين. الطعام سخن وطازج والتقديم مرتب. من أفضل المطاعم اللي جربتها هالفترة.,positive
زرنا مطعم البرجر أمس ووالله ما توقعنا يكون بهالحلاوة. المشاوي كان ذا مستوى راقي جدا. الترتيب الداخلي أنيق ونظيف بشكل يلفت النظر. استقبال الموظفين سريعة واحترافية بشكل يجنن. الأسعار مناسبة، ما حسيت إني دفعت زيادة. تجربة ما تنسى، يستاهل كل التقييمات الإيجابية.,positive
زرنا مطعم المشويات أمس ووالله ما توقعنا يكون بهالحلاوة. الوجبة كان لذيذ من أول لقمة. سرعة التقديم كانت راقية جدا والموظفين مبتسمين ومتعاونين. بشكل عام تجربة تستاهل خمس نجوم كاملة.,positive
جربنا مطعم الوجبات السريعة أول مرة وصراحة انبهرنا. الوجبة كان لذيذ من أول لقمة. السعر ممتازة ومناسبة جدا للجودة المقدمة. الخدمة فوق الممتاز، اهتمام بالتفاصيل. تجربة ما تنسى، يستاهل كل التقييمات الإيجابية.,positive
والله المطعم فوق الممتاز. استقبال الموظفين فوق الممتاز، اهتمام بالتفاصيل. قيمة الفلوس مقابل الأكل ممتازة ومناسبة جدا للجودة المقدمة. البيتزا كان مبهر والكمية كانت مناسبة. بشكل عام تجربة تستاهل خمس نجوم كاملة.,positive
تجربتنا في المطعم الشعبي كانت رهيبة. الجو العام مرتب وله لمسة مميزة. الخدمة بشكل عام سريعة واحترافية بشكل يجنن. قيمة الفلوس مقابل الأكل معقولة جدا مقارنة بالكمية والجودة. المقبلات فوق الوصف، نكهات متوازنة وحلوة. أكيد راح أرجع مرة ثانية وأكثر.,positive
كنت مع أصحابي في المطعم اللي جربناه وقضينا وقت ولا أحلى. النظافة هادئ ومناسب للعائلة. الأسعار مقارنة بالكمية مناسبة، ما حسيت إني دفعت زيادة. الأصناف اللي طلبناها كان لذيذ جدا وطازج. من أفضل المطاعم اللي جربتها هالفترة.,positive
أنصح الكل يجرب مطعم المشويات. المقبلات كان ذا مستوى راقي جدا. الخدمة كانت راقية جدا والموظفين مبتسمين ومتعاونين. الأسعار مقارنة بالكمية مناسبة، ما حسيت إني دفعت زيادة. الجو العام أنيق ونظيف بشكل يلفت النظر. أنصح فيه بقوة لأي شخص يدور على مكان مميز.,positive
زرت مطعم الفطور مع العائلة وكانت تجربة تجنن. المكان جميل جدا ومريح. الطعام كان ذا مستوى راقي جدا. تقييمي خمسة من خمسة بدون تردد.,positive
كنت مع أصحابي في المطعم وقضينا وقت ولا أحلى. السعر مناسبة، ما حسيت إني دفعت زيادة. البيتزا كان مبهر والكمية كانت مناسبة. الجو العام مرتب وله لمسة مميزة. من أفضل المطاعم اللي جربتها هالفترة.,positive
تجربتنا في مطعم المشويات كانت رهيبة. المشاوي كان مبهر والكمية كانت مناسبة. سرعة التقديم فوق الممتاز، اهتمام بالتفاصيل. أنصح فيه بقوة لأي شخص يدور على مكان مميز.,positive
ما شاء الله على مطعم البرجر. المقبلات كان لذيذ جدا وطازج. الأسعار مقارنة بالكمية مناسبة، ما حسيت إني دفعت زيادة. الديكور أنيق ونظيف بشكل يلفت النظر. تقييمي خمسة من خمسة بدون تردد.,positive
أنصح الكل يجرب مطعم المشويات. الترتيب الداخلي هادئ ومناسب للعائلة. تعامل النادل فوق الممتاز، اهتمام بالتفاصيل. البرجر كان لذيذ من أول لقمة. مكان يستاهل تجربته أكثر من مرة.,positive
من أفضل تجاربي مع مطعم الأكل الإيطالي. استقبال الموظفين سريعة واحترافية بشكل يجنن. الأكل كان لذيذ من أول لقمة. الديكور أنيق ونظيف بشكل يلفت النظر. تقييمي خمسة من خمسة بدون تردد.,positive
أنصح الكل يجرب المطعم الجديد. الخدمة بشكل عام فوق الممتاز، اهتمام بالتفاصيل. السلطة طعمه خرافي ما توقعته بهالجودة. قيمة الفلوس مقابل الأكل تستاهل كل ريال. فخور إني اكتشفت هالمكان.,positive
أنصح الكل يجرب مطعم المأكولات البحرية. الخدمة بشكل عام سريعة واحترافية بشكل يجنن. المشاوي كان ذا مستوى راقي جدا. أكيد راح أرجع مرة ثانية وأكثر.,positive
تجربتنا في المطعم الشعبي كانت رهيبة. الحلا كان لذيذ من أول لقمة. الجو العام أنيق ونظيف بشكل يلفت النظر. أكيد راح أرجع مرة ثانية وأكثر.,positive
جربنا مطعم الوجبات السريعة أول مرة وصراحة انبهرنا. قيمة الفلوس مقابل الأكل ممتازة ومناسبة جدا للجودة المقدمة. الديكور مرتب وله لمسة مميزة. الوجبة الرئيسية كان مبهر والكمية كانت مناسبة. بشكل عام تجربة تستاهل خمس نجوم كاملة.,positive
زرت المطعم الشعبي مع العائلة وكانت تجربة تجنن. الوجبة الرئيسية سخن وطازج والتقديم مرتب. الخدمة كانت راقية جدا والموظفين مبتسمين ومتعاونين. تجربة ما تنسى، يستاهل كل التقييمات الإيجابية.,positive
زرت الكافيه مع العائلة وكانت تجربة تجنن. الأكل طعمه خرافي ما توقعته بهالجودة. الديكور أنيق ونظيف بشكل يلفت النظر. فخور إني اكتشفت هالمكان.,positive
زرت مطعم المشويات مع العائلة وكانت تجربة تجنن. قيمة الفلوس مقابل الأكل معقولة جدا مقارنة بالكمية والجودة. استقبال الموظفين تشكر عليها، تعامل راقي وسريع. الديكور أنيق ونظيف بشكل يلفت النظر. العصائر سخن وطازج والتقديم مرتب. تقييمي خمسة من خمسة بدون تردد.,positive
مطعم البيتزا فاق كل التوقعات. السعر مناسبة، ما حسيت إني دفعت زيادة. سرعة التقديم سريعة واحترافية بشكل يجنن. السلطة كان مبهر والكمية كانت مناسبة. المكان أنيق ونظيف بشكل يلفت النظر. من أفضل المطاعم اللي جربتها هالفترة.,positive
تجربتنا في مطعم الفطور كانت رهيبة. الأسعار مقارنة بالكمية مناسبة، ما حسيت إني دفعت زيادة. تعامل النادل كانت راقية جدا والموظفين مبتسمين ومتعاونين. الأصناف اللي طلبناها سخن وطازج والتقديم مرتب. مكان يستاهل تجربته أكثر من مرة.,positive
من أفضل تجاربي مع مطعم الفطور. الأكل كان لذيذ من أول لقمة. سرعة التقديم سريعة واحترافية بشكل يجنن. الأسعار مقارنة بالكمية ممتازة ومناسبة جدا للجودة المقدمة. فخور إني اكتشفت هالمكان.,positive
زرنا مطعم المشويات أمس ووالله ما توقعنا يكون بهالحلاوة. استقبال الموظفين سريعة واحترافية بشكل يجنن. قيمة الفلوس مقابل الأكل مناسبة، ما حسيت إني دفعت زيادة. المكان أنيق ونظيف بشكل يلفت النظر. ما أكلت المقبلات بهالجودة من زمان. أنصح فيه بقوة لأي شخص يدور على مكان مميز.,positive
من أفضل تجاربي مع مطعم البيتزا. الحلا كان ذا مستوى راقي جدا. الخدمة بشكل عام كانت راقية جدا والموظفين مبتسمين ومتعاونين. بشكل عام تجربة تستاهل خمس نجوم كاملة.,positive
ما شاء الله على مطعم الفطور. المقبلات فوق الوصف، نكهات متوازنة وحلوة. من أفضل المطاعم اللي جربتها هالفترة.,positive
أنصح الكل يجرب المطعم الشعبي. الأسعار مقارنة بالكمية معقولة جدا مقارنة بالكمية والجودة. المكان جميل جدا ومريح. الوجبة طعمه خرافي ما توقعته بهالجودة. من أفضل المطاعم اللي جربتها هالفترة.,positive
تجربتنا في المطعم اللي جربناه كانت رهيبة. الخدمة فوق الممتاز، اهتمام بالتفاصيل. الأسعار مقارنة بالكمية مناسبة، ما حسيت إني دفعت زيادة. الأصناف اللي طلبناها سخن وطازج والتقديم مرتب. الجو العام أنيق ونظيف بشكل يلفت النظر. بشكل عام تجربة تستاهل خمس نجوم كاملة.,positive
أنصح الكل يجرب المكان. المشاوي كان لذيذ جدا وطازج. الترتيب الداخلي هادئ ومناسب للعائلة. السعر ممتازة ومناسبة جدا للجودة المقدمة. من أفضل المطاعم اللي جربتها هالفترة.,positive
ما شاء الله على المطعم الجديد. الخدمة كانت مثالية من أول ما دخلنا. البيتزا كان ذا مستوى راقي جدا. بشكل عام تجربة تستاهل خمس نجوم كاملة.,positive
من أفضل تجاربي مع الكافيه. الأجواء جميل جدا ومريح. استقبال الموظفين فوق الممتاز، اهتمام بالتفاصيل. الأصناف اللي طلبناها طعمه خرافي ما توقعته بهالجودة. فخور إني اكتشفت هالمكان.,positive
زرت مطعم الأكل الإيطالي مع العائلة وكانت تجربة تجنن. ما أكلت الوجبة بهالجودة من زمان. تعامل النادل سريعة واحترافية بشكل يجنن. السعر مناسبة، ما حسيت إني دفعت زيادة. بشكل عام تجربة تستاهل خمس نجوم كاملة.,positive
تجربتنا في مطعم المشويات كانت رهيبة. سرعة التقديم كانت راقية جدا والموظفين مبتسمين ومتعاونين. قيمة الفلوس مقابل الأكل معقولة جدا مقارنة بالكمية والجودة. الجو العام أنيق ونظيف بشكل يلفت النظر. الأرز كان لذيذ من أول لقمة. تجربة ما تنسى، يستاهل كل التقييمات الإيجابية.,positive
ما شاء الله على المطعم. الأجواء هادئ ومناسب للعائلة. ما أكلت العصائر بهالجودة من زمان. قيمة الفلوس مقابل الأكل مناسبة، ما حسيت إني دفعت زيادة. مكان يستاهل تجربته أكثر من مرة.,positive
ما شاء الله على المطعم اللي جربناه. ما أكلت البيتزا بهالجودة من زمان. تعامل النادل تشكر عليها، تعامل راقي وسريع. الأسعار مقارنة بالكمية ممتازة ومناسبة جدا للجودة المقدمة. تجربة ما تنسى، يستاهل كل التقييمات الإيجابية.,positive
مطعم الوجبات السريعة فاق كل التوقعات. النظافة مرتب وله لمسة مميزة. السعر مناسبة، ما حسيت إني دفعت زيادة. الأصناف اللي طلبناها سخن وطازج والتقديم مرتب. تعامل النادل تشكر عليها، تعامل راقي وسريع. مكان يستاهل تجربته أكثر من مرة.,positive
زرت المكان مع العائلة وكانت تجربة تجنن. السعر ممتازة ومناسبة جدا للجودة المقدمة. الأكل كان ذا مستوى راقي جدا. الخدمة بشكل عام كانت راقية جدا والموظفين مبتسمين ومتعاونين. الترتيب الداخلي جميل جدا ومريح. فخور إني اكتشفت هالمكان.,positive
جربنا المكان أول مرة وصراحة انبهرنا. قيمة الفلوس مقابل الأكل ممتازة ومناسبة جدا للجودة المقدمة. الأكل طعمه خرافي ما توقعته بهالجودة. الخدمة تشكر عليها، تعامل راقي وسريع. الأجواء هادئ ومناسب للعائلة. تقييمي خمسة من خمسة بدون تردد.,positive
ما شاء الله على مطعم الوجبات السريعة. الأسعار ممتازة ومناسبة جدا للجودة المقدمة. الخدمة بشكل عام كانت راقية جدا والموظفين مبتسمين ومتعاونين. الأكل سخن وطازج والتقديم مرتب. فخور إني اكتشفت هالمكان.,positive
زرت المطعم الجديد مع العائلة وكانت تجربة تجنن. المكان هادئ ومناسب للعائلة. الخدمة بشكل عام فوق الممتاز، اهتمام بالتفاصيل. الوجبة كان ذا مستوى راقي جدا. السعر ممتازة ومناسبة جدا للجودة المقدمة. أكيد راح أرجع مرة ثانية وأكثر.,positive
زرت مطعم البرجر مع العائلة وكانت تجربة تجنن. السلطة كان مبهر والكمية كانت مناسبة. الأسعار مقارنة بالكمية تستاهل كل ريال. الخدمة بشكل عام تشكر عليها، تعامل راقي وسريع. من أفضل المطاعم اللي جربتها هالفترة.,positive
زرت الفرع مع العائلة وكانت تجربة تجنن. تعامل النادل تشكر عليها، تعامل راقي وسريع. السلطة كان لذيذ من أول لقمة. المكان أنيق ونظيف بشكل يلفت النظر. تجربة ما تنسى، يستاهل كل التقييمات الإيجابية.,positive
من أفضل تجاربي مع مطعم الأكل الإيطالي. النظافة هادئ ومناسب للعائلة. الخدمة سريعة واحترافية بشكل يجنن. ما أكلت العصائر بهالجودة من زمان. تجربة ما تنسى، يستاهل كل التقييمات الإيجابية.,positive
ما شاء الله على مطعم المشويات. المقبلات فوق الوصف، نكهات متوازنة وحلوة. الخدمة بشكل عام سريعة واحترافية بشكل يجنن. بشكل عام تجربة تستاهل خمس نجوم كاملة.,positive
من أفضل تجاربي مع مطعم الوجبات السريعة. الطعام كان لذيذ من أول لقمة. الترتيب الداخلي مرتب وله لمسة مميزة. تعامل النادل فوق الممتاز، اهتمام بالتفاصيل. أنصح فيه بقوة لأي شخص يدور على مكان مميز.,positive
زرنا مطعم الوجبات السريعة أمس ووالله ما توقعنا يكون بهالحلاوة. قيمة الفلوس مقابل الأكل تستاهل كل ريال. تعامل النادل كانت راقية جدا والموظفين مبتسمين ومتعاونين. السلطة فوق الوصف، نكهات متوازنة وحلوة. تجربة ما تنسى، يستاهل كل التقييمات الإيجابية.,positive
والله المطعم الجديد فوق الممتاز. سرعة التقديم كانت مثالية من أول ما دخلنا. قيمة الفلوس مقابل الأكل مناسبة، ما حسيت إني دفعت زيادة. ما أكلت الطعام بهالجودة من زمان. مكان يستاهل تجربته أكثر من مرة.,positive
ما شاء الله على المطعم الجديد. الخدمة فوق الممتاز، اهتمام بالتفاصيل. النظافة جميل جدا ومريح. الأسعار ممتازة ومناسبة جدا للجودة المقدمة. الأصناف اللي طلبناها طعمه خرافي ما توقعته بهالجودة. فخور إني اكتشفت هالمكان.,positive
أنصح الكل يجرب الكافيه. قيمة الفلوس مقابل الأكل معقولة جدا مقارنة بالكمية والجودة. استقبال الموظفين سريعة واحترافية بشكل يجنن. الوجبة سخن وطازج والتقديم مرتب. تقييمي خمسة من خمسة بدون تردد.,positive
كنت مع أصحابي في المطعم وقضينا وقت ولا أحلى. السلطة سخن وطازج والتقديم مرتب. سرعة التقديم فوق الممتاز، اهتمام بالتفاصيل. فخور إني اكتشفت هالمكان.,positive
مطعم البيتزا فاق كل التوقعات. الخدمة بشكل عام سريعة واحترافية بشكل يجنن. الأرز كان لذيذ من أول لقمة. من أفضل المطاعم اللي جربتها هالفترة.,positive
كنت مع أصحابي في الفرع وقضينا وقت ولا أحلى. الديكور جميل جدا ومريح. استقبال الموظفين كانت راقية جدا والموظفين مبتسمين ومتعاونين. الأصناف اللي طلبناها كان ذا مستوى راقي جدا. أكيد راح أرجع مرة ثانية وأكثر.,positive
ما شاء الله على المكان. الخدمة سريعة واحترافية بشكل يجنن. الأرز طعمه خرافي ما توقعته بهالجودة. تقييمي خمسة من خمسة بدون تردد.,positive
والله المطعم الجديد فوق الممتاز. النظافة أنيق ونظيف بشكل يلفت النظر. المقبلات كان لذيذ جدا وطازج. استقبال الموظفين تشكر عليها، تعامل راقي وسريع. بشكل عام تجربة تستاهل خمس نجوم كاملة.,positive
أنصح الكل يجرب المكان. الترتيب الداخلي هادئ ومناسب للعائلة. الأكل كان مبهر والكمية كانت مناسبة. استقبال الموظفين تشكر عليها، تعامل راقي وسريع. السعر معقولة جدا مقارنة بالكمية والجودة. فخور إني اكتشفت هالمكان.,positive
تجربتنا في الكافيه كانت رهيبة. استقبال الموظفين كانت مثالية من أول ما دخلنا. ما أكلت السلطة بهالجودة من زمان. أكيد راح أرجع مرة ثانية وأكثر.,positive
مطعم المأكولات البحرية فاق كل التوقعات. المكان هادئ ومناسب للعائلة. استقبال الموظفين فوق الممتاز، اهتمام بالتفاصيل. ما أكلت الحلا بهالجودة من زمان. فخور إني اكتشفت هالمكان.,positive
زرت مطعم المشويات مع العائلة وكانت تجربة تجنن. الطعام فوق الوصف، نكهات متوازنة وحلوة. الأسعار ممتازة ومناسبة جدا للجودة المقدمة. الجو العام أنيق ونظيف بشكل يلفت النظر. تجربة ما تنسى، يستاهل كل التقييمات الإيجابية.,positive
والله مطعم الأكل الإيطالي فوق الممتاز. الترتيب الداخلي أنيق ونظيف بشكل يلفت النظر. السلطة كان لذيذ من أول لقمة. الخدمة كانت راقية جدا والموظفين مبتسمين ومتعاونين. مكان يستاهل تجربته أكثر من مرة.,positive
مطعم الوجبات السريعة فاق كل التوقعات. الأصناف اللي طلبناها كان لذيذ من أول لقمة. من أفضل المطاعم اللي جربتها هالفترة.,positive
أنصح الكل يجرب مطعم البيتزا. الديكور مرتب وله لمسة مميزة. السلطة كان لذيذ من أول لقمة. استقبال الموظفين فوق الممتاز، اهتمام بالتفاصيل. أكيد راح أرجع مرة ثانية وأكثر.,positive
كنت مع أصحابي في الفرع وقضينا وقت ولا أحلى. استقبال الموظفين سريعة واحترافية بشكل يجنن. الأكل طعمه خرافي ما توقعته بهالجودة. أكيد راح أرجع مرة ثانية وأكثر.,positive
تجربتنا في مطعم الوجبات السريعة كانت رهيبة. النظافة جميل جدا ومريح. قيمة الفلوس مقابل الأكل معقولة جدا مقارنة بالكمية والجودة. العصائر فوق الوصف، نكهات متوازنة وحلوة. أكيد راح أرجع مرة ثانية وأكثر.,positive
زرنا مطعم الفطور أمس ووالله ما توقعنا يكون بهالحلاوة. الوجبة كان مبهر والكمية كانت مناسبة. استقبال الموظفين كانت مثالية من أول ما دخلنا. تجربة ما تنسى، يستاهل كل التقييمات الإيجابية.,positive
مطعم الفطور فاق كل التوقعات. قيمة الفلوس مقابل الأكل ممتازة ومناسبة جدا للجودة المقدمة. البرجر كان مبهر والكمية كانت مناسبة. من أفضل المطاعم اللي جربتها هالفترة.,positive
تجربتنا في مطعم الفطور كانت رهيبة. البرجر سخن وطازج والتقديم مرتب. أنصح فيه بقوة لأي شخص يدور على مكان مميز.,positive
زرنا مطعم البيتزا أمس ووالله ما توقعنا يكون بهالحلاوة. الخدمة كانت راقية جدا والموظفين مبتسمين ومتعاونين. الطعام كان لذيذ من أول لقمة. الأسعار مقارنة بالكمية مناسبة، ما حسيت إني دفعت زيادة. النظافة أنيق ونظيف بشكل يلفت النظر. مكان يستاهل تجربته أكثر من مرة.,positive
كنت مع أصحابي في مطعم الأكل الإيطالي وقضينا وقت ولا أحلى. الأرز فوق الوصف، نكهات متوازنة وحلوة. الخدمة كانت مثالية من أول ما دخلنا. أنصح فيه بقوة لأي شخص يدور على مكان مميز.,positive
زرت مطعم المشويات مع العائلة وكانت تجربة تجنن. الطعام طعمه خرافي ما توقعته بهالجودة. سرعة التقديم فوق الممتاز، اهتمام بالتفاصيل. السعر تستاهل كل ريال. تجربة ما تنسى، يستاهل كل التقييمات الإيجابية.,positive
تجربتنا في مطعم المشويات كانت رهيبة. الأسعار معقولة جدا مقارنة بالكمية والجودة. الحلا كان ذا مستوى راقي جدا. النظافة أنيق ونظيف بشكل يلفت النظر. مكان يستاهل تجربته أكثر من مرة.,positive
ما شاء الله على المطعم اللي جربناه. الأكل طعمه خرافي ما توقعته بهالجودة. استقبال الموظفين كانت راقية جدا والموظفين مبتسمين ومتعاونين. مكان يستاهل تجربته أكثر من مرة.,positive
أنصح الكل يجرب الكافيه. الوجبة سخن وطازج والتقديم مرتب. فخور إني اكتشفت هالمكان.,positive
من أفضل تجاربي مع المطعم الشعبي. قيمة الفلوس مقابل الأكل مناسبة، ما حسيت إني دفعت زيادة. تعامل النادل كانت راقية جدا والموظفين مبتسمين ومتعاونين. الحلا كان لذيذ جدا وطازج. الجو العام أنيق ونظيف بشكل يلفت النظر. مكان يستاهل تجربته أكثر من مرة.,positive
جربنا مطعم المأكولات البحرية أول مرة وصراحة انبهرنا. الأصناف اللي طلبناها سخن وطازج والتقديم مرتب. الأسعار مناسبة، ما حسيت إني دفعت زيادة. الخدمة كانت مثالية من أول ما دخلنا. أكيد راح أرجع مرة ثانية وأكثر.,positive
أنصح الكل يجرب المطعم اللي جربناه. ما أكلت الطعام بهالجودة من زمان. الأجواء هادئ ومناسب للعائلة. سرعة التقديم تشكر عليها، تعامل راقي وسريع. الأسعار تستاهل كل ريال. تقييمي خمسة من خمسة بدون تردد.,positive
مطعم البيتزا فاق كل التوقعات. استقبال الموظفين سريعة واحترافية بشكل يجنن. الأسعار معقولة جدا مقارنة بالكمية والجودة. الوجبة الرئيسية فوق الوصف، نكهات متوازنة وحلوة. فخور إني اكتشفت هالمكان.,positive
تجربتنا في مطعم الفطور كانت رهيبة. البرجر كان لذيذ جدا وطازج. استقبال الموظفين سريعة واحترافية بشكل يجنن. أنصح فيه بقوة لأي شخص يدور على مكان مميز.,positive
زرنا الكافيه أمس ووالله ما توقعنا يكون بهالحلاوة. الوجبة الرئيسية كان مبهر والكمية كانت مناسبة. سرعة التقديم سريعة واحترافية بشكل يجنن. الأسعار مقارنة بالكمية ممتازة ومناسبة جدا للجودة المقدمة. المكان جميل جدا ومريح. تقييمي خمسة من خمسة بدون تردد.,positive
زرنا مطعم البيتزا أمس ووالله ما توقعنا يكون بهالحلاوة. سرعة التقديم كانت مثالية من أول ما دخلنا. الأصناف اللي طلبناها كان لذيذ من أول لقمة. مكان يستاهل تجربته أكثر من مرة.,positive
كنت مع أصحابي في مطعم الفطور وقضينا وقت ولا أحلى. قيمة الفلوس مقابل الأكل مناسبة، ما حسيت إني دفعت زيادة. الخدمة كانت راقية جدا والموظفين مبتسمين ومتعاونين. الجو العام مرتب وله لمسة مميزة. السلطة سخن وطازج والتقديم مرتب. مكان يستاهل تجربته أكثر من مرة.,positive
جربنا مطعم الفطور أول مرة وصراحة انبهرنا. المقبلات فوق الوصف، نكهات متوازنة وحلوة. سرعة التقديم فوق الممتاز، اهتمام بالتفاصيل. الأسعار مقارنة بالكمية مناسبة، ما حسيت إني دفعت زيادة. أكيد راح أرجع مرة ثانية وأكثر.,positive
من أفضل تجاربي مع مطعم الوجبات السريعة. الخدمة بشكل عام فوق الممتاز، اهتمام بالتفاصيل. ما أكلت الأكل بهالجودة من زمان. الأسعار مناسبة، ما حسيت إني دفعت زيادة. فخور إني اكتشفت هالمكان.,positive
والله المطعم فوق الممتاز. الأرز سخن وطازج والتقديم مرتب. النظافة أنيق ونظيف بشكل يلفت النظر. تعامل النادل سريعة واحترافية بشكل يجنن. أنصح فيه بقوة لأي شخص يدور على مكان مميز.,positive
والله مطعم المأكولات البحرية فوق الممتاز. السعر تستاهل كل ريال. الجو العام مرتب وله لمسة مميزة. سرعة التقديم سريعة واحترافية بشكل يجنن. الأصناف اللي طلبناها طعمه خرافي ما توقعته بهالجودة. أكيد راح أرجع مرة ثانية وأكثر.,positive
أنصح الكل يجرب المطعم الجديد. الجو العام أنيق ونظيف بشكل يلفت النظر. الخدمة بشكل عام تشكر عليها، تعامل راقي وسريع. البرجر سخن وطازج والتقديم مرتب. السعر ممتازة ومناسبة جدا للجودة المقدمة. تجربة ما تنسى، يستاهل كل التقييمات الإيجابية.,positive
من أفضل تجاربي مع مطعم البرجر. الأسعار مقارنة بالكمية معقولة جدا مقارنة بالكمية والجودة. الأكل سخن وطازج والتقديم مرتب. سرعة التقديم فوق الممتاز، اهتمام بالتفاصيل. المكان أنيق ونظيف بشكل يلفت النظر. فخور إني اكتشفت هالمكان.,positive
ما شاء الله على مطعم البيتزا. سرعة التقديم كانت مثالية من أول ما دخلنا. الأسعار تستاهل كل ريال. الجو العام مرتب وله لمسة مميزة. البرجر سخن وطازج والتقديم مرتب. من أفضل المطاعم اللي جربتها هالفترة.,positive
من أفضل تجاربي مع المطعم. الأصناف اللي طلبناها كان ذا مستوى راقي جدا. الخدمة بشكل عام كانت مثالية من أول ما دخلنا. قيمة الفلوس مقابل الأكل ممتازة ومناسبة جدا للجودة المقدمة. الديكور أنيق ونظيف بشكل يلفت النظر. من أفضل المطاعم اللي جربتها هالفترة.,positive
زرت المطعم مع العائلة وكانت تجربة تجنن. سرعة التقديم سريعة واحترافية بشكل يجنن. الوجبة الرئيسية كان مبهر والكمية كانت مناسبة. الأسعار تستاهل كل ريال. أنصح فيه بقوة لأي شخص يدور على مكان مميز.,positive
مطعم الوجبات السريعة فاق كل التوقعات. الديكور مرتب وله لمسة مميزة. الأسعار مقارنة بالكمية مناسبة، ما حسيت إني دفعت زيادة. تعامل النادل كانت مثالية من أول ما دخلنا. البيتزا كان مبهر والكمية كانت مناسبة. من أفضل المطاعم اللي جربتها هالفترة.,positive
أنصح الكل يجرب المطعم اللي جربناه. الخدمة بشكل عام كانت راقية جدا والموظفين مبتسمين ومتعاونين. السلطة فوق الوصف، نكهات متوازنة وحلوة. الترتيب الداخلي مرتب وله لمسة مميزة. الأسعار تستاهل كل ريال. مكان يستاهل تجربته أكثر من مرة.,positive
ما شاء الله على المكان. الأسعار ممتازة ومناسبة جدا للجودة المقدمة. الخدمة بشكل عام فوق الممتاز، اهتمام بالتفاصيل. الجو العام أنيق ونظيف بشكل يلفت النظر. العصائر كان ذا مستوى راقي جدا. مكان يستاهل تجربته أكثر من مرة.,positive
والله المطعم اللي جربناه فوق الممتاز. الوجبة الرئيسية كان لذيذ من أول لقمة. الخدمة كانت مثالية من أول ما دخلنا. الأسعار معقولة جدا مقارنة بالكمية والجودة. الأجواء جميل جدا ومريح. بشكل عام تجربة تستاهل خمس نجوم كاملة.,positive
جربنا المطعم الجديد أول مرة وصراحة انبهرنا. قيمة الفلوس مقابل الأكل مناسبة، ما حسيت إني دفعت زيادة. الوجبة فوق الوصف، نكهات متوازنة وحلوة. استقبال الموظفين تشكر عليها، تعامل راقي وسريع. الترتيب الداخلي جميل جدا ومريح. أكيد راح أرجع مرة ثانية وأكثر.,positive
زرنا مطعم البيتزا أمس ووالله ما توقعنا يكون بهالحلاوة. السعر مناسبة، ما حسيت إني دفعت زيادة. الخدمة سريعة واحترافية بشكل يجنن. الحلا كان ذا مستوى راقي جدا. تجربة ما تنسى، يستاهل كل التقييمات الإيجابية.,positive
كنت مع أصحابي في المطعم الجديد وقضينا وقت ولا أحلى. الأسعار تستاهل كل ريال. الطعام طعمه خرافي ما توقعته بهالجودة. أنصح فيه بقوة لأي شخص يدور على مكان مميز.,positive
جربنا المطعم أول مرة وصراحة انبهرنا. قيمة الفلوس مقابل الأكل مناسبة، ما حسيت إني دفعت زيادة. الطعام طعمه خرافي ما توقعته بهالجودة. سرعة التقديم سريعة واحترافية بشكل يجنن. الجو العام أنيق ونظيف بشكل يلفت النظر. أنصح فيه بقوة لأي شخص يدور على مكان مميز.,positive
زرنا الكافيه أمس ووالله ما توقعنا يكون بهالحلاوة. الخدمة بشكل عام سريعة واحترافية بشكل يجنن. المقبلات كان لذيذ جدا وطازج. من أفضل المطاعم اللي جربتها هالفترة.,positive
من أفضل تجاربي مع مطعم البيتزا. الطعام كان لذيذ من أول لقمة. بشكل عام تجربة تستاهل خمس نجوم كاملة.,positive
كنت مع أصحابي في مطعم البيتزا وقضينا وقت ولا أحلى. الأسعار معقولة جدا مقارنة بالكمية والجودة. استقبال الموظفين كانت راقية جدا والموظفين مبتسمين ومتعاونين. ما أكلت الحلا بهالجودة من زمان. تجربة ما تنسى، يستاهل كل التقييمات الإيجابية.,positive
والله مطعم البرجر فوق الممتاز. الأسعار تستاهل كل ريال. البرجر كان مبهر والكمية كانت مناسبة. الخدمة بشكل عام كانت مثالية من أول ما دخلنا. من أفضل المطاعم اللي جربتها هالفترة.,positive
زرت المطعم الشعبي مع العائلة وكانت تجربة تجنن. الأكل كان ذا مستوى راقي جدا. الترتيب الداخلي أنيق ونظيف بشكل يلفت النظر. تعامل النادل كانت راقية جدا والموظفين مبتسمين ومتعاونين. فخور إني اكتشفت هالمكان.,positive
كنت مع أصحابي في مطعم البيتزا وقضينا وقت ولا أحلى. البيتزا طعمه خرافي ما توقعته بهالجودة. الخدمة كانت مثالية من أول ما دخلنا. من أفضل المطاعم اللي جربتها هالفترة.,positive
زرنا المكان أمس ووالله ما توقعنا يكون بهالحلاوة. استقبال الموظفين كانت راقية جدا والموظفين مبتسمين ومتعاونين. الوجبة الرئيسية طعمه خرافي ما توقعته بهالجودة. السعر تستاهل كل ريال. من أفضل المطاعم اللي جربتها هالفترة.,positive
أنصح الكل يجرب مطعم البيتزا. المكان جميل جدا ومريح. الأسعار مقارنة بالكمية ممتازة ومناسبة جدا للجودة المقدمة. تعامل النادل تشكر عليها، تعامل راقي وسريع. المشاوي كان لذيذ من أول لقمة. أنصح فيه بقوة لأي شخص يدور على مكان مميز.,positive
تجربتنا في مطعم الأكل الإيطالي كانت رهيبة. سرعة التقديم سريعة واحترافية بشكل يجنن. السلطة كان مبهر والكمية كانت مناسبة. تجربة ما تنسى، يستاهل كل التقييمات الإيجابية.,positive
زرنا المطعم الجديد أمس ووالله ما توقعنا يكون بهالحلاوة. السعر تستاهل كل ريال. الحلا سخن وطازج والتقديم مرتب. سرعة التقديم كانت مثالية من أول ما دخلنا. من أفضل المطاعم اللي جربتها هالفترة.,positive
ما شاء الله على مطعم المأكولات البحرية. المشاوي كان ذا مستوى راقي جدا. السعر معقولة جدا مقارنة بالكمية والجودة. تجربة ما تنسى، يستاهل كل التقييمات الإيجابية.,positive
زرت الفرع مع العائلة وكانت تجربة تجنن. سرعة التقديم فوق الممتاز، اهتمام بالتفاصيل. السلطة كان لذيذ من أول لقمة. أنصح فيه بقوة لأي شخص يدور على مكان مميز.,positive
ما شاء الله على الفرع. المقبلات كان لذيذ من أول لقمة. سرعة التقديم فوق الممتاز، اهتمام بالتفاصيل. الأسعار مقارنة بالكمية ممتازة ومناسبة جدا للجودة المقدمة. تقييمي خمسة من خمسة بدون تردد.,positive
والله المطعم الشعبي فوق الممتاز. الأسعار مقارنة بالكمية معقولة جدا مقارنة بالكمية والجودة. سرعة التقديم كانت راقية جدا والموظفين مبتسمين ومتعاونين. الأصناف اللي طلبناها طعمه خرافي ما توقعته بهالجودة. من أفضل المطاعم اللي جربتها هالفترة.,positive
والله المطعم اللي جربناه فوق الممتاز. الأرز سخن وطازج والتقديم مرتب. الخدمة بشكل عام كانت راقية جدا والموظفين مبتسمين ومتعاونين. الأسعار مقارنة بالكمية معقولة جدا مقارنة بالكمية والجودة. أكيد راح أرجع مرة ثانية وأكثر.,positive
زرت مطعم المأكولات البحرية مع العائلة وكانت تجربة تجنن. الجو العام هادئ ومناسب للعائلة. الأصناف اللي طلبناها سخن وطازج والتقديم مرتب. الخدمة بشكل عام سريعة واحترافية بشكل يجنن. مكان يستاهل تجربته أكثر من مرة.,positive
من أفضل تجاربي مع مطعم البرجر. البرجر سخن وطازج والتقديم مرتب. الترتيب الداخلي هادئ ومناسب للعائلة. قيمة الفلوس مقابل الأكل ممتازة ومناسبة جدا للجودة المقدمة. تعامل النادل كانت راقية جدا والموظفين مبتسمين ومتعاونين. فخور إني اكتشفت هالمكان.,positive
كنت مع أصحابي في الفرع وقضينا وقت ولا أحلى. سرعة التقديم كانت راقية جدا والموظفين مبتسمين ومتعاونين. الأكل كان لذيذ من أول لقمة. المكان مرتب وله لمسة مميزة. أنصح فيه بقوة لأي شخص يدور على مكان مميز.,positive
زرنا مطعم الفطور أمس ووالله ما توقعنا يكون بهالحلاوة. تعامل النادل كانت مثالية من أول ما دخلنا. البيتزا كان لذيذ من أول لقمة. الجو العام أنيق ونظيف بشكل يلفت النظر. الأسعار مقارنة بالكمية تستاهل كل ريال. مكان يستاهل تجربته أكثر من مرة.,positive
أنصح الكل يجرب مطعم البرجر. الخدمة تشكر عليها، تعامل راقي وسريع. العصائر طعمه خرافي ما توقعته بهالجودة. الأسعار مقارنة بالكمية ممتازة ومناسبة جدا للجودة المقدمة. أنصح فيه بقوة لأي شخص يدور على مكان مميز.,positive
تجربتنا في مطعم البرجر كانت رهيبة. المشاوي طعمه خرافي ما توقعته بهالجودة. استقبال الموظفين كانت مثالية من أول ما دخلنا. بشكل عام تجربة تستاهل خمس نجوم كاملة.,positive
كنت مع أصحابي في الفرع وقضينا وقت ولا أحلى. الجو العام مرتب وله لمسة مميزة. سرعة التقديم كانت مثالية من أول ما دخلنا. الأسعار ممتازة ومناسبة جدا للجودة المقدمة. الوجبة الرئيسية كان مبهر والكمية كانت مناسبة. بشكل عام تجربة تستاهل خمس نجوم كاملة.,positive
كنت مع أصحابي في مطعم البرجر وقضينا وقت ولا أحلى. الوجبة الرئيسية كان مبهر والكمية كانت مناسبة. الخدمة بشكل عام سريعة واحترافية بشكل يجنن. أكيد راح أرجع مرة ثانية وأكثر.,positive
من أفضل تجاربي مع مطعم المأكولات البحرية. استقبال الموظفين تشكر عليها، تعامل راقي وسريع. المكان أنيق ونظيف بشكل يلفت النظر. الأسعار ممتازة ومناسبة جدا للجودة المقدمة. الأصناف اللي طلبناها سخن وطازج والتقديم مرتب. فخور إني اكتشفت هالمكان.,positive
جربنا مطعم الأكل الإيطالي أول مرة وصراحة انبهرنا. قيمة الفلوس مقابل الأكل تستاهل كل ريال. الحلا كان لذيذ جدا وطازج. الخدمة سريعة واحترافية بشكل يجنن. المكان هادئ ومناسب للعائلة. من أفضل المطاعم اللي جربتها هالفترة.,positive
كنت مع أصحابي في مطعم الأكل الإيطالي وقضينا وقت ولا أحلى. المكان مرتب وله لمسة مميزة. ما أكلت المشاوي بهالجودة من زمان. فخور إني اكتشفت هالمكان.,positive
أنصح الكل يجرب الكافيه. الجو العام جميل جدا ومريح. ما أكلت السلطة بهالجودة من زمان. تعامل النادل كانت راقية جدا والموظفين مبتسمين ومتعاونين. أكيد راح أرجع مرة ثانية وأكثر.,positive
أنصح الكل يجرب المطعم الشعبي. البيتزا طعمه خرافي ما توقعته بهالجودة. سرعة التقديم تشكر عليها، تعامل راقي وسريع. تجربة ما تنسى، يستاهل كل التقييمات الإيجابية.,positive
جربنا الكافيه أول مرة وصراحة انبهرنا. الخدمة بشكل عام كانت راقية جدا والموظفين مبتسمين ومتعاونين. ما أكلت الحلا بهالجودة من زمان. الأسعار مقارنة بالكمية تستاهل كل ريال. من أفضل المطاعم اللي جربتها هالفترة.,positive
ما شاء الله على المطعم اللي جربناه. الأصناف اللي طلبناها سخن وطازج والتقديم مرتب. تعامل النادل كانت راقية جدا والموظفين مبتسمين ومتعاونين. الأسعار مقارنة بالكمية معقولة جدا مقارنة بالكمية والجودة. تجربة ما تنسى، يستاهل كل التقييمات الإيجابية.,positive
أنصح الكل يجرب مطعم الفطور. قيمة الفلوس مقابل الأكل ممتازة ومناسبة جدا للجودة المقدمة. النظافة مرتب وله لمسة مميزة. الوجبة الرئيسية كان ذا مستوى راقي جدا. فخور إني اكتشفت هالمكان.,positive
مطعم الوجبات السريعة فاق كل التوقعات. الوجبة طعمه خرافي ما توقعته بهالجودة. الجو العام جميل جدا ومريح. تعامل النادل تشكر عليها، تعامل راقي وسريع. الأسعار مقارنة بالكمية معقولة جدا مقارنة بالكمية والجودة. تجربة ما تنسى، يستاهل كل التقييمات الإيجابية.,positive
من أفضل تجاربي مع الفرع. النظافة مرتب وله لمسة مميزة. الوجبة كان مبهر والكمية كانت مناسبة. مكان يستاهل تجربته أكثر من مرة.,positive
والله الكافيه فوق الممتاز. البرجر طعمه خرافي ما توقعته بهالجودة. الأسعار مقارنة بالكمية معقولة جدا مقارنة بالكمية والجودة. الأجواء هادئ ومناسب للعائلة. بشكل عام تجربة تستاهل خمس نجوم كاملة.,positive
والله مطعم البرجر فوق الممتاز. الجو العام مرتب وله لمسة مميزة. الخدمة كانت راقية جدا والموظفين مبتسمين ومتعاونين. الأسعار مقارنة بالكمية مناسبة، ما حسيت إني دفعت زيادة. البيتزا كان مبهر والكمية كانت مناسبة. تقييمي خمسة من خمسة بدون تردد.,positive
جربنا المكان أول مرة وصراحة انبهرنا. الوجبة كان لذيذ من أول لقمة. السعر معقولة جدا مقارنة بالكمية والجودة. فخور إني اكتشفت هالمكان.,positive
من أفضل تجاربي مع مطعم الأكل الإيطالي. الأجواء هادئ ومناسب للعائلة. سرعة التقديم كانت راقية جدا والموظفين مبتسمين ومتعاونين. العصائر فوق الوصف، نكهات متوازنة وحلوة. السعر ممتازة ومناسبة جدا للجودة المقدمة. مكان يستاهل تجربته أكثر من مرة.,positive
والله مطعم الوجبات السريعة فوق الممتاز. السعر معقولة جدا مقارنة بالكمية والجودة. سرعة التقديم تشكر عليها، تعامل راقي وسريع. الديكور أنيق ونظيف بشكل يلفت النظر. الحلا طعمه خرافي ما توقعته بهالجودة. تقييمي خمسة من خمسة بدون تردد.,positive
جربنا المطعم أول مرة وصراحة انبهرنا. الأسعار مقارنة بالكمية ممتازة ومناسبة جدا للجودة المقدمة. الأكل طعمه خرافي ما توقعته بهالجودة. أكيد راح أرجع مرة ثانية وأكثر.,positive
تجربتنا في المطعم اللي جربناه كانت رهيبة. الأصناف اللي طلبناها كان مبهر والكمية كانت مناسبة. الخدمة كانت مثالية من أول ما دخلنا. أنصح فيه بقوة لأي شخص يدور على مكان مميز.,positive
تجربتنا في مطعم البرجر كانت رهيبة. قيمة الفلوس مقابل الأكل تستاهل كل ريال. البيتزا طعمه خرافي ما توقعته بهالجودة. استقبال الموظفين كانت مثالية من أول ما دخلنا. أكيد راح أرجع مرة ثانية وأكثر.,positive
ما شاء الله على المطعم الشعبي. المقبلات كان لذيذ من أول لقمة. السعر مناسبة، ما حسيت إني دفعت زيادة. النظافة جميل جدا ومريح. استقبال الموظفين كانت مثالية من أول ما دخلنا. من أفضل المطاعم اللي جربتها هالفترة.,positive
ما شاء الله على المطعم الشعبي. قيمة الفلوس مقابل الأكل معقولة جدا مقارنة بالكمية والجودة. المقبلات كان ذا مستوى راقي جدا. تعامل النادل سريعة واحترافية بشكل يجنن. أكيد راح أرجع مرة ثانية وأكثر.,positive
أنصح الكل يجرب المطعم الجديد. الطعام كان ذا مستوى راقي جدا. قيمة الفلوس مقابل الأكل مناسبة، ما حسيت إني دفعت زيادة. الترتيب الداخلي أنيق ونظيف بشكل يلفت النظر. استقبال الموظفين كانت راقية جدا والموظفين مبتسمين ومتعاونين. تقييمي خمسة من خمسة بدون تردد.,positive
زرت المطعم اللي جربناه مع العائلة وكانت تجربة تجنن. الخدمة بشكل عام كانت راقية جدا والموظفين مبتسمين ومتعاونين. المشاوي فوق الوصف، نكهات متوازنة وحلوة. بشكل عام تجربة تستاهل خمس نجوم كاملة.,positive
ما شاء الله على مطعم الأكل الإيطالي. ما أكلت البرجر بهالجودة من زمان. الخدمة فوق الممتاز، اهتمام بالتفاصيل. أنصح فيه بقوة لأي شخص يدور على مكان مميز.,positive
المطعم الشعبي فاق كل التوقعات. تعامل النادل تشكر عليها، تعامل راقي وسريع. السعر معقولة جدا مقارنة بالكمية والجودة. الجو العام مرتب وله لمسة مميزة. الأكل سخن وطازج والتقديم مرتب. فخور إني اكتشفت هالمكان.,positive
أنصح الكل يجرب مطعم الوجبات السريعة. الخدمة كانت راقية جدا والموظفين مبتسمين ومتعاونين. السعر مناسبة، ما حسيت إني دفعت زيادة. العصائر طعمه خرافي ما توقعته بهالجودة. المكان أنيق ونظيف بشكل يلفت النظر. تقييمي خمسة من خمسة بدون تردد.,positive
المطعم الشعبي فاق كل التوقعات. الأكل كان لذيذ من أول لقمة. بشكل عام تجربة تستاهل خمس نجوم كاملة.,positive
كنت مع أصحابي في المكان وقضينا وقت ولا أحلى. قيمة الفلوس مقابل الأكل تستاهل كل ريال. الوجبة كان مبهر والكمية كانت مناسبة. تعامل النادل كانت راقية جدا والموظفين مبتسمين ومتعاونين. تجربة ما تنسى، يستاهل كل التقييمات الإيجابية.,positive
جربنا الكافيه أول مرة وصراحة انبهرنا. تعامل النادل سريعة واحترافية بشكل يجنن. الأكل كان ذا مستوى راقي جدا. الأسعار مقارنة بالكمية معقولة جدا مقارنة بالكمية والجودة. مكان يستاهل تجربته أكثر من مرة.,positive
تجربتنا في المطعم الشعبي كانت رهيبة. الخدمة كانت مثالية من أول ما دخلنا. البيتزا سخن وطازج والتقديم مرتب. الأسعار ممتازة ومناسبة جدا للجودة المقدمة. من أفضل المطاعم اللي جربتها هالفترة.,positive
المطعم فاق كل التوقعات. قيمة الفلوس مقابل الأكل معقولة جدا مقارنة بالكمية والجودة. تعامل النادل فوق الممتاز، اهتمام بالتفاصيل. ما أكلت الوجبة الرئيسية بهالجودة من زمان. تجربة ما تنسى، يستاهل كل التقييمات الإيجابية.,positive
من أفضل تجاربي مع الكافيه. الأرز فوق الوصف، نكهات متوازنة وحلوة. الخدمة تشكر عليها، تعامل راقي وسريع. بشكل عام تجربة تستاهل خمس نجوم كاملة.,positive
جربنا مطعم المأكولات البحرية أول مرة وصراحة انبهرنا. السلطة كان لذيذ من أول لقمة. الأسعار ممتازة ومناسبة جدا للجودة المقدمة. تعامل النادل سريعة واحترافية بشكل يجنن. من أفضل المطاعم اللي جربتها هالفترة.,positive
زرنا مطعم البيتزا أمس ووالله ما توقعنا يكون بهالحلاوة. ما أكلت الأكل بهالجودة من زمان. قيمة الفلوس مقابل الأكل ممتازة ومناسبة جدا للجودة المقدمة. سرعة التقديم فوق الممتاز، اهتمام بالتفاصيل. بشكل عام تجربة تستاهل خمس نجوم كاملة.,positive
جربنا مطعم الأكل الإيطالي أول مرة وصراحة انبهرنا. السعر مناسبة، ما حسيت إني دفعت زيادة. الأصناف اللي طلبناها كان ذا مستوى راقي جدا. بشكل عام تجربة تستاهل خمس نجوم كاملة.,positive
مطعم البرجر فاق كل التوقعات. ما أكلت الوجبة بهالجودة من زمان. قيمة الفلوس مقابل الأكل معقولة جدا مقارنة بالكمية والجودة. الترتيب الداخلي جميل جدا ومريح. الخدمة بشكل عام كانت راقية جدا والموظفين مبتسمين ومتعاونين. أكيد راح أرجع مرة ثانية وأكثر.,positive
زرت المطعم اللي جربناه مع العائلة وكانت تجربة تجنن. الديكور هادئ ومناسب للعائلة. الأسعار مقارنة بالكمية مناسبة، ما حسيت إني دفعت زيادة. ما أكلت الحلا بهالجودة من زمان. استقبال الموظفين كانت مثالية من أول ما دخلنا. تجربة ما تنسى، يستاهل كل التقييمات الإيجابية.,positive
من أفضل تجاربي مع الفرع. تعامل النادل سريعة واحترافية بشكل يجنن. قيمة الفلوس مقابل الأكل ممتازة ومناسبة جدا للجودة المقدمة. النظافة مرتب وله لمسة مميزة. المقبلات كان لذيذ من أول لقمة. بشكل عام تجربة تستاهل خمس نجوم كاملة.,positive
كنت مع أصحابي في المطعم وقضينا وقت ولا أحلى. المقبلات فوق الوصف، نكهات متوازنة وحلوة. الأسعار معقولة جدا مقارنة بالكمية والجودة. المكان هادئ ومناسب للعائلة. أنصح فيه بقوة لأي شخص يدور على مكان مميز.,positive
جربنا مطعم الفطور أول مرة وصراحة انبهرنا. الجو العام هادئ ومناسب للعائلة. المقبلات فوق الوصف، نكهات متوازنة وحلوة. الأسعار تستاهل كل ريال. الخدمة بشكل عام كانت مثالية من أول ما دخلنا. فخور إني اكتشفت هالمكان.,positive
زرت مطعم الفطور مع العائلة وكانت تجربة تجنن. استقبال الموظفين فوق الممتاز، اهتمام بالتفاصيل. ما أكلت البيتزا بهالجودة من زمان. فخور إني اكتشفت هالمكان.,positive
أنصح الكل يجرب مطعم البيتزا. المشاوي كان لذيذ من أول لقمة. الأسعار مناسبة، ما حسيت إني دفعت زيادة. الترتيب الداخلي جميل جدا ومريح. الخدمة بشكل عام فوق الممتاز، اهتمام بالتفاصيل. تقييمي خمسة من خمسة بدون تردد.,positive
مطعم البيتزا فاق كل التوقعات. السلطة كان لذيذ من أول لقمة. النظافة مرتب وله لمسة مميزة. سرعة التقديم تشكر عليها، تعامل راقي وسريع. الأسعار مقارنة بالكمية معقولة جدا مقارنة بالكمية والجودة. فخور إني اكتشفت هالمكان.,positive
جربنا المطعم الشعبي أول مرة وصراحة انبهرنا. الخدمة فوق الممتاز، اهتمام بالتفاصيل. العصائر كان مبهر والكمية كانت مناسبة. قيمة الفلوس مقابل الأكل مناسبة، ما حسيت إني دفعت زيادة. من أفضل المطاعم اللي جربتها هالفترة.,positive
مطعم البرجر فاق كل التوقعات. الوجبة الرئيسية طعمه خرافي ما توقعته بهالجودة. قيمة الفلوس مقابل الأكل مناسبة، ما حسيت إني دفعت زيادة. مكان يستاهل تجربته أكثر من مرة.,positive
جربنا الكافيه أول مرة وصراحة انبهرنا. الأسعار مقارنة بالكمية ممتازة ومناسبة جدا للجودة المقدمة. المشاوي فوق الوصف، نكهات متوازنة وحلوة. تعامل النادل سريعة واحترافية بشكل يجنن. مكان يستاهل تجربته أكثر من مرة.,positive
تجربتنا في الكافيه كانت رهيبة. سرعة التقديم سريعة واحترافية بشكل يجنن. الأسعار مناسبة، ما حسيت إني دفعت زيادة. العصائر كان مبهر والكمية كانت مناسبة. المكان أنيق ونظيف بشكل يلفت النظر. أنصح فيه بقوة لأي شخص يدور على مكان مميز.,positive
زرنا مطعم المأكولات البحرية أمس ووالله ما توقعنا يكون بهالحلاوة. الأجواء أنيق ونظيف بشكل يلفت النظر. الخدمة بشكل عام كانت مثالية من أول ما دخلنا. الأصناف اللي طلبناها فوق الوصف، نكهات متوازنة وحلوة. السعر مناسبة، ما حسيت إني دفعت زيادة. بشكل عام تجربة تستاهل خمس نجوم كاملة.,positive
زرنا المطعم الجديد أمس ووالله ما توقعنا يكون بهالحلاوة. الترتيب الداخلي جميل جدا ومريح. المقبلات كان ذا مستوى راقي جدا. تعامل النادل كانت راقية جدا والموظفين مبتسمين ومتعاونين. قيمة الفلوس مقابل الأكل معقولة جدا مقارنة بالكمية والجودة. من أفضل المطاعم اللي جربتها هالفترة.,positive
تجربتنا في مطعم المشويات كانت رهيبة. البرجر كان لذيذ من أول لقمة. الجو العام جميل جدا ومريح. استقبال الموظفين سريعة واحترافية بشكل يجنن. تقييمي خمسة من خمسة بدون تردد.,positive
زرت الكافيه مع العائلة وكانت تجربة تجنن. قيمة الفلوس مقابل الأكل ممتازة ومناسبة جدا للجودة المقدمة. ما أكلت البيتزا بهالجودة من زمان. تعامل النادل تشكر عليها، تعامل راقي وسريع. من أفضل المطاعم اللي جربتها هالفترة.,positive
كنت مع أصحابي في مطعم المأكولات البحرية وقضينا وقت ولا أحلى. تعامل النادل كانت مثالية من أول ما دخلنا. الطعام طعمه خرافي ما توقعته بهالجودة. بشكل عام تجربة تستاهل خمس نجوم كاملة.,positive
مطعم الوجبات السريعة فاق كل التوقعات. تعامل النادل كانت راقية جدا والموظفين مبتسمين ومتعاونين. السلطة كان ذا مستوى راقي جدا. مكان يستاهل تجربته أكثر من مرة.,positive
المكان فاق كل التوقعات. الجو العام هادئ ومناسب للعائلة. المشاوي كان لذيذ جدا وطازج. فخور إني اكتشفت هالمكان.,positive
المكان فاق كل التوقعات. الأصناف اللي طلبناها كان لذيذ من أول لقمة. المكان أنيق ونظيف بشكل يلفت النظر. تعامل النادل كانت راقية جدا والموظفين مبتسمين ومتعاونين. من أفضل المطاعم اللي جربتها هالفترة.,positive
من أفضل تجاربي مع مطعم الوجبات السريعة. الخدمة سريعة واحترافية بشكل يجنن. الطعام كان لذيذ جدا وطازج. أكيد راح أرجع مرة ثانية وأكثر.,positive
تجربتنا في المكان كانت رهيبة. الأسعار معقولة جدا مقارنة بالكمية والجودة. المكان جميل جدا ومريح. الأصناف اللي طلبناها سخن وطازج والتقديم مرتب. تعامل النادل كانت مثالية من أول ما دخلنا. بشكل عام تجربة تستاهل خمس نجوم كاملة.,positive
ما شاء الله على مطعم البرجر. استقبال الموظفين تشكر عليها، تعامل راقي وسريع. ما أكلت المقبلات بهالجودة من زمان. أنصح فيه بقوة لأي شخص يدور على مكان مميز.,positive
المطعم فاق كل التوقعات. الأجواء جميل جدا ومريح. السلطة كان ذا مستوى راقي جدا. سرعة التقديم كانت مثالية من أول ما دخلنا. بشكل عام تجربة تستاهل خمس نجوم كاملة.,positive
كنت مع أصحابي في الكافيه وقضينا وقت ولا أحلى. استقبال الموظفين فوق الممتاز، اهتمام بالتفاصيل. الأصناف اللي طلبناها كان مبهر والكمية كانت مناسبة. تجربة ما تنسى، يستاهل كل التقييمات الإيجابية.,positive
زرت المكان مع العائلة وكانت تجربة تجنن. الخدمة بشكل عام فوق الممتاز، اهتمام بالتفاصيل. المكان مرتب وله لمسة مميزة. الحلا كان مبهر والكمية كانت مناسبة. فخور إني اكتشفت هالمكان.,positive
من أفضل تجاربي مع المطعم الشعبي. العصائر سخن وطازج والتقديم مرتب. الأسعار مناسبة، ما حسيت إني دفعت زيادة. فخور إني اكتشفت هالمكان.,positive
أنصح الكل يجرب المطعم. الأسعار مقارنة بالكمية ممتازة ومناسبة جدا للجودة المقدمة. المكان أنيق ونظيف بشكل يلفت النظر. السلطة كان لذيذ جدا وطازج. فخور إني اكتشفت هالمكان.,positive
والله مطعم البرجر فوق الممتاز. تعامل النادل تشكر عليها، تعامل راقي وسريع. النظافة هادئ ومناسب للعائلة. الأسعار ممتازة ومناسبة جدا للجودة المقدمة. الأصناف اللي طلبناها كان مبهر والكمية كانت مناسبة. بشكل عام تجربة تستاهل خمس نجوم كاملة.,positive
تجربتنا في مطعم البرجر كانت رهيبة. الخدمة كانت مثالية من أول ما دخلنا. قيمة الفلوس مقابل الأكل تستاهل كل ريال. الديكور مرتب وله لمسة مميزة. الطعام سخن وطازج والتقديم مرتب. فخور إني اكتشفت هالمكان.,positive
كنت مع أصحابي في المكان وقضينا وقت ولا أحلى. الحلا كان لذيذ من أول لقمة. من أفضل المطاعم اللي جربتها هالفترة.,positive
من أفضل تجاربي مع الفرع. الأسعار ممتازة ومناسبة جدا للجودة المقدمة. ما أكلت العصائر بهالجودة من زمان. الأجواء أنيق ونظيف بشكل يلفت النظر. فخور إني اكتشفت هالمكان.,positive
جربنا الكافيه أول مرة وصراحة انبهرنا. المشاوي كان ذا مستوى راقي جدا. الأسعار مقارنة بالكمية تستاهل كل ريال. سرعة التقديم كانت مثالية من أول ما دخلنا. الترتيب الداخلي مرتب وله لمسة مميزة. أكيد راح أرجع مرة ثانية وأكثر.,positive
زرت مطعم الفطور مع العائلة وكانت تجربة تجنن. استقبال الموظفين كانت مثالية من أول ما دخلنا. البرجر طعمه خرافي ما توقعته بهالجودة. الأسعار معقولة جدا مقارنة بالكمية والجودة. الجو العام هادئ ومناسب للعائلة. أنصح فيه بقوة لأي شخص يدور على مكان مميز.,positive
زرت المكان مع العائلة وكانت تجربة تجنن. قيمة الفلوس مقابل الأكل مناسبة، ما حسيت إني دفعت زيادة. الوجبة الرئيسية سخن وطازج والتقديم مرتب. الترتيب الداخلي هادئ ومناسب للعائلة. تقييمي خمسة من خمسة بدون تردد.,positive
كنت مع أصحابي في مطعم المشويات وقضينا وقت ولا أحلى. الأكل كان لذيذ من أول لقمة. سرعة التقديم سريعة واحترافية بشكل يجنن. الأسعار ممتازة ومناسبة جدا للجودة المقدمة. تجربة ما تنسى، يستاهل كل التقييمات الإيجابية.,positive
ما شاء الله على مطعم الوجبات السريعة. السلطة كان مبهر والكمية كانت مناسبة. تعامل النادل كانت راقية جدا والموظفين مبتسمين ومتعاونين. فخور إني اكتشفت هالمكان.,positive
والله مطعم المشويات فوق الممتاز. الخدمة بشكل عام سريعة واحترافية بشكل يجنن. السعر مناسبة، ما حسيت إني دفعت زيادة. السلطة كان مبهر والكمية كانت مناسبة. تقييمي خمسة من خمسة بدون تردد.,positive
من أفضل تجاربي مع المطعم. الأسعار مقارنة بالكمية ممتازة ومناسبة جدا للجودة المقدمة. سرعة التقديم فوق الممتاز، اهتمام بالتفاصيل. الحلا فوق الوصف، نكهات متوازنة وحلوة. تجربة ما تنسى، يستاهل كل التقييمات الإيجابية.,positive
جربنا مطعم الوجبات السريعة أول مرة وصراحة انبهرنا. ما أكلت الأكل بهالجودة من زمان. قيمة الفلوس مقابل الأكل معقولة جدا مقارنة بالكمية والجودة. تقييمي خمسة من خمسة بدون تردد.,positive
تجربتنا في المطعم اللي جربناه كانت رهيبة. الأسعار مناسبة، ما حسيت إني دفعت زيادة. الأكل فوق الوصف، نكهات متوازنة وحلوة. من أفضل المطاعم اللي جربتها هالفترة.,positive
من أفضل تجاربي مع المطعم الشعبي. المقبلات كان لذيذ من أول لقمة. تعامل النادل فوق الممتاز، اهتمام بالتفاصيل. من أفضل المطاعم اللي جربتها هالفترة.,positive
تجربتنا في الكافيه كانت رهيبة. الخدمة بشكل عام سريعة واحترافية بشكل يجنن. الأرز كان مبهر والكمية كانت مناسبة. الجو العام هادئ ومناسب للعائلة. قيمة الفلوس مقابل الأكل ممتازة ومناسبة جدا للجودة المقدمة. أنصح فيه بقوة لأي شخص يدور على مكان مميز.,positive
جربنا مطعم البرجر أول مرة وصراحة انبهرنا. سرعة التقديم تشكر عليها، تعامل راقي وسريع. الأسعار مناسبة، ما حسيت إني دفعت زيادة. البيتزا كان ذا مستوى راقي جدا. أكيد راح أرجع مرة ثانية وأكثر.,positive
ما شاء الله على مطعم الفطور. البيتزا كان لذيذ من أول لقمة. أنصح فيه بقوة لأي شخص يدور على مكان مميز.,positive
أنصح الكل يجرب مطعم الوجبات السريعة. ما أكلت البرجر بهالجودة من زمان. المكان أنيق ونظيف بشكل يلفت النظر. السعر معقولة جدا مقارنة بالكمية والجودة. الخدمة بشكل عام فوق الممتاز، اهتمام بالتفاصيل. من أفضل المطاعم اللي جربتها هالفترة.,positive
كنت مع أصحابي في مطعم المأكولات البحرية وقضينا وقت ولا أحلى. المشاوي كان لذيذ من أول لقمة. الترتيب الداخلي جميل جدا ومريح. الأسعار مقارنة بالكمية مناسبة، ما حسيت إني دفعت زيادة. مكان يستاهل تجربته أكثر من مرة.,positive
أنصح الكل يجرب مطعم الأكل الإيطالي. سرعة التقديم كانت مثالية من أول ما دخلنا. الديكور أنيق ونظيف بشكل يلفت النظر. الوجبة الرئيسية كان مبهر والكمية كانت مناسبة. الأسعار مقارنة بالكمية معقولة جدا مقارنة بالكمية والجودة. تقييمي خمسة من خمسة بدون تردد.,positive
زرنا المطعم اللي جربناه أمس ووالله ما توقعنا يكون بهالحلاوة. تعامل النادل كانت راقية جدا والموظفين مبتسمين ومتعاونين. الأصناف اللي طلبناها سخن وطازج والتقديم مرتب. النظافة هادئ ومناسب للعائلة. تقييمي خمسة من خمسة بدون تردد.,positive
ما شاء الله على مطعم البيتزا. المشاوي طعمه خرافي ما توقعته بهالجودة. الأسعار معقولة جدا مقارنة بالكمية والجودة. بشكل عام تجربة تستاهل خمس نجوم كاملة.,positive
أنصح الكل يجرب المطعم اللي جربناه. الوجبة كان لذيذ من أول لقمة. الجو العام مرتب وله لمسة مميزة. الخدمة كانت راقية جدا والموظفين مبتسمين ومتعاونين. تقييمي خمسة من خمسة بدون تردد.,positive
من أفضل تجاربي مع مطعم المشويات. الوجبة كان ذا مستوى راقي جدا. قيمة الفلوس مقابل الأكل مناسبة، ما حسيت إني دفعت زيادة. استقبال الموظفين كانت راقية جدا والموظفين مبتسمين ومتعاونين. بشكل عام تجربة تستاهل خمس نجوم كاملة.,positive
كنت مع أصحابي في مطعم الوجبات السريعة وقضينا وقت ولا أحلى. تعامل النادل كانت مثالية من أول ما دخلنا. الطعام كان لذيذ جدا وطازج. مكان يستاهل تجربته أكثر من مرة.,positive
جربنا الفرع أول مرة وصراحة انبهرنا. المكان هادئ ومناسب للعائلة. السلطة فوق الوصف، نكهات متوازنة وحلوة. سرعة التقديم كانت راقية جدا والموظفين مبتسمين ومتعاونين. قيمة الفلوس مقابل الأكل مناسبة، ما حسيت إني دفعت زيادة. مكان يستاهل تجربته أكثر من مرة.,positive
مطعم المأكولات البحرية فاق كل التوقعات. السلطة كان مبهر والكمية كانت مناسبة. الخدمة بشكل عام سريعة واحترافية بشكل يجنن. بشكل عام تجربة تستاهل خمس نجوم كاملة.,positive
زرنا الكافيه أمس ووالله ما توقعنا يكون بهالحلاوة. المقبلات كان لذيذ جدا وطازج. تعامل النادل سريعة واحترافية بشكل يجنن. الأسعار ممتازة ومناسبة جدا للجودة المقدمة. أنصح فيه بقوة لأي شخص يدور على مكان مميز.,positive
أنصح الكل يجرب المطعم. البيتزا طعمه خرافي ما توقعته بهالجودة. استقبال الموظفين كانت مثالية من أول ما دخلنا. من أفضل المطاعم اللي جربتها هالفترة.,positive
أنصح الكل يجرب المطعم. النظافة أنيق ونظيف بشكل يلفت النظر. الوجبة الرئيسية طعمه خرافي ما توقعته بهالجودة. استقبال الموظفين تشكر عليها، تعامل راقي وسريع. قيمة الفلوس مقابل الأكل ممتازة ومناسبة جدا للجودة المقدمة. أكيد راح أرجع مرة ثانية وأكثر.,positive
أنصح الكل يجرب الفرع. الأسعار مناسبة، ما حسيت إني دفعت زيادة. المشاوي كان ذا مستوى راقي جدا. بشكل عام تجربة تستاهل خمس نجوم كاملة.,positive
زرنا المطعم أمس ووالله ما توقعنا يكون بهالحلاوة. الأجواء هادئ ومناسب للعائلة. استقبال الموظفين تشكر عليها، تعامل راقي وسريع. الأسعار تستاهل كل ريال. الأصناف اللي طلبناها طعمه خرافي ما توقعته بهالجودة. أكيد راح أرجع مرة ثانية وأكثر.,positive
زرنا الكافيه أمس ووالله ما توقعنا يكون بهالحلاوة. البيتزا طعمه خرافي ما توقعته بهالجودة. استقبال الموظفين كانت مثالية من أول ما دخلنا. تقييمي خمسة من خمسة بدون تردد.,positive
من أفضل تجاربي مع مطعم البرجر. الخدمة بشكل عام كانت مثالية من أول ما دخلنا. الأجواء هادئ ومناسب للعائلة. الطعام كان لذيذ من أول لقمة. تقييمي خمسة من خمسة بدون تردد.,positive
زرت المطعم الشعبي مع العائلة وكانت تجربة تجنن. السلطة كان ذا مستوى راقي جدا. تعامل النادل كانت مثالية من أول ما دخلنا. النظافة هادئ ومناسب للعائلة. السعر مناسبة، ما حسيت إني دفعت زيادة. بشكل عام تجربة تستاهل خمس نجوم كاملة.,positive
جربنا المطعم اللي جربناه أول مرة وصراحة انبهرنا. الأسعار مقارنة بالكمية ممتازة ومناسبة جدا للجودة المقدمة. سرعة التقديم فوق الممتاز، اهتمام بالتفاصيل. المشاوي طعمه خرافي ما توقعته بهالجودة. تقييمي خمسة من خمسة بدون تردد.,positive
من أفضل تجاربي مع الفرع. قيمة الفلوس مقابل الأكل ممتازة ومناسبة جدا للجودة المقدمة. سرعة التقديم كانت راقية جدا والموظفين مبتسمين ومتعاونين. المقبلات فوق الوصف، نكهات متوازنة وحلوة. تجربة ما تنسى، يستاهل كل التقييمات الإيجابية.,positive
من أفضل تجاربي مع الكافيه. الخدمة بشكل عام كانت راقية جدا والموظفين مبتسمين ومتعاونين. الوجبة الرئيسية كان لذيذ من أول لقمة. مكان يستاهل تجربته أكثر من مرة.,positive
زرت المطعم مع العائلة وكانت تجربة تجنن. استقبال الموظفين كانت مثالية من أول ما دخلنا. البرجر طعمه خرافي ما توقعته بهالجودة. الأسعار ممتازة ومناسبة جدا للجودة المقدمة. أنصح فيه بقوة لأي شخص يدور على مكان مميز.,positive
كنت مع أصحابي في مطعم البيتزا وقضينا وقت ولا أحلى. تعامل النادل سريعة واحترافية بشكل يجنن. الأسعار ممتازة ومناسبة جدا للجودة المقدمة. العصائر كان لذيذ جدا وطازج. من أفضل المطاعم اللي جربتها هالفترة.,positive
كنت مع أصحابي في مطعم الفطور وقضينا وقت ولا أحلى. الأسعار مناسبة، ما حسيت إني دفعت زيادة. البرجر كان مبهر والكمية كانت مناسبة. الخدمة كانت مثالية من أول ما دخلنا. أنصح فيه بقوة لأي شخص يدور على مكان مميز.,positive
جربنا مطعم البيتزا أول مرة وصراحة انبهرنا. الديكور مرتب وله لمسة مميزة. تعامل النادل سريعة واحترافية بشكل يجنن. الطعام كان مبهر والكمية كانت مناسبة. قيمة الفلوس مقابل الأكل ممتازة ومناسبة جدا للجودة المقدمة. تجربة ما تنسى، يستاهل كل التقييمات الإيجابية.,positive
الكافيه فاق كل التوقعات. تعامل النادل فوق الممتاز، اهتمام بالتفاصيل. المشاوي سخن وطازج والتقديم مرتب. تجربة ما تنسى، يستاهل كل التقييمات الإيجابية.,positive
من أفضل تجاربي مع مطعم المأكولات البحرية. النظافة مرتب وله لمسة مميزة. الطعام كان ذا مستوى راقي جدا. سرعة التقديم كانت راقية جدا والموظفين مبتسمين ومتعاونين. أنصح فيه بقوة لأي شخص يدور على مكان مميز.,positive
والله المطعم اللي جربناه فوق الممتاز. الخدمة بشكل عام كانت راقية جدا والموظفين مبتسمين ومتعاونين. الأرز سخن وطازج والتقديم مرتب. فخور إني اكتشفت هالمكان.,positive
زرنا مطعم البيتزا أمس ووالله ما توقعنا يكون بهالحلاوة. السعر ممتازة ومناسبة جدا للجودة المقدمة. المقبلات كان ذا مستوى راقي جدا. أكيد راح أرجع مرة ثانية وأكثر.,positive
جربنا مطعم الفطور أول مرة وصراحة انبهرنا. تعامل النادل فوق الممتاز، اهتمام بالتفاصيل. البرجر كان ذا مستوى راقي جدا. الأسعار مناسبة، ما حسيت إني دفعت زيادة. تجربة ما تنسى، يستاهل كل التقييمات الإيجابية.,positive
تجربتنا في مطعم البيتزا كانت رهيبة. الترتيب الداخلي هادئ ومناسب للعائلة. سرعة التقديم كانت راقية جدا والموظفين مبتسمين ومتعاونين. الوجبة كان لذيذ من أول لقمة. فخور إني اكتشفت هالمكان.,positive
زرنا المطعم أمس ووالله ما توقعنا يكون بهالحلاوة. الطعام كان لذيذ جدا وطازج. سرعة التقديم تشكر عليها، تعامل راقي وسريع. مكان يستاهل تجربته أكثر من مرة.,positive
والله مطعم البرجر فوق الممتاز. استقبال الموظفين فوق الممتاز، اهتمام بالتفاصيل. الأسعار مقارنة بالكمية ممتازة ومناسبة جدا للجودة المقدمة. السلطة طعمه خرافي ما توقعته بهالجودة. تقييمي خمسة من خمسة بدون تردد.,positive
مطعم الوجبات السريعة فاق كل التوقعات. الأسعار معقولة جدا مقارنة بالكمية والجودة. السلطة فوق الوصف، نكهات متوازنة وحلوة. الخدمة فوق الممتاز، اهتمام بالتفاصيل. أنصح فيه بقوة لأي شخص يدور على مكان مميز.,positive
من أفضل تجاربي مع المكان. المكان مرتب وله لمسة مميزة. استقبال الموظفين سريعة واحترافية بشكل يجنن. الأسعار تستاهل كل ريال. الأصناف اللي طلبناها كان لذيذ جدا وطازج. تجربة ما تنسى، يستاهل كل التقييمات الإيجابية.,positive
تجربتنا في المطعم الجديد كانت رهيبة. استقبال الموظفين تشكر عليها، تعامل راقي وسريع. البرجر كان لذيذ من أول لقمة. الترتيب الداخلي مرتب وله لمسة مميزة. الأسعار مقارنة بالكمية ممتازة ومناسبة جدا للجودة المقدمة. أكيد راح أرجع مرة ثانية وأكثر.,positive
أنصح الكل يجرب مطعم البيتزا. الجو العام مرتب وله لمسة مميزة. البرجر كان لذيذ من أول لقمة. الخدمة بشكل عام تشكر عليها، تعامل راقي وسريع. أكيد راح أرجع مرة ثانية وأكثر.,positive
كنت مع أصحابي في الكافيه وقضينا وقت ولا أحلى. الأكل كان لذيذ جدا وطازج. تجربة ما تنسى، يستاهل كل التقييمات الإيجابية.,positive
من أفضل تجاربي مع المطعم الجديد. الأرز كان لذيذ جدا وطازج. الخدمة كانت مثالية من أول ما دخلنا. قيمة الفلوس مقابل الأكل تستاهل كل ريال. أكيد راح أرجع مرة ثانية وأكثر.,positive
أنصح الكل يجرب الفرع. الأسعار مناسبة، ما حسيت إني دفعت زيادة. الأجواء جميل جدا ومريح. الخدمة فوق الممتاز، اهتمام بالتفاصيل. الطعام فوق الوصف، نكهات متوازنة وحلوة. أنصح فيه بقوة لأي شخص يدور على مكان مميز.,positive
زرنا مطعم الفطور أمس ووالله ما توقعنا يكون بهالحلاوة. الأسعار تستاهل كل ريال. النظافة أنيق ونظيف بشكل يلفت النظر. الخدمة سريعة واحترافية بشكل يجنن. العصائر سخن وطازج والتقديم مرتب. فخور إني اكتشفت هالمكان.,positive
جربنا مطعم المأكولات البحرية أول مرة وصراحة انبهرنا. العصائر فوق الوصف، نكهات متوازنة وحلوة. الخدمة بشكل عام كانت مثالية من أول ما دخلنا. الأسعار مقارنة بالكمية تستاهل كل ريال. الجو العام جميل جدا ومريح. بشكل عام تجربة تستاهل خمس نجوم كاملة.,positive
زرت الكافيه مع العائلة وكانت تجربة تجنن. ما أكلت الأكل بهالجودة من زمان. المكان أنيق ونظيف بشكل يلفت النظر. الخدمة فوق الممتاز، اهتمام بالتفاصيل. السعر معقولة جدا مقارنة بالكمية والجودة. أنصح فيه بقوة لأي شخص يدور على مكان مميز.,positive
تجربتنا في مطعم الفطور كانت رهيبة. المقبلات كان مبهر والكمية كانت مناسبة. الأجواء مرتب وله لمسة مميزة. سرعة التقديم كانت مثالية من أول ما دخلنا. مكان يستاهل تجربته أكثر من مرة.,positive
زرنا مطعم المشويات أمس ووالله ما توقعنا يكون بهالحلاوة. قيمة الفلوس مقابل الأكل تستاهل كل ريال. السلطة كان لذيذ جدا وطازج. سرعة التقديم فوق الممتاز، اهتمام بالتفاصيل. مكان يستاهل تجربته أكثر من مرة.,positive
زرت المطعم اللي جربناه مع العائلة وكانت تجربة تجنن. الأصناف اللي طلبناها كان لذيذ جدا وطازج. سرعة التقديم سريعة واحترافية بشكل يجنن. تجربة ما تنسى، يستاهل كل التقييمات الإيجابية.,positive
والله المطعم اللي جربناه فوق الممتاز. استقبال الموظفين فوق الممتاز، اهتمام بالتفاصيل. الوجبة الرئيسية فوق الوصف، نكهات متوازنة وحلوة. أكيد راح أرجع مرة ثانية وأكثر.,positive
جربنا مطعم الفطور أول مرة وصراحة انبهرنا. تعامل النادل تشكر عليها، تعامل راقي وسريع. الديكور أنيق ونظيف بشكل يلفت النظر. الأصناف اللي طلبناها طعمه خرافي ما توقعته بهالجودة. تجربة ما تنسى، يستاهل كل التقييمات الإيجابية.,positive
ما شاء الله على الفرع. تعامل النادل كانت راقية جدا والموظفين مبتسمين ومتعاونين. قيمة الفلوس مقابل الأكل معقولة جدا مقارنة بالكمية والجودة. الطعام سخن وطازج والتقديم مرتب. أنصح فيه بقوة لأي شخص يدور على مكان مميز.,positive
جربنا الكافيه أول مرة وصراحة انبهرنا. السعر معقولة جدا مقارنة بالكمية والجودة. الوجبة الرئيسية طعمه خرافي ما توقعته بهالجودة. الجو العام جميل جدا ومريح. تعامل النادل كانت راقية جدا والموظفين مبتسمين ومتعاونين. فخور إني اكتشفت هالمكان.,positive
مطعم الأكل الإيطالي فاق كل التوقعات. المشاوي كان مبهر والكمية كانت مناسبة. الأسعار مناسبة، ما حسيت إني دفعت زيادة. فخور إني اكتشفت هالمكان.,positive
جربنا المطعم أول مرة وصراحة انبهرنا. السعر معقولة جدا مقارنة بالكمية والجودة. الخدمة بشكل عام كانت راقية جدا والموظفين مبتسمين ومتعاونين. الأصناف اللي طلبناها كان مبهر والكمية كانت مناسبة. من أفضل المطاعم اللي جربتها هالفترة.,positive
جربنا مطعم الوجبات السريعة أول مرة وصراحة انبهرنا. الأسعار مناسبة، ما حسيت إني دفعت زيادة. السلطة طعمه خرافي ما توقعته بهالجودة. تعامل النادل كانت مثالية من أول ما دخلنا. بشكل عام تجربة تستاهل خمس نجوم كاملة.,positive
زرنا المطعم الشعبي أمس ووالله ما توقعنا يكون بهالحلاوة. الوجبة كان لذيذ من أول لقمة. استقبال الموظفين سريعة واحترافية بشكل يجنن. الترتيب الداخلي جميل جدا ومريح. الأسعار مقارنة بالكمية تستاهل كل ريال. فخور إني اكتشفت هالمكان.,positive
والله مطعم الفطور فوق الممتاز. الأسعار ممتازة ومناسبة جدا للجودة المقدمة. الجو العام جميل جدا ومريح. البرجر كان لذيذ جدا وطازج. تقييمي خمسة من خمسة بدون تردد.,positive
ما شاء الله على الكافيه. قيمة الفلوس مقابل الأكل مناسبة، ما حسيت إني دفعت زيادة. الديكور جميل جدا ومريح. تعامل النادل تشكر عليها، تعامل راقي وسريع. الأصناف اللي طلبناها كان لذيذ من أول لقمة. بشكل عام تجربة تستاهل خمس نجوم كاملة.,positive
المكان فاق كل التوقعات. الأسعار تستاهل كل ريال. الوجبة كان مبهر والكمية كانت مناسبة. تعامل النادل كانت راقية جدا والموظفين مبتسمين ومتعاونين. أكيد راح أرجع مرة ثانية وأكثر.,positive
زرنا المطعم الشعبي أمس ووالله ما توقعنا يكون بهالحلاوة. سرعة التقديم تشكر عليها، تعامل راقي وسريع. الأسعار ممتازة ومناسبة جدا للجودة المقدمة. الأرز طعمه خرافي ما توقعته بهالجودة. تقييمي خمسة من خمسة بدون تردد.,positive
ما شاء الله على المطعم الجديد. السعر مناسبة، ما حسيت إني دفعت زيادة. الجو العام هادئ ومناسب للعائلة. الوجبة الرئيسية سخن وطازج والتقديم مرتب. الخدمة كانت مثالية من أول ما دخلنا. تجربة ما تنسى، يستاهل كل التقييمات الإيجابية.,positive
جربنا مطعم الفطور أول مرة وصراحة انبهرنا. الخدمة كانت راقية جدا والموظفين مبتسمين ومتعاونين. السعر تستاهل كل ريال. المكان جميل جدا ومريح. البيتزا فوق الوصف، نكهات متوازنة وحلوة. تقييمي خمسة من خمسة بدون تردد.,positive
والله المطعم الشعبي فوق الممتاز. المكان جميل جدا ومريح. الخدمة بشكل عام فوق الممتاز، اهتمام بالتفاصيل. الطعام فوق الوصف، نكهات متوازنة وحلوة. مكان يستاهل تجربته أكثر من مرة.,positive
زرنا الفرع أمس ووالله ما توقعنا يكون بهالحلاوة. الحلا كان مبهر والكمية كانت مناسبة. الجو العام هادئ ومناسب للعائلة. أكيد راح أرجع مرة ثانية وأكثر.,positive
أنصح الكل يجرب المطعم اللي جربناه. الخدمة بشكل عام كانت مثالية من أول ما دخلنا. الديكور جميل جدا ومريح. الطعام كان مبهر والكمية كانت مناسبة. الأسعار مقارنة بالكمية مناسبة، ما حسيت إني دفعت زيادة. مكان يستاهل تجربته أكثر من مرة.,positive
من أفضل تجاربي مع مطعم الأكل الإيطالي. المشاوي كان لذيذ من أول لقمة. الترتيب الداخلي أنيق ونظيف بشكل يلفت النظر. من أفضل المطاعم اللي جربتها هالفترة.,positive
مطعم الفطور فاق كل التوقعات. استقبال الموظفين تشكر عليها، تعامل راقي وسريع. الأسعار مقارنة بالكمية مناسبة، ما حسيت إني دفعت زيادة. العصائر كان مبهر والكمية كانت مناسبة. مكان يستاهل تجربته أكثر من مرة.,positive
مطعم المأكولات البحرية فاق كل التوقعات. استقبال الموظفين سريعة واحترافية بشكل يجنن. الأسعار مقارنة بالكمية معقولة جدا مقارنة بالكمية والجودة. الوجبة سخن وطازج والتقديم مرتب. فخور إني اكتشفت هالمكان.,positive
كنت مع أصحابي في مطعم الفطور وقضينا وقت ولا أحلى. سرعة التقديم فوق الممتاز، اهتمام بالتفاصيل. الأسعار معقولة جدا مقارنة بالكمية والجودة. ما أكلت البيتزا بهالجودة من زمان. تقييمي خمسة من خمسة بدون تردد.,positive
جربنا مطعم البيتزا أول مرة وصراحة انبهرنا. استقبال الموظفين كانت راقية جدا والموظفين مبتسمين ومتعاونين. الأسعار مناسبة، ما حسيت إني دفعت زيادة. المشاوي كان لذيذ جدا وطازج. تقييمي خمسة من خمسة بدون تردد.,positive
جربنا الكافيه أول مرة وصراحة انبهرنا. الحلا سخن وطازج والتقديم مرتب. الأسعار معقولة جدا مقارنة بالكمية والجودة. تعامل النادل سريعة واحترافية بشكل يجنن. تقييمي خمسة من خمسة بدون تردد.,positive
كنت مع أصحابي في المطعم وقضينا وقت ولا أحلى. الخدمة تشكر عليها، تعامل راقي وسريع. الأصناف اللي طلبناها طعمه خرافي ما توقعته بهالجودة. فخور إني اكتشفت هالمكان.,positive
جربنا مطعم المشويات أول مرة وصراحة انبهرنا. تعامل النادل تشكر عليها، تعامل راقي وسريع. الأسعار ممتازة ومناسبة جدا للجودة المقدمة. ما أكلت الأصناف اللي طلبناها بهالجودة من زمان. النظافة جميل جدا ومريح. فخور إني اكتشفت هالمكان.,positive
أنصح الكل يجرب المطعم اللي جربناه. سرعة التقديم فوق الممتاز، اهتمام بالتفاصيل. الوجبة الرئيسية فوق الوصف، نكهات متوازنة وحلوة. بشكل عام تجربة تستاهل خمس نجوم كاملة.,positive
والله مطعم البيتزا فوق الممتاز. الطعام كان لذيذ جدا وطازج. قيمة الفلوس مقابل الأكل مناسبة، ما حسيت إني دفعت زيادة. تعامل النادل سريعة واحترافية بشكل يجنن. أكيد راح أرجع مرة ثانية وأكثر.,positive
من أفضل تجاربي مع المطعم الجديد. الأسعار تستاهل كل ريال. المشاوي فوق الوصف، نكهات متوازنة وحلوة. الخدمة تشكر عليها، تعامل راقي وسريع. الترتيب الداخلي مرتب وله لمسة مميزة. بشكل عام تجربة تستاهل خمس نجوم كاملة.,positive
كنت مع أصحابي في الكافيه وقضينا وقت ولا أحلى. السعر مناسبة، ما حسيت إني دفعت زيادة. سرعة التقديم تشكر عليها، تعامل راقي وسريع. الطعام كان مبهر والكمية كانت مناسبة. تقييمي خمسة من خمسة بدون تردد.,positive
جربنا مطعم الفطور أول مرة وصراحة انبهرنا. الأكل فوق الوصف، نكهات متوازنة وحلوة. استقبال الموظفين فوق الممتاز، اهتمام بالتفاصيل. الترتيب الداخلي جميل جدا ومريح. أنصح فيه بقوة لأي شخص يدور على مكان مميز.,positive
ما شاء الله على مطعم البيتزا. استقبال الموظفين فوق الممتاز، اهتمام بالتفاصيل. الأسعار مقارنة بالكمية ممتازة ومناسبة جدا للجودة المقدمة. الترتيب الداخلي هادئ ومناسب للعائلة. الوجبة كان لذيذ من أول لقمة. بشكل عام تجربة تستاهل خمس نجوم كاملة.,positive
من أفضل تجاربي مع المطعم اللي جربناه. الديكور مرتب وله لمسة مميزة. السلطة كان ذا مستوى راقي جدا. قيمة الفلوس مقابل الأكل ممتازة ومناسبة جدا للجودة المقدمة. سرعة التقديم كانت راقية جدا والموظفين مبتسمين ومتعاونين. مكان يستاهل تجربته أكثر من مرة.,positive
ما شاء الله على المكان. ما أكلت الوجبة بهالجودة من زمان. الخدمة سريعة واحترافية بشكل يجنن. الجو العام جميل جدا ومريح. تقييمي خمسة من خمسة بدون تردد.,positive
من أفضل تجاربي مع مطعم المشويات. الديكور هادئ ومناسب للعائلة. الخدمة فوق الممتاز، اهتمام بالتفاصيل. البرجر كان ذا مستوى راقي جدا. من أفضل المطاعم اللي جربتها هالفترة.,positive
زرت الكافيه مع العائلة وكانت تجربة تجنن. ما أكلت الطعام بهالجودة من زمان. السعر تستاهل كل ريال. تعامل النادل كانت راقية جدا والموظفين مبتسمين ومتعاونين. بشكل عام تجربة تستاهل خمس نجوم كاملة.,positive
جربنا المكان أول مرة وصراحة انبهرنا. قيمة الفلوس مقابل الأكل معقولة جدا مقارنة بالكمية والجودة. الأصناف اللي طلبناها كان ذا مستوى راقي جدا. سرعة التقديم تشكر عليها، تعامل راقي وسريع. مكان يستاهل تجربته أكثر من مرة.,positive
كنت مع أصحابي في مطعم الأكل الإيطالي وقضينا وقت ولا أحلى. الأسعار مقارنة بالكمية تستاهل كل ريال. الوجبة الرئيسية كان لذيذ جدا وطازج. استقبال الموظفين تشكر عليها، تعامل راقي وسريع. النظافة هادئ ومناسب للعائلة. من أفضل المطاعم اللي جربتها هالفترة.,positive
زرت مطعم البيتزا مع العائلة وكانت تجربة تجنن. تعامل النادل تشكر عليها، تعامل راقي وسريع. الوجبة الرئيسية سخن وطازج والتقديم مرتب. المكان جميل جدا ومريح. الأسعار مقارنة بالكمية معقولة جدا مقارنة بالكمية والجودة. مكان يستاهل تجربته أكثر من مرة.,positive
من أفضل تجاربي مع الفرع. تعامل النادل تشكر عليها، تعامل راقي وسريع. المشاوي كان ذا مستوى راقي جدا. بشكل عام تجربة تستاهل خمس نجوم كاملة.,positive
زرنا المطعم أمس ووالله ما توقعنا يكون بهالحلاوة. استقبال الموظفين فوق الممتاز، اهتمام بالتفاصيل. الطعام كان لذيذ من أول لقمة. الأسعار مقارنة بالكمية ممتازة ومناسبة جدا للجودة المقدمة. النظافة أنيق ونظيف بشكل يلفت النظر. بشكل عام تجربة تستاهل خمس نجوم كاملة.,positive
والله المطعم الجديد فوق الممتاز. الوجبة طعمه خرافي ما توقعته بهالجودة. قيمة الفلوس مقابل الأكل معقولة جدا مقارنة بالكمية والجودة. تعامل النادل فوق الممتاز، اهتمام بالتفاصيل. بشكل عام تجربة تستاهل خمس نجوم كاملة.,positive
المطعم الجديد فاق كل التوقعات. الوجبة الرئيسية كان مبهر والكمية كانت مناسبة. الأسعار مقارنة بالكمية تستاهل كل ريال. الخدمة كانت مثالية من أول ما دخلنا. الجو العام هادئ ومناسب للعائلة. أنصح فيه بقوة لأي شخص يدور على مكان مميز.,positive
زرت مطعم الوجبات السريعة مع العائلة وكانت تجربة تجنن. تعامل النادل فوق الممتاز، اهتمام بالتفاصيل. ما أكلت الأرز بهالجودة من زمان. مكان يستاهل تجربته أكثر من مرة.,positive
والله الفرع فوق الممتاز. الجو العام مرتب وله لمسة مميزة. الأسعار مقارنة بالكمية معقولة جدا مقارنة بالكمية والجودة. الأكل كان لذيذ من أول لقمة. فخور إني اكتشفت هالمكان.,positive
زرنا مطعم الفطور أمس ووالله ما توقعنا يكون بهالحلاوة. ما أكلت الطعام بهالجودة من زمان. تعامل النادل كانت مثالية من أول ما دخلنا. السعر مناسبة، ما حسيت إني دفعت زيادة. الأجواء أنيق ونظيف بشكل يلفت النظر. بشكل عام تجربة تستاهل خمس نجوم كاملة.,positive
ما شاء الله على مطعم المأكولات البحرية. الوجبة الرئيسية كان لذيذ جدا وطازج. الجو العام أنيق ونظيف بشكل يلفت النظر. الخدمة فوق الممتاز، اهتمام بالتفاصيل. بشكل عام تجربة تستاهل خمس نجوم كاملة.,positive
من أفضل تجاربي مع مطعم الفطور. الأرز كان لذيذ من أول لقمة. الديكور مرتب وله لمسة مميزة. استقبال الموظفين سريعة واحترافية بشكل يجنن. مكان يستاهل تجربته أكثر من مرة.,positive
والله مطعم البيتزا فوق الممتاز. ما أكلت المقبلات بهالجودة من زمان. الديكور أنيق ونظيف بشكل يلفت النظر. تعامل النادل تشكر عليها، تعامل راقي وسريع. أكيد راح أرجع مرة ثانية وأكثر.,positive
من أفضل تجاربي مع المطعم الجديد. الأصناف اللي طلبناها طعمه خرافي ما توقعته بهالجودة. المكان أنيق ونظيف بشكل يلفت النظر. الخدمة كانت مثالية من أول ما دخلنا. الأسعار مقارنة بالكمية مناسبة، ما حسيت إني دفعت زيادة. تقييمي خمسة من خمسة بدون تردد.,positive
والله مطعم البرجر فوق الممتاز. الوجبة كان لذيذ من أول لقمة. تجربة ما تنسى، يستاهل كل التقييمات الإيجابية.,positive
زرت مطعم الفطور مع العائلة وكانت تجربة تجنن. الديكور أنيق ونظيف بشكل يلفت النظر. الوجبة طعمه خرافي ما توقعته بهالجودة. تقييمي خمسة من خمسة بدون تردد.,positive
من أفضل تجاربي مع مطعم المأكولات البحرية. سرعة التقديم فوق الممتاز، اهتمام بالتفاصيل. الحلا كان لذيذ جدا وطازج. مكان يستاهل تجربته أكثر من مرة.,positive
المطعم اللي جربناه فاق كل التوقعات. ما أكلت الأكل بهالجودة من زمان. الخدمة بشكل عام تشكر عليها، تعامل راقي وسريع. الأجواء هادئ ومناسب للعائلة. تقييمي خمسة من خمسة بدون تردد.,positive
المطعم اللي جربناه فاق كل التوقعات. البيتزا كان لذيذ من أول لقمة. الخدمة بشكل عام تشكر عليها، تعامل راقي وسريع. من أفضل المطاعم اللي جربتها هالفترة.,positive
تجربتنا في المطعم الجديد كانت رهيبة. الأصناف اللي طلبناها سخن وطازج والتقديم مرتب. سرعة التقديم تشكر عليها، تعامل راقي وسريع. تجربة ما تنسى، يستاهل كل التقييمات الإيجابية.,positive
من أفضل تجاربي مع المكان. المشاوي كان لذيذ من أول لقمة. الخدمة كانت مثالية من أول ما دخلنا. الجو العام جميل جدا ومريح. الأسعار مقارنة بالكمية ممتازة ومناسبة جدا للجودة المقدمة. أكيد راح أرجع مرة ثانية وأكثر.,positive
ما شاء الله على المطعم الجديد. الوجبة كان لذيذ جدا وطازج. بشكل عام تجربة تستاهل خمس نجوم كاملة.,positive
من أفضل تجاربي مع مطعم الفطور. المقبلات كان ذا مستوى راقي جدا. مكان يستاهل تجربته أكثر من مرة.,positive
كنت مع أصحابي في المطعم الشعبي وقضينا وقت ولا أحلى. ما أكلت المقبلات بهالجودة من زمان. الجو العام أنيق ونظيف بشكل يلفت النظر. من أفضل المطاعم اللي جربتها هالفترة.,positive
المطعم الجديد فاق كل التوقعات. الخدمة بشكل عام سريعة واحترافية بشكل يجنن. الطعام كان ذا مستوى راقي جدا. فخور إني اكتشفت هالمكان.,positive
ما شاء الله على المطعم اللي جربناه. سرعة التقديم كانت مثالية من أول ما دخلنا. السلطة كان ذا مستوى راقي جدا. الجو العام هادئ ومناسب للعائلة. تجربة ما تنسى، يستاهل كل التقييمات الإيجابية.,positive
من أفضل تجاربي مع الكافيه. الديكور مرتب وله لمسة مميزة. ما أكلت الأرز بهالجودة من زمان. الخدمة بشكل عام كانت مثالية من أول ما دخلنا. من أفضل المطاعم اللي جربتها هالفترة.,positive
مطعم البيتزا فاق كل التوقعات. المشاوي طعمه خرافي ما توقعته بهالجودة. فخور إني اكتشفت هالمكان.,positive
من أفضل تجاربي مع مطعم المشويات. الخدمة بشكل عام كانت راقية جدا والموظفين مبتسمين ومتعاونين. الطعام طعمه خرافي ما توقعته بهالجودة. الديكور جميل جدا ومريح. من أفضل المطاعم اللي جربتها هالفترة.,positive
تجربتنا في مطعم الفطور كانت رهيبة. استقبال الموظفين تشكر عليها، تعامل راقي وسريع. الأصناف اللي طلبناها طعمه خرافي ما توقعته بهالجودة. تقييمي خمسة من خمسة بدون تردد.,positive
تجربتنا في الفرع كانت رهيبة. المقبلات كان لذيذ من أول لقمة. المكان مرتب وله لمسة مميزة. بشكل عام تجربة تستاهل خمس نجوم كاملة.,positive
والله مطعم الوجبات السريعة فوق الممتاز. سرعة التقديم كانت مثالية من أول ما دخلنا. السلطة كان لذيذ جدا وطازج. أكيد راح أرجع مرة ثانية وأكثر.,positive
زرنا مطعم المأكولات البحرية أمس ووالله ما توقعنا يكون بهالحلاوة. السلطة كان ذا مستوى راقي جدا. أكيد راح أرجع مرة ثانية وأكثر.,positive
ما شاء الله على مطعم البرجر. السعر تستاهل كل ريال. الخدمة كانت راقية جدا والموظفين مبتسمين ومتعاونين. البيتزا كان لذيذ جدا وطازج. من أفضل المطاعم اللي جربتها هالفترة.,positive
من أفضل تجاربي مع مطعم البرجر. النظافة مرتب وله لمسة مميزة. تعامل النادل فوق الممتاز، اهتمام بالتفاصيل. الأسعار تستاهل كل ريال. المقبلات طعمه خرافي ما توقعته بهالجودة. أكيد راح أرجع مرة ثانية وأكثر.,positive
كنت مع أصحابي في مطعم الأكل الإيطالي وقضينا وقت ولا أحلى. الأسعار ممتازة ومناسبة جدا للجودة المقدمة. ما أكلت العصائر بهالجودة من زمان. تعامل النادل فوق الممتاز، اهتمام بالتفاصيل. فخور إني اكتشفت هالمكان.,positive
تجربتنا في مطعم الأكل الإيطالي كانت رهيبة. الديكور هادئ ومناسب للعائلة. ما أكلت الأكل بهالجودة من زمان. استقبال الموظفين تشكر عليها، تعامل راقي وسريع. مكان يستاهل تجربته أكثر من مرة.,positive
كنت مع أصحابي في المطعم وقضينا وقت ولا أحلى. استقبال الموظفين فوق الممتاز، اهتمام بالتفاصيل. الوجبة كان لذيذ جدا وطازج. تجربة ما تنسى، يستاهل كل التقييمات الإيجابية.,positive
تجربتنا في الفرع كانت رهيبة. الديكور هادئ ومناسب للعائلة. السلطة سخن وطازج والتقديم مرتب. تجربة ما تنسى، يستاهل كل التقييمات الإيجابية.,positive
من أفضل تجاربي مع مطعم الفطور. الديكور مرتب وله لمسة مميزة. الأسعار مقارنة بالكمية مناسبة، ما حسيت إني دفعت زيادة. الوجبة الرئيسية كان لذيذ جدا وطازج. بشكل عام تجربة تستاهل خمس نجوم كاملة.,positive
من أفضل تجاربي مع مطعم الوجبات السريعة. البيتزا طعمه خرافي ما توقعته بهالجودة. أكيد راح أرجع مرة ثانية وأكثر.,positive
كنت مع أصحابي في المطعم الشعبي وقضينا وقت ولا أحلى. العصائر فوق الوصف، نكهات متوازنة وحلوة. الترتيب الداخلي مرتب وله لمسة مميزة. الخدمة كانت مثالية من أول ما دخلنا. أكيد راح أرجع مرة ثانية وأكثر.,positive
تجربتنا في الكافيه كانت رهيبة. قيمة الفلوس مقابل الأكل ممتازة ومناسبة جدا للجودة المقدمة. المشاوي كان لذيذ من أول لقمة. الجو العام جميل جدا ومريح. استقبال الموظفين سريعة واحترافية بشكل يجنن. أنصح فيه بقوة لأي شخص يدور على مكان مميز.,positive
من أفضل تجاربي مع مطعم الأكل الإيطالي. ما أكلت السلطة بهالجودة من زمان. الترتيب الداخلي أنيق ونظيف بشكل يلفت النظر. تعامل النادل سريعة واحترافية بشكل يجنن. بشكل عام تجربة تستاهل خمس نجوم كاملة.,positive
تجربتنا في المطعم الشعبي كانت رهيبة. المكان هادئ ومناسب للعائلة. الخدمة بشكل عام كانت مثالية من أول ما دخلنا. الأرز كان ذا مستوى راقي جدا. السعر ممتازة ومناسبة جدا للجودة المقدمة. أنصح فيه بقوة لأي شخص يدور على مكان مميز.,positive
من أفضل تجاربي مع المكان. البرجر فوق الوصف، نكهات متوازنة وحلوة. سرعة التقديم تشكر عليها، تعامل راقي وسريع. أنصح فيه بقوة لأي شخص يدور على مكان مميز.,positive
ما شاء الله على مطعم المشويات. العصائر كان لذيذ من أول لقمة. الخدمة تشكر عليها، تعامل راقي وسريع. الأسعار ممتازة ومناسبة جدا للجودة المقدمة. الجو العام مرتب وله لمسة مميزة. تقييمي خمسة من خمسة بدون تردد.,positive
زرنا مطعم المأكولات البحرية أمس ووالله ما توقعنا يكون بهالحلاوة. الطعام كان لذيذ من أول لقمة. تعامل النادل تشكر عليها، تعامل راقي وسريع. فخور إني اكتشفت هالمكان.,positive
ما شاء الله على المكان. الخدمة سريعة واحترافية بشكل يجنن. السلطة كان ذا مستوى راقي جدا. بشكل عام تجربة تستاهل خمس نجوم كاملة.,positive
كنت مع أصحابي في المطعم اللي جربناه وقضينا وقت ولا أحلى. الوجبة الرئيسية طعمه خرافي ما توقعته بهالجودة. تقييمي خمسة من خمسة بدون تردد.,positive
زرنا المطعم الجديد أمس ووالله ما توقعنا يكون بهالحلاوة. سرعة التقديم تشكر عليها، تعامل راقي وسريع. الأرز كان لذيذ من أول لقمة. تجربة ما تنسى، يستاهل كل التقييمات الإيجابية.,positive
من أفضل تجاربي مع المطعم. الأكل طعمه خرافي ما توقعته بهالجودة. الخدمة بشكل عام كانت راقية جدا والموظفين مبتسمين ومتعاونين. أنصح فيه بقوة لأي شخص يدور على مكان مميز.,positive
أنصح الكل يجرب المكان. الحلا طعمه خرافي ما توقعته بهالجودة. الجو العام هادئ ومناسب للعائلة. تجربة ما تنسى، يستاهل كل التقييمات الإيجابية.,positive
زرت مطعم الفطور مع العائلة وكانت تجربة تجنن. المشاوي طعمه خرافي ما توقعته بهالجودة. الخدمة بشكل عام كانت مثالية من أول ما دخلنا. فخور إني اكتشفت هالمكان.,positive
كنت مع أصحابي في المكان وقضينا وقت ولا أحلى. الأسعار تستاهل كل ريال. الخدمة بشكل عام كانت راقية جدا والموظفين مبتسمين ومتعاونين. الوجبة الرئيسية سخن وطازج والتقديم مرتب. من أفضل المطاعم اللي جربتها هالفترة.,positive
زرت المطعم الشعبي مع العائلة وكانت تجربة تجنن. الأجواء هادئ ومناسب للعائلة. الأكل فوق الوصف، نكهات متوازنة وحلوة. مكان يستاهل تجربته أكثر من مرة.,positive
كنت مع أصحابي في المطعم الشعبي وقضينا وقت ولا أحلى. تعامل النادل سريعة واحترافية بشكل يجنن. الترتيب الداخلي أنيق ونظيف بشكل يلفت النظر. الوجبة الرئيسية كان ذا مستوى راقي جدا. تقييمي خمسة من خمسة بدون تردد.,positive
من أفضل تجاربي مع المطعم الشعبي. تعامل النادل سريعة واحترافية بشكل يجنن. النظافة مرتب وله لمسة مميزة. الأكل كان لذيذ جدا وطازج. من أفضل المطاعم اللي جربتها هالفترة.,positive
كنت مع أصحابي في مطعم المشويات وقضينا وقت ولا أحلى. المكان هادئ ومناسب للعائلة. العصائر فوق الوصف، نكهات متوازنة وحلوة. تعامل النادل تشكر عليها، تعامل راقي وسريع. تجربة ما تنسى، يستاهل كل التقييمات الإيجابية.,positive
أنصح الكل يجرب الفرع. البيتزا طعمه خرافي ما توقعته بهالجودة. السعر ممتازة ومناسبة جدا للجودة المقدمة. سرعة التقديم فوق الممتاز، اهتمام بالتفاصيل. الأجواء أنيق ونظيف بشكل يلفت النظر. فخور إني اكتشفت هالمكان.,positive
زرت مطعم المشويات مع العائلة وكانت تجربة تجنن. الخدمة كانت مثالية من أول ما دخلنا. البيتزا كان ذا مستوى راقي جدا. مكان يستاهل تجربته أكثر من مرة.,positive
ما شاء الله على مطعم البيتزا. البرجر كان ذا مستوى راقي جدا. الخدمة بشكل عام سريعة واحترافية بشكل يجنن. الأسعار معقولة جدا مقارنة بالكمية والجودة. تجربة ما تنسى، يستاهل كل التقييمات الإيجابية.,positive
ما شاء الله على مطعم البيتزا. المكان هادئ ومناسب للعائلة. الوجبة طعمه خرافي ما توقعته بهالجودة. الأسعار ممتازة ومناسبة جدا للجودة المقدمة. أكيد راح أرجع مرة ثانية وأكثر.,positive
كنت مع أصحابي في المطعم الشعبي وقضينا وقت ولا أحلى. الطعام طعمه خرافي ما توقعته بهالجودة. الأجواء أنيق ونظيف بشكل يلفت النظر. الخدمة بشكل عام كانت راقية جدا والموظفين مبتسمين ومتعاونين. الأسعار مقارنة بالكمية ممتازة ومناسبة جدا للجودة المقدمة. أكيد راح أرجع مرة ثانية وأكثر.,positive
ما شاء الله على المطعم. المقبلات كان مبهر والكمية كانت مناسبة. الديكور مرتب وله لمسة مميزة. الأسعار مناسبة، ما حسيت إني دفعت زيادة. تعامل النادل تشكر عليها، تعامل راقي وسريع. تقييمي خمسة من خمسة بدون تردد.,positive
كنت مع أصحابي في الفرع وقضينا وقت ولا أحلى. الأسعار مقارنة بالكمية معقولة جدا مقارنة بالكمية والجودة. الخدمة بشكل عام كانت مثالية من أول ما دخلنا. الأرز كان لذيذ من أول لقمة. تقييمي خمسة من خمسة بدون تردد.,positive
المطعم اللي جربناه فاق كل التوقعات. الديكور أنيق ونظيف بشكل يلفت النظر. ما أكلت السلطة بهالجودة من زمان. الخدمة سريعة واحترافية بشكل يجنن. قيمة الفلوس مقابل الأكل ممتازة ومناسبة جدا للجودة المقدمة. بشكل عام تجربة تستاهل خمس نجوم كاملة.,positive
ما شاء الله على مطعم المشويات. المشاوي سخن وطازج والتقديم مرتب. الخدمة سريعة واحترافية بشكل يجنن. مكان يستاهل تجربته أكثر من مرة.,positive
زرت مطعم الفطور مع العائلة وكانت تجربة تجنن. السعر مناسبة، ما حسيت إني دفعت زيادة. النظافة جميل جدا ومريح. ما أكلت الوجبة بهالجودة من زمان. الخدمة فوق الممتاز، اهتمام بالتفاصيل. فخور إني اكتشفت هالمكان.,positive
تجربتنا في مطعم البيتزا كانت رهيبة. استقبال الموظفين كانت راقية جدا والموظفين مبتسمين ومتعاونين. المقبلات كان لذيذ جدا وطازج. المكان أنيق ونظيف بشكل يلفت النظر. الأسعار مقارنة بالكمية مناسبة، ما حسيت إني دفعت زيادة. مكان يستاهل تجربته أكثر من مرة.,positive
جربنا المكان أول مرة وصراحة انبهرنا. الخدمة فوق الممتاز، اهتمام بالتفاصيل. السعر مناسبة، ما حسيت إني دفعت زيادة. البرجر فوق الوصف، نكهات متوازنة وحلوة. فخور إني اكتشفت هالمكان.,positive
تجربتنا في مطعم الأكل الإيطالي كانت رهيبة. الخدمة بشكل عام كانت مثالية من أول ما دخلنا. الحلا طعمه خرافي ما توقعته بهالجودة. فخور إني اكتشفت هالمكان.,positive
ما شاء الله على مطعم الأكل الإيطالي. النظافة جميل جدا ومريح. قيمة الفلوس مقابل الأكل مناسبة، ما حسيت إني دفعت زيادة. الأكل كان ذا مستوى راقي جدا. الخدمة تشكر عليها، تعامل راقي وسريع. تجربة ما تنسى، يستاهل كل التقييمات الإيجابية.,positive
كنت مع أصحابي في مطعم المأكولات البحرية وقضينا وقت ولا أحلى. الأسعار تستاهل كل ريال. المقبلات كان لذيذ من أول لقمة. مكان يستاهل تجربته أكثر من مرة.,positive
تجربتنا في مطعم الوجبات السريعة كانت رهيبة. استقبال الموظفين فوق الممتاز، اهتمام بالتفاصيل. الأسعار تستاهل كل ريال. العصائر كان لذيذ من أول لقمة. النظافة جميل جدا ومريح. فخور إني اكتشفت هالمكان.,positive
والله المكان فوق الممتاز. قيمة الفلوس مقابل الأكل معقولة جدا مقارنة بالكمية والجودة. الخدمة كانت راقية جدا والموظفين مبتسمين ومتعاونين. الأصناف اللي طلبناها طعمه خرافي ما توقعته بهالجودة. من أفضل المطاعم اللي جربتها هالفترة.,positive
من أفضل تجاربي مع المطعم الجديد. السعر معقولة جدا مقارنة بالكمية والجودة. الحلا طعمه خرافي ما توقعته بهالجودة. الخدمة كانت مثالية من أول ما دخلنا. فخور إني اكتشفت هالمكان.,positive
ما شاء الله على الفرع. الأرز فوق الوصف، نكهات متوازنة وحلوة. استقبال الموظفين كانت مثالية من أول ما دخلنا. الجو العام مرتب وله لمسة مميزة. تقييمي خمسة من خمسة بدون تردد.,positive
زرنا مطعم البيتزا أمس ووالله ما توقعنا يكون بهالحلاوة. الأصناف اللي طلبناها كان ذا مستوى راقي جدا. الأسعار مقارنة بالكمية تستاهل كل ريال. سرعة التقديم كانت مثالية من أول ما دخلنا. من أفضل المطاعم اللي جربتها هالفترة.,positive
زرنا المكان أمس ووالله ما توقعنا يكون بهالحلاوة. البيتزا كان ذا مستوى راقي جدا. الجو العام هادئ ومناسب للعائلة. من أفضل المطاعم اللي جربتها هالفترة.,positive
أنصح الكل يجرب الفرع. العصائر كان لذيذ من أول لقمة. الخدمة بشكل عام كانت مثالية من أول ما دخلنا. الأجواء جميل جدا ومريح. أنصح فيه بقوة لأي شخص يدور على مكان مميز.,positive
من أفضل تجاربي مع مطعم الأكل الإيطالي. ما أكلت المشاوي بهالجودة من زمان. الترتيب الداخلي مرتب وله لمسة مميزة. استقبال الموظفين تشكر عليها، تعامل راقي وسريع. الأسعار مقارنة بالكمية مناسبة، ما حسيت إني دفعت زيادة. بشكل عام تجربة تستاهل خمس نجوم كاملة.,positive
والله مطعم البيتزا فوق الممتاز. العصائر طعمه خرافي ما توقعته بهالجودة. استقبال الموظفين تشكر عليها، تعامل راقي وسريع. الديكور هادئ ومناسب للعائلة. تقييمي خمسة من خمسة بدون تردد.,positive
من أفضل تجاربي مع مطعم الوجبات السريعة. ما أكلت الأصناف اللي طلبناها بهالجودة من زمان. استقبال الموظفين سريعة واحترافية بشكل يجنن. السعر ممتازة ومناسبة جدا للجودة المقدمة. فخور إني اكتشفت هالمكان.,positive
من أفضل تجاربي مع المطعم الشعبي. الأجواء مرتب وله لمسة مميزة. الأصناف اللي طلبناها طعمه خرافي ما توقعته بهالجودة. استقبال الموظفين سريعة واحترافية بشكل يجنن. بشكل عام تجربة تستاهل خمس نجوم كاملة.,positive
زرت مطعم الوجبات السريعة مع العائلة وكانت تجربة تجنن. قيمة الفلوس مقابل الأكل تستاهل كل ريال. الخدمة بشكل عام سريعة واحترافية بشكل يجنن. الأصناف اللي طلبناها كان لذيذ من أول لقمة. الجو العام مرتب وله لمسة مميزة. تقييمي خمسة من خمسة بدون تردد.,positive
مطعم المأكولات البحرية فاق كل التوقعات. تعامل النادل سريعة واحترافية بشكل يجنن. الحلا فوق الوصف، نكهات متوازنة وحلوة. النظافة جميل جدا ومريح. فخور إني اكتشفت هالمكان.,positive
من أفضل تجاربي مع المطعم اللي جربناه. الأصناف اللي طلبناها فوق الوصف، نكهات متوازنة وحلوة. السعر تستاهل كل ريال. تعامل النادل فوق الممتاز، اهتمام بالتفاصيل. من أفضل المطاعم اللي جربتها هالفترة.,positive
زرنا الكافيه أمس ووالله ما توقعنا يكون بهالحلاوة. الأصناف اللي طلبناها سخن وطازج والتقديم مرتب. النظافة هادئ ومناسب للعائلة. تعامل النادل كانت راقية جدا والموظفين مبتسمين ومتعاونين. السعر تستاهل كل ريال. فخور إني اكتشفت هالمكان.,positive
كنت مع أصحابي في المطعم اللي جربناه وقضينا وقت ولا أحلى. الأسعار مناسبة، ما حسيت إني دفعت زيادة. الوجبة سخن وطازج والتقديم مرتب. أكيد راح أرجع مرة ثانية وأكثر.,positive
جربنا مطعم المشويات أول مرة وصراحة انبهرنا. العصائر كان لذيذ جدا وطازج. سرعة التقديم كانت مثالية من أول ما دخلنا. من أفضل المطاعم اللي جربتها هالفترة.,positive
والله مطعم المأكولات البحرية فوق الممتاز. الأكل كان لذيذ من أول لقمة. السعر تستاهل كل ريال. تعامل النادل سريعة واحترافية بشكل يجنن. بشكل عام تجربة تستاهل خمس نجوم كاملة.,positive
أنصح الكل يجرب المطعم اللي جربناه. الأسعار مقارنة بالكمية معقولة جدا مقارنة بالكمية والجودة. الحلا كان مبهر والكمية كانت مناسبة. تعامل النادل كانت راقية جدا والموظفين مبتسمين ومتعاونين. الترتيب الداخلي جميل جدا ومريح. بشكل عام تجربة تستاهل خمس نجوم كاملة.,positive
زرنا مطعم الوجبات السريعة أمس ووالله ما توقعنا يكون بهالحلاوة. سرعة التقديم كانت راقية جدا والموظفين مبتسمين ومتعاونين. الديكور هادئ ومناسب للعائلة. الوجبة كان ذا مستوى راقي جدا. قيمة الفلوس مقابل الأكل مناسبة، ما حسيت إني دفعت زيادة. تجربة ما تنسى، يستاهل كل التقييمات الإيجابية.,positive
زرنا مطعم الأكل الإيطالي أمس ووالله ما توقعنا يكون بهالحلاوة. سرعة التقديم فوق الممتاز، اهتمام بالتفاصيل. ما أكلت الأصناف اللي طلبناها بهالجودة من زمان. الأسعار مقارنة بالكمية ممتازة ومناسبة جدا للجودة المقدمة. من أفضل المطاعم اللي جربتها هالفترة.,positive
أنصح الكل يجرب مطعم المشويات. قيمة الفلوس مقابل الأكل معقولة جدا مقارنة بالكمية والجودة. سرعة التقديم سريعة واحترافية بشكل يجنن. البرجر كان مبهر والكمية كانت مناسبة. تجربة ما تنسى، يستاهل كل التقييمات الإيجابية.,positive
مطعم البيتزا فاق كل التوقعات. الجو العام جميل جدا ومريح. الأصناف اللي طلبناها فوق الوصف، نكهات متوازنة وحلوة. أكيد راح أرجع مرة ثانية وأكثر.,positive
زرت مطعم المشويات مع العائلة وكانت تجربة تجنن. البيتزا كان مبهر والكمية كانت مناسبة. تعامل النادل كانت مثالية من أول ما دخلنا. السعر مناسبة، ما حسيت إني دفعت زيادة. مكان يستاهل تجربته أكثر من مرة.,positive
ما شاء الله على مطعم الفطور. الخدمة بشكل عام كانت راقية جدا والموظفين مبتسمين ومتعاونين. السعر مناسبة، ما حسيت إني دفعت زيادة. الوجبة كان مبهر والكمية كانت مناسبة. مكان يستاهل تجربته أكثر من مرة.,positive
كنت مع أصحابي في مطعم المأكولات البحرية وقضينا وقت ولا أحلى. الأجواء هادئ ومناسب للعائلة. تعامل النادل تشكر عليها، تعامل راقي وسريع. الحلا كان لذيذ من أول لقمة. أنصح فيه بقوة لأي شخص يدور على مكان مميز.,positive
والله المطعم اللي جربناه فوق الممتاز. الحلا كان مبهر والكمية كانت مناسبة. استقبال الموظفين فوق الممتاز، اهتمام بالتفاصيل. تجربة ما تنسى، يستاهل كل التقييمات الإيجابية.,positive
أنصح الكل يجرب المطعم الشعبي. الجو العام جميل جدا ومريح. الخدمة بشكل عام كانت راقية جدا والموظفين مبتسمين ومتعاونين. الأسعار مقارنة بالكمية ممتازة ومناسبة جدا للجودة المقدمة. الوجبة الرئيسية سخن وطازج والتقديم مرتب. بشكل عام تجربة تستاهل خمس نجوم كاملة.,positive
كنت مع أصحابي في مطعم الأكل الإيطالي وقضينا وقت ولا أحلى. الوجبة الرئيسية سخن وطازج والتقديم مرتب. الأسعار تستاهل كل ريال. أكيد راح أرجع مرة ثانية وأكثر.,positive
المطعم الجديد فاق كل التوقعات. الأرز كان ذا مستوى راقي جدا. الأسعار ممتازة ومناسبة جدا للجودة المقدمة. الخدمة فوق الممتاز، اهتمام بالتفاصيل. المكان أنيق ونظيف بشكل يلفت النظر. مكان يستاهل تجربته أكثر من مرة.,positive
زرت مطعم البرجر مع العائلة وكانت تجربة تجنن. قيمة الفلوس مقابل الأكل معقولة جدا مقارنة بالكمية والجودة. الأرز سخن وطازج والتقديم مرتب. سرعة التقديم كانت راقية جدا والموظفين مبتسمين ومتعاونين. الجو العام جميل جدا ومريح. تجربة ما تنسى، يستاهل كل التقييمات الإيجابية.,positive
زرت المطعم الشعبي مع العائلة وكانت تجربة تجنن. الأسعار مقارنة بالكمية ممتازة ومناسبة جدا للجودة المقدمة. الأرز سخن وطازج والتقديم مرتب. الخدمة بشكل عام كانت راقية جدا والموظفين مبتسمين ومتعاونين. الترتيب الداخلي أنيق ونظيف بشكل يلفت النظر. تقييمي خمسة من خمسة بدون تردد.,positive
من أفضل تجاربي مع الكافيه. الأسعار ممتازة ومناسبة جدا للجودة المقدمة. الخدمة كانت مثالية من أول ما دخلنا. ما أكلت الأكل بهالجودة من زمان. فخور إني اكتشفت هالمكان.,positive
من أفضل تجاربي مع الفرع. المكان أنيق ونظيف بشكل يلفت النظر. الأكل فوق الوصف، نكهات متوازنة وحلوة. استقبال الموظفين كانت راقية جدا والموظفين مبتسمين ومتعاونين. الأسعار مقارنة بالكمية تستاهل كل ريال. مكان يستاهل تجربته أكثر من مرة.,positive
زرت مطعم الفطور مع العائلة وكانت تجربة تجنن. الوجبة الرئيسية كان مبهر والكمية كانت مناسبة. الخدمة كانت مثالية من أول ما دخلنا. تقييمي خمسة من خمسة بدون تردد.,positive
ما شاء الله على مطعم الفطور. سرعة التقديم كانت مثالية من أول ما دخلنا. الأسعار مقارنة بالكمية تستاهل كل ريال. المقبلات فوق الوصف، نكهات متوازنة وحلوة. أنصح فيه بقوة لأي شخص يدور على مكان مميز.,positive
كنت مع أصحابي في مطعم البرجر وقضينا وقت ولا أحلى. سرعة التقديم كانت مثالية من أول ما دخلنا. المكان هادئ ومناسب للعائلة. ما أكلت البرجر بهالجودة من زمان. الأسعار مقارنة بالكمية مناسبة، ما حسيت إني دفعت زيادة. من أفضل المطاعم اللي جربتها هالفترة.,positive
والله الفرع فوق الممتاز. الأسعار مقارنة بالكمية مناسبة، ما حسيت إني دفعت زيادة. ما أكلت الطعام بهالجودة من زمان. الخدمة كانت راقية جدا والموظفين مبتسمين ومتعاونين. المكان جميل جدا ومريح. تجربة ما تنسى، يستاهل كل التقييمات الإيجابية.,positive
كنت مع أصحابي في الفرع وقضينا وقت ولا أحلى. الأسعار مقارنة بالكمية معقولة جدا مقارنة بالكمية والجودة. الوجبة الرئيسية كان لذيذ جدا وطازج. استقبال الموظفين كانت مثالية من أول ما دخلنا. مكان يستاهل تجربته أكثر من مرة.,positive
كنت مع أصحابي في المطعم الجديد وقضينا وقت ولا أحلى. سرعة التقديم فوق الممتاز، اهتمام بالتفاصيل. قيمة الفلوس مقابل الأكل معقولة جدا مقارنة بالكمية والجودة. البيتزا طعمه خرافي ما توقعته بهالجودة. أكيد راح أرجع مرة ثانية وأكثر.,positive
من أفضل تجاربي مع المطعم اللي جربناه. سرعة التقديم سريعة واحترافية بشكل يجنن. البرجر طعمه خرافي ما توقعته بهالجودة. تجربة ما تنسى، يستاهل كل التقييمات الإيجابية.,positive
أنصح الكل يجرب المطعم الجديد. ما أكلت الأكل بهالجودة من زمان. استقبال الموظفين كانت راقية جدا والموظفين مبتسمين ومتعاونين. الترتيب الداخلي جميل جدا ومريح. تقييمي خمسة من خمسة بدون تردد.,positive
كنت مع أصحابي في مطعم البيتزا وقضينا وقت ولا أحلى. قيمة الفلوس مقابل الأكل معقولة جدا مقارنة بالكمية والجودة. الخدمة بشكل عام سريعة واحترافية بشكل يجنن. الأرز كان ذا مستوى راقي جدا. الجو العام هادئ ومناسب للعائلة. أنصح فيه بقوة لأي شخص يدور على مكان مميز.,positive
جربنا المطعم الجديد أول مرة وصراحة انبهرنا. استقبال الموظفين سريعة واحترافية بشكل يجنن. الأسعار مناسبة، ما حسيت إني دفعت زيادة. المكان جميل جدا ومريح. العصائر فوق الوصف، نكهات متوازنة وحلوة. تقييمي خمسة من خمسة بدون تردد.,positive
زرنا مطعم المأكولات البحرية أمس ووالله ما توقعنا يكون بهالحلاوة. الأسعار مقارنة بالكمية مناسبة، ما حسيت إني دفعت زيادة. ما أكلت الحلا بهالجودة من زمان. استقبال الموظفين فوق الممتاز، اهتمام بالتفاصيل. تجربة ما تنسى، يستاهل كل التقييمات الإيجابية.,positive
ما شاء الله على مطعم المشويات. الوجبة فوق الوصف، نكهات متوازنة وحلوة. الخدمة فوق الممتاز، اهتمام بالتفاصيل. بشكل عام تجربة تستاهل خمس نجوم كاملة.,positive
زرنا المطعم أمس ووالله ما توقعنا يكون بهالحلاوة. الخدمة بشكل عام تشكر عليها، تعامل راقي وسريع. الوجبة كان لذيذ جدا وطازج. أنصح فيه بقوة لأي شخص يدور على مكان مميز.,positive
جربنا المطعم الجديد أول مرة وصراحة انبهرنا. الخدمة بشكل عام فوق الممتاز، اهتمام بالتفاصيل. الأصناف اللي طلبناها كان مبهر والكمية كانت مناسبة. الأجواء هادئ ومناسب للعائلة. بشكل عام تجربة تستاهل خمس نجوم كاملة.,positive
ما شاء الله على مطعم الأكل الإيطالي. الطعام فوق الوصف، نكهات متوازنة وحلوة. تعامل النادل فوق الممتاز، اهتمام بالتفاصيل. الجو العام هادئ ومناسب للعائلة. أكيد راح أرجع مرة ثانية وأكثر.,positive
زرنا المطعم الجديد أمس ووالله ما توقعنا يكون بهالحلاوة. الأسعار مقارنة بالكمية معقولة جدا مقارنة بالكمية والجودة. العصائر فوق الوصف، نكهات متوازنة وحلوة. سرعة التقديم سريعة واحترافية بشكل يجنن. فخور إني اكتشفت هالمكان.,positive
جربنا مطعم البيتزا أول مرة وصراحة انبهرنا. الجو العام جميل جدا ومريح. السلطة كان مبهر والكمية كانت مناسبة. قيمة الفلوس مقابل الأكل تستاهل كل ريال. الخدمة بشكل عام فوق الممتاز، اهتمام بالتفاصيل. من أفضل المطاعم اللي جربتها هالفترة.,positive
مطعم البيتزا فاق كل التوقعات. الطعام كان لذيذ جدا وطازج. الخدمة كانت مثالية من أول ما دخلنا. تجربة ما تنسى، يستاهل كل التقييمات الإيجابية.,positive
تجربتنا في المطعم الشعبي كانت رهيبة. الوجبة كان لذيذ جدا وطازج. الخدمة بشكل عام فوق الممتاز، اهتمام بالتفاصيل. الأسعار مقارنة بالكمية تستاهل كل ريال. من أفضل المطاعم اللي جربتها هالفترة.,positive
تجربتنا في المطعم كانت رهيبة. الأجواء أنيق ونظيف بشكل يلفت النظر. الأسعار معقولة جدا مقارنة بالكمية والجودة. استقبال الموظفين كانت مثالية من أول ما دخلنا. الأصناف اللي طلبناها كان مبهر والكمية كانت مناسبة. فخور إني اكتشفت هالمكان.,positive
مطعم المأكولات البحرية فاق كل التوقعات. السلطة سخن وطازج والتقديم مرتب. استقبال الموظفين تشكر عليها، تعامل راقي وسريع. مكان يستاهل تجربته أكثر من مرة.,positive
زرت مطعم الفطور مع العائلة وكانت تجربة تجنن. الترتيب الداخلي جميل جدا ومريح. ما أكلت الوجبة الرئيسية بهالجودة من زمان. تعامل النادل كانت راقية جدا والموظفين مبتسمين ومتعاونين. بشكل عام تجربة تستاهل خمس نجوم كاملة.,positive
كنت مع أصحابي في الكافيه وقضينا وقت ولا أحلى. الأسعار مقارنة بالكمية مناسبة، ما حسيت إني دفعت زيادة. المكان جميل جدا ومريح. الخدمة سريعة واحترافية بشكل يجنن. ما أكلت الأرز بهالجودة من زمان. مكان يستاهل تجربته أكثر من مرة.,positive
جربنا الفرع أول مرة وصراحة انبهرنا. الطعام كان ذا مستوى راقي جدا. الترتيب الداخلي هادئ ومناسب للعائلة. من أفضل المطاعم اللي جربتها هالفترة.,positive
جربنا مطعم البيتزا أول مرة وصراحة انبهرنا. الأصناف اللي طلبناها طعمه خرافي ما توقعته بهالجودة. سرعة التقديم كانت مثالية من أول ما دخلنا. قيمة الفلوس مقابل الأكل مناسبة، ما حسيت إني دفعت زيادة. الجو العام هادئ ومناسب للعائلة. فخور إني اكتشفت هالمكان.,positive
أنصح الكل يجرب مطعم المشويات. النظافة مرتب وله لمسة مميزة. الأصناف اللي طلبناها فوق الوصف، نكهات متوازنة وحلوة. تعامل النادل كانت راقية جدا والموظفين مبتسمين ومتعاونين. مكان يستاهل تجربته أكثر من مرة.,positive
جربنا مطعم البرجر أول مرة وصراحة انبهرنا. البيتزا كان مبهر والكمية كانت مناسبة. الأسعار مناسبة، ما حسيت إني دفعت زيادة. الخدمة بشكل عام سريعة واحترافية بشكل يجنن. تقييمي خمسة من خمسة بدون تردد.,positive
ما شاء الله على مطعم الأكل الإيطالي. الأجواء أنيق ونظيف بشكل يلفت النظر. استقبال الموظفين كانت راقية جدا والموظفين مبتسمين ومتعاونين. السعر مناسبة، ما حسيت إني دفعت زيادة. ما أكلت المشاوي بهالجودة من زمان. فخور إني اكتشفت هالمكان.,positive
والله مطعم الأكل الإيطالي فوق الممتاز. الديكور مرتب وله لمسة مميزة. قيمة الفلوس مقابل الأكل تستاهل كل ريال. استقبال الموظفين كانت مثالية من أول ما دخلنا. ما أكلت الحلا بهالجودة من زمان. مكان يستاهل تجربته أكثر من مرة.,positive
ما شاء الله على مطعم البيتزا. الأكل سخن وطازج والتقديم مرتب. الجو العام أنيق ونظيف بشكل يلفت النظر. تعامل النادل فوق الممتاز، اهتمام بالتفاصيل. بشكل عام تجربة تستاهل خمس نجوم كاملة.,positive
جربنا الكافيه أول مرة وصراحة انبهرنا. الأجواء هادئ ومناسب للعائلة. الخدمة تشكر عليها، تعامل راقي وسريع. الطعام كان ذا مستوى راقي جدا. الأسعار مقارنة بالكمية ممتازة ومناسبة جدا للجودة المقدمة. تجربة ما تنسى، يستاهل كل التقييمات الإيجابية.,positive
ما شاء الله على مطعم البرجر. الأسعار مقارنة بالكمية مناسبة، ما حسيت إني دفعت زيادة. تعامل النادل تشكر عليها، تعامل راقي وسريع. الجو العام أنيق ونظيف بشكل يلفت النظر. البرجر كان لذيذ جدا وطازج. أنصح فيه بقوة لأي شخص يدور على مكان مميز.,positive
كنت مع أصحابي في الكافيه وقضينا وقت ولا أحلى. الجو العام هادئ ومناسب للعائلة. المقبلات كان مبهر والكمية كانت مناسبة. الأسعار تستاهل كل ريال. فخور إني اكتشفت هالمكان.,positive
مطعم الفطور فاق كل التوقعات. ما أكلت البيتزا بهالجودة من زمان. تعامل النادل فوق الممتاز، اهتمام بالتفاصيل. الأسعار معقولة جدا مقارنة بالكمية والجودة. الديكور مرتب وله لمسة مميزة. مكان يستاهل تجربته أكثر من مرة.,positive
تجربتنا في المطعم الجديد كانت رهيبة. الخدمة بشكل عام كانت مثالية من أول ما دخلنا. المقبلات كان مبهر والكمية كانت مناسبة. الأسعار ممتازة ومناسبة جدا للجودة المقدمة. تجربة ما تنسى، يستاهل كل التقييمات الإيجابية.,positive
زرت المطعم مع العائلة وكانت تجربة تجنن. الوجبة سخن وطازج والتقديم مرتب. الخدمة فوق الممتاز، اهتمام بالتفاصيل. المكان أنيق ونظيف بشكل يلفت النظر. أكيد راح أرجع مرة ثانية وأكثر.,positive
زرت المطعم الشعبي مع العائلة وكانت تجربة تجنن. تعامل النادل كانت راقية جدا والموظفين مبتسمين ومتعاونين. الأكل فوق الوصف، نكهات متوازنة وحلوة. السعر تستاهل كل ريال. فخور إني اكتشفت هالمكان.,positive
زرت مطعم الوجبات السريعة مع العائلة وكانت تجربة تجنن. الأجواء هادئ ومناسب للعائلة. ما أكلت السلطة بهالجودة من زمان. الأسعار مقارنة بالكمية مناسبة، ما حسيت إني دفعت زيادة. فخور إني اكتشفت هالمكان.,positive
تجربتنا في المطعم الجديد كانت رهيبة. الأصناف اللي طلبناها فوق الوصف، نكهات متوازنة وحلوة. المكان أنيق ونظيف بشكل يلفت النظر. استقبال الموظفين كانت مثالية من أول ما دخلنا. مكان يستاهل تجربته أكثر من مرة.,positive
المطعم الشعبي فاق كل التوقعات. الخدمة سريعة واحترافية بشكل يجنن. الترتيب الداخلي جميل جدا ومريح. الأسعار مقارنة بالكمية ممتازة ومناسبة جدا للجودة المقدمة. الوجبة كان لذيذ من أول لقمة. تجربة ما تنسى، يستاهل كل التقييمات الإيجابية.,positive
تجربتنا في مطعم البرجر كانت رهيبة. الخدمة كانت مثالية من أول ما دخلنا. ما أكلت الوجبة بهالجودة من زمان. الأسعار مقارنة بالكمية مناسبة، ما حسيت إني دفعت زيادة. تجربة ما تنسى، يستاهل كل التقييمات الإيجابية.,positive
زرنا الفرع أمس ووالله ما توقعنا يكون بهالحلاوة. استقبال الموظفين سريعة واحترافية بشكل يجنن. المكان أنيق ونظيف بشكل يلفت النظر. الحلا كان ذا مستوى راقي جدا. الأسعار مقارنة بالكمية معقولة جدا مقارنة بالكمية والجودة. أنصح فيه بقوة لأي شخص يدور على مكان مميز.,positive
ما شاء الله على مطعم البرجر. سرعة التقديم كانت مثالية من أول ما دخلنا. المقبلات فوق الوصف، نكهات متوازنة وحلوة. الأسعار مقارنة بالكمية مناسبة، ما حسيت إني دفعت زيادة. من أفضل المطاعم اللي جربتها هالفترة.,positive
زرت مطعم المشويات مع العائلة وكانت تجربة تجنن. سرعة التقديم فوق الممتاز، اهتمام بالتفاصيل. الأسعار مقارنة بالكمية تستاهل كل ريال. الوجبة فوق الوصف، نكهات متوازنة وحلوة. بشكل عام تجربة تستاهل خمس نجوم كاملة.,positive
أنصح الكل يجرب الفرع. قيمة الفلوس مقابل الأكل ممتازة ومناسبة جدا للجودة المقدمة. الأصناف اللي طلبناها كان لذيذ من أول لقمة. تجربة ما تنسى، يستاهل كل التقييمات الإيجابية.,positive
أنصح الكل يجرب مطعم الفطور. قيمة الفلوس مقابل الأكل مناسبة، ما حسيت إني دفعت زيادة. الخدمة بشكل عام كانت مثالية من أول ما دخلنا. الوجبة كان ذا مستوى راقي جدا. فخور إني اكتشفت هالمكان.,positive
جربنا مطعم البيتزا أول مرة وصراحة انبهرنا. المقبلات كان ذا مستوى راقي جدا. الأجواء أنيق ونظيف بشكل يلفت النظر. سرعة التقديم كانت راقية جدا والموظفين مبتسمين ومتعاونين. من أفضل المطاعم اللي جربتها هالفترة.,positive
زرنا الفرع أمس ووالله ما توقعنا يكون بهالحلاوة. ما أكلت الأكل بهالجودة من زمان. تعامل النادل كانت راقية جدا والموظفين مبتسمين ومتعاونين. أنصح فيه بقوة لأي شخص يدور على مكان مميز.,positive
كنت مع أصحابي في مطعم البيتزا وقضينا وقت ولا أحلى. المكان مرتب وله لمسة مميزة. السعر تستاهل كل ريال. الخدمة بشكل عام سريعة واحترافية بشكل يجنن. البرجر فوق الوصف، نكهات متوازنة وحلوة. من أفضل المطاعم اللي جربتها هالفترة.,positive
المكان فاق كل التوقعات. الأكل كان لذيذ من أول لقمة. السعر تستاهل كل ريال. الخدمة بشكل عام كانت مثالية من أول ما دخلنا. أنصح فيه بقوة لأي شخص يدور على مكان مميز.,positive
جربنا مطعم البرجر أول مرة وصراحة انبهرنا. الخدمة كانت مثالية من أول ما دخلنا. قيمة الفلوس مقابل الأكل ممتازة ومناسبة جدا للجودة المقدمة. الديكور مرتب وله لمسة مميزة. البرجر كان لذيذ من أول لقمة. فخور إني اكتشفت هالمكان.,positive
والله مطعم البرجر فوق الممتاز. استقبال الموظفين فوق الممتاز، اهتمام بالتفاصيل. الوجبة كان لذيذ جدا وطازج. الأسعار مقارنة بالكمية مناسبة، ما حسيت إني دفعت زيادة. أكيد راح أرجع مرة ثانية وأكثر.,positive
مطعم المأكولات البحرية فاق كل التوقعات. الأرز كان مبهر والكمية كانت مناسبة. قيمة الفلوس مقابل الأكل ممتازة ومناسبة جدا للجودة المقدمة. مكان يستاهل تجربته أكثر من مرة.,positive
مطعم الفطور فاق كل التوقعات. تعامل النادل فوق الممتاز، اهتمام بالتفاصيل. المقبلات كان لذيذ جدا وطازج. أكيد راح أرجع مرة ثانية وأكثر.,positive
جربنا المطعم أول مرة وصراحة انبهرنا. الخدمة فوق الممتاز، اهتمام بالتفاصيل. الأكل كان ذا مستوى راقي جدا. المكان أنيق ونظيف بشكل يلفت النظر. فخور إني اكتشفت هالمكان.,positive
كنت مع أصحابي في مطعم المأكولات البحرية وقضينا وقت ولا أحلى. الأسعار ممتازة ومناسبة جدا للجودة المقدمة. سرعة التقديم كانت مثالية من أول ما دخلنا. الأرز فوق الوصف، نكهات متوازنة وحلوة. فخور إني اكتشفت هالمكان.,positive
والله المطعم فوق الممتاز. الأصناف اللي طلبناها فوق الوصف، نكهات متوازنة وحلوة. بشكل عام تجربة تستاهل خمس نجوم كاملة.,positive
جربنا المطعم الشعبي أول مرة وصراحة انبهرنا. قيمة الفلوس مقابل الأكل تستاهل كل ريال. الحلا سخن وطازج والتقديم مرتب. النظافة هادئ ومناسب للعائلة. تعامل النادل تشكر عليها، تعامل راقي وسريع. تقييمي خمسة من خمسة بدون تردد.,positive
كنت مع أصحابي في المكان وقضينا وقت ولا أحلى. الوجبة الرئيسية سخن وطازج والتقديم مرتب. الأجواء أنيق ونظيف بشكل يلفت النظر. قيمة الفلوس مقابل الأكل معقولة جدا مقارنة بالكمية والجودة. من أفضل المطاعم اللي جربتها هالفترة.,positive
مطعم المأكولات البحرية فاق كل التوقعات. قيمة الفلوس مقابل الأكل معقولة جدا مقارنة بالكمية والجودة. المشاوي سخن وطازج والتقديم مرتب. سرعة التقديم كانت مثالية من أول ما دخلنا. من أفضل المطاعم اللي جربتها هالفترة.,positive
أنصح الكل يجرب المطعم الشعبي. ما أكلت المقبلات بهالجودة من زمان. سرعة التقديم كانت راقية جدا والموظفين مبتسمين ومتعاونين. أنصح فيه بقوة لأي شخص يدور على مكان مميز.,positive
زرت المكان مع العائلة وكانت تجربة تجنن. المقبلات كان لذيذ جدا وطازج. الديكور مرتب وله لمسة مميزة. الأسعار معقولة جدا مقارنة بالكمية والجودة. أنصح فيه بقوة لأي شخص يدور على مكان مميز.,positive
من أفضل تجاربي مع مطعم الأكل الإيطالي. الديكور مرتب وله لمسة مميزة. الخدمة بشكل عام سريعة واحترافية بشكل يجنن. الأسعار مقارنة بالكمية ممتازة ومناسبة جدا للجودة المقدمة. الأرز كان لذيذ من أول لقمة. تجربة ما تنسى، يستاهل كل التقييمات الإيجابية.,positive
ما شاء الله على مطعم البيتزا. الترتيب الداخلي أنيق ونظيف بشكل يلفت النظر. الأكل فوق الوصف، نكهات متوازنة وحلوة. استقبال الموظفين كانت راقية جدا والموظفين مبتسمين ومتعاونين. بشكل عام تجربة تستاهل خمس نجوم كاملة.,positive
جربنا مطعم المأكولات البحرية أول مرة وصراحة انبهرنا. الأصناف اللي طلبناها طعمه خرافي ما توقعته بهالجودة. السعر مناسبة، ما حسيت إني دفعت زيادة. المكان أنيق ونظيف بشكل يلفت النظر. استقبال الموظفين سريعة واحترافية بشكل يجنن. أنصح فيه بقوة لأي شخص يدور على مكان مميز.,positive
والله مطعم البرجر فوق الممتاز. سرعة التقديم كانت مثالية من أول ما دخلنا. الطعام كان لذيذ من أول لقمة. الجو العام أنيق ونظيف بشكل يلفت النظر. من أفضل المطاعم اللي جربتها هالفترة.,positive
أنصح الكل يجرب المطعم الشعبي. الديكور مرتب وله لمسة مميزة. الخدمة بشكل عام تشكر عليها، تعامل راقي وسريع. العصائر كان لذيذ جدا وطازج. فخور إني اكتشفت هالمكان.,positive
المطعم الجديد فاق كل التوقعات. الخدمة كانت راقية جدا والموظفين مبتسمين ومتعاونين. ما أكلت المقبلات بهالجودة من زمان. قيمة الفلوس مقابل الأكل ممتازة ومناسبة جدا للجودة المقدمة. تجربة ما تنسى، يستاهل كل التقييمات الإيجابية.,positive
جربنا مطعم الوجبات السريعة أول مرة وصراحة انبهرنا. الحلا طعمه خرافي ما توقعته بهالجودة. قيمة الفلوس مقابل الأكل معقولة جدا مقارنة بالكمية والجودة. الخدمة بشكل عام تشكر عليها، تعامل راقي وسريع. تجربة ما تنسى، يستاهل كل التقييمات الإيجابية.,positive
والله مطعم الوجبات السريعة فوق الممتاز. قيمة الفلوس مقابل الأكل تستاهل كل ريال. المقبلات فوق الوصف، نكهات متوازنة وحلوة. سرعة التقديم فوق الممتاز، اهتمام بالتفاصيل. تقييمي خمسة من خمسة بدون تردد.,positive
والله مطعم الوجبات السريعة فوق الممتاز. الأسعار تستاهل كل ريال. العصائر فوق الوصف، نكهات متوازنة وحلوة. الخدمة فوق الممتاز، اهتمام بالتفاصيل. أنصح فيه بقوة لأي شخص يدور على مكان مميز.,positive
جربنا المطعم الجديد أول مرة وصراحة انبهرنا. تعامل النادل كانت مثالية من أول ما دخلنا. الأسعار مناسبة، ما حسيت إني دفعت زيادة. الطعام كان مبهر والكمية كانت مناسبة. الديكور جميل جدا ومريح. تقييمي خمسة من خمسة بدون تردد.,positive
أنصح الكل يجرب المطعم. الخدمة بشكل عام فوق الممتاز، اهتمام بالتفاصيل. البرجر كان ذا مستوى راقي جدا. تقييمي خمسة من خمسة بدون تردد.,positive
تجربتنا في مطعم البيتزا كانت رهيبة. ما أكلت الوجبة بهالجودة من زمان. استقبال الموظفين كانت مثالية من أول ما دخلنا. قيمة الفلوس مقابل الأكل تستاهل كل ريال. الديكور جميل جدا ومريح. أنصح فيه بقوة لأي شخص يدور على مكان مميز.,positive
مطعم المأكولات البحرية فاق كل التوقعات. السعر معقولة جدا مقارنة بالكمية والجودة. الخدمة فوق الممتاز، اهتمام بالتفاصيل. ما أكلت العصائر بهالجودة من زمان. من أفضل المطاعم اللي جربتها هالفترة.,positive
زرنا مطعم الأكل الإيطالي أمس ووالله ما توقعنا يكون بهالحلاوة. المكان جميل جدا ومريح. الوجبة الرئيسية طعمه خرافي ما توقعته بهالجودة. سرعة التقديم تشكر عليها، تعامل راقي وسريع. فخور إني اكتشفت هالمكان.,positive
زرنا المطعم أمس ووالله ما توقعنا يكون بهالحلاوة. ما أكلت الوجبة بهالجودة من زمان. الخدمة فوق الممتاز، اهتمام بالتفاصيل. تقييمي خمسة من خمسة بدون تردد.,positive
تجربتنا في المطعم اللي جربناه كانت رهيبة. الجو العام مرتب وله لمسة مميزة. السعر تستاهل كل ريال. الحلا طعمه خرافي ما توقعته بهالجودة. الخدمة تشكر عليها، تعامل راقي وسريع. تجربة ما تنسى، يستاهل كل التقييمات الإيجابية.,positive
المطعم الجديد فاق كل التوقعات. الوجبة سخن وطازج والتقديم مرتب. الأسعار مقارنة بالكمية تستاهل كل ريال. سرعة التقديم سريعة واحترافية بشكل يجنن. تقييمي خمسة من خمسة بدون تردد.,positive
من أفضل تجاربي مع الفرع. السلطة طعمه خرافي ما توقعته بهالجودة. الترتيب الداخلي أنيق ونظيف بشكل يلفت النظر. الخدمة تشكر عليها، تعامل راقي وسريع. فخور إني اكتشفت هالمكان.,positive
والله مطعم الفطور فوق الممتاز. الجو العام أنيق ونظيف بشكل يلفت النظر. الخدمة كانت راقية جدا والموظفين مبتسمين ومتعاونين. الأسعار مناسبة، ما حسيت إني دفعت زيادة. الأكل فوق الوصف، نكهات متوازنة وحلوة. مكان يستاهل تجربته أكثر من مرة.,positive
ما شاء الله على مطعم المأكولات البحرية. الأسعار معقولة جدا مقارنة بالكمية والجودة. الترتيب الداخلي مرتب وله لمسة مميزة. تعامل النادل كانت راقية جدا والموظفين مبتسمين ومتعاونين. البرجر فوق الوصف، نكهات متوازنة وحلوة. مكان يستاهل تجربته أكثر من مرة.,positive
زرنا مطعم الفطور أمس ووالله ما توقعنا يكون بهالحلاوة. الأصناف اللي طلبناها سخن وطازج والتقديم مرتب. قيمة الفلوس مقابل الأكل مناسبة، ما حسيت إني دفعت زيادة. تعامل النادل كانت مثالية من أول ما دخلنا. أكيد راح أرجع مرة ثانية وأكثر.,positive
أنصح الكل يجرب المطعم. الترتيب الداخلي مرتب وله لمسة مميزة. الأرز كان ذا مستوى راقي جدا. استقبال الموظفين كانت راقية جدا والموظفين مبتسمين ومتعاونين. فخور إني اكتشفت هالمكان.,positive
زرنا مطعم الفطور أمس ووالله ما توقعنا يكون بهالحلاوة. المقبلات كان لذيذ من أول لقمة. النظافة مرتب وله لمسة مميزة. الخدمة بشكل عام كانت راقية جدا والموظفين مبتسمين ومتعاونين. تجربة ما تنسى، يستاهل كل التقييمات الإيجابية.,positive
زرنا مطعم البيتزا أمس ووالله ما توقعنا يكون بهالحلاوة. الأرز كان لذيذ من أول لقمة. المكان جميل جدا ومريح. السعر ممتازة ومناسبة جدا للجودة المقدمة. الخدمة كانت راقية جدا والموظفين مبتسمين ومتعاونين. بشكل عام تجربة تستاهل خمس نجوم كاملة.,positive
زرنا مطعم البرجر أمس ووالله ما توقعنا يكون بهالحلاوة. استقبال الموظفين كانت مثالية من أول ما دخلنا. الوجبة الرئيسية سخن وطازج والتقديم مرتب. من أفضل المطاعم اللي جربتها هالفترة.,positive
من أفضل تجاربي مع الكافيه. قيمة الفلوس مقابل الأكل تستاهل كل ريال. الترتيب الداخلي هادئ ومناسب للعائلة. الأصناف اللي طلبناها فوق الوصف، نكهات متوازنة وحلوة. فخور إني اكتشفت هالمكان.,positive
ما شاء الله على مطعم الأكل الإيطالي. الجو العام أنيق ونظيف بشكل يلفت النظر. تعامل النادل فوق الممتاز، اهتمام بالتفاصيل. ما أكلت الوجبة بهالجودة من زمان. السعر ممتازة ومناسبة جدا للجودة المقدمة. فخور إني اكتشفت هالمكان.,positive
من أفضل تجاربي مع المطعم اللي جربناه. ما أكلت العصائر بهالجودة من زمان. الأسعار مقارنة بالكمية تستاهل كل ريال. الخدمة بشكل عام تشكر عليها، تعامل راقي وسريع. النظافة أنيق ونظيف بشكل يلفت النظر. أكيد راح أرجع مرة ثانية وأكثر.,positive
أنصح الكل يجرب المطعم الشعبي. الأجواء أنيق ونظيف بشكل يلفت النظر. الوجبة كان ذا مستوى راقي جدا. تعامل النادل تشكر عليها، تعامل راقي وسريع. أنصح فيه بقوة لأي شخص يدور على مكان مميز.,positive
تجربتنا في مطعم المأكولات البحرية كانت رهيبة. سرعة التقديم فوق الممتاز، اهتمام بالتفاصيل. الأسعار مقارنة بالكمية ممتازة ومناسبة جدا للجودة المقدمة. المشاوي فوق الوصف، نكهات متوازنة وحلوة. من أفضل المطاعم اللي جربتها هالفترة.,positive
أنصح الكل يجرب الفرع. العصائر سخن وطازج والتقديم مرتب. تعامل النادل كانت مثالية من أول ما دخلنا. من أفضل المطاعم اللي جربتها هالفترة.,positive
من أفضل تجاربي مع مطعم المأكولات البحرية. الأكل كان لذيذ من أول لقمة. الأسعار مناسبة، ما حسيت إني دفعت زيادة. الديكور أنيق ونظيف بشكل يلفت النظر. من أفضل المطاعم اللي جربتها هالفترة.,positive
أنصح الكل يجرب مطعم المأكولات البحرية. استقبال الموظفين تشكر عليها، تعامل راقي وسريع. المشاوي كان مبهر والكمية كانت مناسبة. السعر تستاهل كل ريال. من أفضل المطاعم اللي جربتها هالفترة.,positive
أنصح الكل يجرب المطعم اللي جربناه. الأسعار مقارنة بالكمية مناسبة، ما حسيت إني دفعت زيادة. ما أكلت الحلا بهالجودة من زمان. سرعة التقديم كانت مثالية من أول ما دخلنا. مكان يستاهل تجربته أكثر من مرة.,positive
من أفضل تجاربي مع مطعم البيتزا. سرعة التقديم سريعة واحترافية بشكل يجنن. الجو العام مرتب وله لمسة مميزة. البيتزا كان لذيذ جدا وطازج. مكان يستاهل تجربته أكثر من مرة.,positive
أنصح الكل يجرب المطعم الشعبي. البيتزا سخن وطازج والتقديم مرتب. النظافة أنيق ونظيف بشكل يلفت النظر. الأسعار مناسبة، ما حسيت إني دفعت زيادة. بشكل عام تجربة تستاهل خمس نجوم كاملة.,positive
زرت مطعم الوجبات السريعة مع العائلة وكانت تجربة تجنن. قيمة الفلوس مقابل الأكل مناسبة، ما حسيت إني دفعت زيادة. الخدمة بشكل عام كانت راقية جدا والموظفين مبتسمين ومتعاونين. الأرز طعمه خرافي ما توقعته بهالجودة. أنصح فيه بقوة لأي شخص يدور على مكان مميز.,positive
زرت المطعم الجديد مع العائلة وكانت تجربة تجنن. الترتيب الداخلي مرتب وله لمسة مميزة. قيمة الفلوس مقابل الأكل معقولة جدا مقارنة بالكمية والجودة. ما أكلت الأكل بهالجودة من زمان. الخدمة بشكل عام فوق الممتاز، اهتمام بالتفاصيل. بشكل عام تجربة تستاهل خمس نجوم كاملة.,positive
ما شاء الله على الفرع. الخدمة بشكل عام تشكر عليها، تعامل راقي وسريع. البيتزا كان ذا مستوى راقي جدا. تجربة ما تنسى، يستاهل كل التقييمات الإيجابية.,positive
من أفضل تجاربي مع المطعم اللي جربناه. الخدمة فوق الممتاز، اهتمام بالتفاصيل. قيمة الفلوس مقابل الأكل معقولة جدا مقارنة بالكمية والجودة. المقبلات كان مبهر والكمية كانت مناسبة. تقييمي خمسة من خمسة بدون تردد.,positive
تجربتنا في المطعم اللي جربناه كانت رهيبة. الطعام كان مبهر والكمية كانت مناسبة. الخدمة بشكل عام كانت مثالية من أول ما دخلنا. أنصح فيه بقوة لأي شخص يدور على مكان مميز.,positive
والله مطعم البرجر فوق الممتاز. الأسعار تستاهل كل ريال. النظافة أنيق ونظيف بشكل يلفت النظر. البرجر طعمه خرافي ما توقعته بهالجودة. بشكل عام تجربة تستاهل خمس نجوم كاملة.,positive
تجربتنا في المطعم الجديد كانت رهيبة. قيمة الفلوس مقابل الأكل مناسبة، ما حسيت إني دفعت زيادة. الوجبة الرئيسية كان لذيذ من أول لقمة. الديكور هادئ ومناسب للعائلة. تعامل النادل كانت راقية جدا والموظفين مبتسمين ومتعاونين. أنصح فيه بقوة لأي شخص يدور على مكان مميز.,positive
والله مطعم البيتزا فوق الممتاز. الخدمة بشكل عام كانت راقية جدا والموظفين مبتسمين ومتعاونين. البيتزا سخن وطازج والتقديم مرتب. الأسعار مقارنة بالكمية تستاهل كل ريال. الأجواء مرتب وله لمسة مميزة. تقييمي خمسة من خمسة بدون تردد.,positive
جربنا المكان أول مرة وصراحة انبهرنا. الخدمة تشكر عليها، تعامل راقي وسريع. الوجبة الرئيسية كان لذيذ جدا وطازج. الترتيب الداخلي أنيق ونظيف بشكل يلفت النظر. الأسعار مقارنة بالكمية تستاهل كل ريال. بشكل عام تجربة تستاهل خمس نجوم كاملة.,positive
زرنا المطعم الشعبي أمس ووالله ما توقعنا يكون بهالحلاوة. قيمة الفلوس مقابل الأكل تستاهل كل ريال. البيتزا طعمه خرافي ما توقعته بهالجودة. تعامل النادل كانت مثالية من أول ما دخلنا. أنصح فيه بقوة لأي شخص يدور على مكان مميز.,positive
زرنا الكافيه أمس ووالله ما توقعنا يكون بهالحلاوة. الأسعار مناسبة، ما حسيت إني دفعت زيادة. الحلا طعمه خرافي ما توقعته بهالجودة. تعامل النادل فوق الممتاز، اهتمام بالتفاصيل. تجربة ما تنسى، يستاهل كل التقييمات الإيجابية.,positive
ما شاء الله على مطعم المشويات. البيتزا سخن وطازج والتقديم مرتب. سرعة التقديم فوق الممتاز، اهتمام بالتفاصيل. بشكل عام تجربة تستاهل خمس نجوم كاملة.,positive
مطعم المشويات فاق كل التوقعات. قيمة الفلوس مقابل الأكل معقولة جدا مقارنة بالكمية والجودة. تعامل النادل سريعة واحترافية بشكل يجنن. ما أكلت الوجبة الرئيسية بهالجودة من زمان. مكان يستاهل تجربته أكثر من مرة.,positive
زرنا المطعم الجديد أمس ووالله ما توقعنا يكون بهالحلاوة. سرعة التقديم كانت راقية جدا والموظفين مبتسمين ومتعاونين. قيمة الفلوس مقابل الأكل مناسبة، ما حسيت إني دفعت زيادة. الأرز كان ذا مستوى راقي جدا. أنصح فيه بقوة لأي شخص يدور على مكان مميز.,positive
والله مطعم البيتزا فوق الممتاز. الأسعار مقارنة بالكمية تستاهل كل ريال. استقبال الموظفين كانت راقية جدا والموظفين مبتسمين ومتعاونين. المكان مرتب وله لمسة مميزة. العصائر كان مبهر والكمية كانت مناسبة. تقييمي خمسة من خمسة بدون تردد.,positive
أنصح الكل يجرب مطعم الأكل الإيطالي. الأجواء أنيق ونظيف بشكل يلفت النظر. البيتزا سخن وطازج والتقديم مرتب. تعامل النادل كانت راقية جدا والموظفين مبتسمين ومتعاونين. بشكل عام تجربة تستاهل خمس نجوم كاملة.,positive
ما شاء الله على مطعم الأكل الإيطالي. الأكل طعمه خرافي ما توقعته بهالجودة. تجربة ما تنسى، يستاهل كل التقييمات الإيجابية.,positive
المطعم الجديد فاق كل التوقعات. استقبال الموظفين تشكر عليها، تعامل راقي وسريع. ما أكلت الأرز بهالجودة من زمان. أنصح فيه بقوة لأي شخص يدور على مكان مميز.,positive
كنت مع أصحابي في المطعم اللي جربناه وقضينا وقت ولا أحلى. المقبلات كان ذا مستوى راقي جدا. استقبال الموظفين سريعة واحترافية بشكل يجنن. تقييمي خمسة من خمسة بدون تردد.,positive
أنصح الكل يجرب مطعم الفطور. البيتزا كان لذيذ من أول لقمة. سرعة التقديم فوق الممتاز، اهتمام بالتفاصيل. أكيد راح أرجع مرة ثانية وأكثر.,positive
كنت مع أصحابي في المطعم اللي جربناه وقضينا وقت ولا أحلى. الأسعار مقارنة بالكمية تستاهل كل ريال. الخدمة كانت راقية جدا والموظفين مبتسمين ومتعاونين. الوجبة الرئيسية طعمه خرافي ما توقعته بهالجودة. مكان يستاهل تجربته أكثر من مرة.,positive
كنت مع أصحابي في المطعم الشعبي وقضينا وقت ولا أحلى. قيمة الفلوس مقابل الأكل مناسبة، ما حسيت إني دفعت زيادة. الأكل كان مبهر والكمية كانت مناسبة. سرعة التقديم سريعة واحترافية بشكل يجنن. أكيد راح أرجع مرة ثانية وأكثر.,positive
كنت مع أصحابي في المطعم اللي جربناه وقضينا وقت ولا أحلى. الديكور مرتب وله لمسة مميزة. سرعة التقديم كانت مثالية من أول ما دخلنا. السلطة كان لذيذ من أول لقمة. الأسعار مقارنة بالكمية مناسبة، ما حسيت إني دفعت زيادة. بشكل عام تجربة تستاهل خمس نجوم كاملة.,positive
أنصح الكل يجرب مطعم الفطور. البيتزا فوق الوصف، نكهات متوازنة وحلوة. سرعة التقديم كانت مثالية من أول ما دخلنا. من أفضل المطاعم اللي جربتها هالفترة.,positive
من أفضل تجاربي مع مطعم الوجبات السريعة. الجو العام جميل جدا ومريح. تعامل النادل فوق الممتاز، اهتمام بالتفاصيل. ما أكلت الأصناف اللي طلبناها بهالجودة من زمان. أنصح فيه بقوة لأي شخص يدور على مكان مميز.,positive
من أفضل تجاربي مع المطعم الشعبي. قيمة الفلوس مقابل الأكل ممتازة ومناسبة جدا للجودة المقدمة. الأجواء هادئ ومناسب للعائلة. ما أكلت البرجر بهالجودة من زمان. تعامل النادل سريعة واحترافية بشكل يجنن. أكيد راح أرجع مرة ثانية وأكثر.,positive
من أفضل تجاربي مع الكافيه. الأصناف اللي طلبناها فوق الوصف، نكهات متوازنة وحلوة. الأسعار مقارنة بالكمية معقولة جدا مقارنة بالكمية والجودة. أكيد راح أرجع مرة ثانية وأكثر.,positive
المكان فاق كل التوقعات. الأسعار مقارنة بالكمية معقولة جدا مقارنة بالكمية والجودة. استقبال الموظفين تشكر عليها، تعامل راقي وسريع. الأصناف اللي طلبناها طعمه خرافي ما توقعته بهالجودة. أنصح فيه بقوة لأي شخص يدور على مكان مميز.,positive
ما شاء الله على مطعم المأكولات البحرية. استقبال الموظفين كانت مثالية من أول ما دخلنا. السعر ممتازة ومناسبة جدا للجودة المقدمة. المقبلات فوق الوصف، نكهات متوازنة وحلوة. تجربة ما تنسى، يستاهل كل التقييمات الإيجابية.,positive
تجربتنا في مطعم البيتزا كانت رهيبة. الأسعار تستاهل كل ريال. ما أكلت السلطة بهالجودة من زمان. سرعة التقديم كانت مثالية من أول ما دخلنا. أكيد راح أرجع مرة ثانية وأكثر.,positive
والله المطعم اللي جربناه فوق الممتاز. سرعة التقديم كانت مثالية من أول ما دخلنا. السلطة سخن وطازج والتقديم مرتب. النظافة أنيق ونظيف بشكل يلفت النظر. من أفضل المطاعم اللي جربتها هالفترة.,positive
ما شاء الله على المطعم الشعبي. الأجواء مرتب وله لمسة مميزة. المقبلات فوق الوصف، نكهات متوازنة وحلوة. سرعة التقديم سريعة واحترافية بشكل يجنن. الأسعار معقولة جدا مقارنة بالكمية والجودة. بشكل عام تجربة تستاهل خمس نجوم كاملة.,positive
من أفضل تجاربي مع المطعم الجديد. الديكور جميل جدا ومريح. السعر معقولة جدا مقارنة بالكمية والجودة. الطعام سخن وطازج والتقديم مرتب. الخدمة كانت مثالية من أول ما دخلنا. فخور إني اكتشفت هالمكان.,positive
ما شاء الله على المكان. السلطة كان لذيذ جدا وطازج. الديكور مرتب وله لمسة مميزة. تعامل النادل تشكر عليها، تعامل راقي وسريع. فخور إني اكتشفت هالمكان.,positive
من أفضل تجاربي مع الفرع. الأجواء جميل جدا ومريح. الحلا فوق الوصف، نكهات متوازنة وحلوة. السعر معقولة جدا مقارنة بالكمية والجودة. الخدمة تشكر عليها، تعامل راقي وسريع. أكيد راح أرجع مرة ثانية وأكثر.,positive
كنت مع أصحابي في المطعم وقضينا وقت ولا أحلى. الجو العام جميل جدا ومريح. الأصناف اللي طلبناها طعمه خرافي ما توقعته بهالجودة. مكان يستاهل تجربته أكثر من مرة.,positive
كنت مع أصحابي في المكان وقضينا وقت ولا أحلى. سرعة التقديم كانت راقية جدا والموظفين مبتسمين ومتعاونين. المقبلات كان لذيذ جدا وطازج. بشكل عام تجربة تستاهل خمس نجوم كاملة.,positive
زرت مطعم الوجبات السريعة مع العائلة وكانت تجربة تجنن. الخدمة بشكل عام سريعة واحترافية بشكل يجنن. المقبلات كان ذا مستوى راقي جدا. السعر مناسبة، ما حسيت إني دفعت زيادة. من أفضل المطاعم اللي جربتها هالفترة.,positive
والله المطعم الجديد فوق الممتاز. الخدمة بشكل عام كانت راقية جدا والموظفين مبتسمين ومتعاونين. الوجبة كان لذيذ جدا وطازج. أنصح فيه بقوة لأي شخص يدور على مكان مميز.,positive
من أفضل تجاربي مع مطعم الوجبات السريعة. الوجبة الرئيسية فوق الوصف، نكهات متوازنة وحلوة. استقبال الموظفين كانت راقية جدا والموظفين مبتسمين ومتعاونين. تقييمي خمسة من خمسة بدون تردد.,positive
المكان فاق كل التوقعات. الأجواء أنيق ونظيف بشكل يلفت النظر. الأرز كان لذيذ جدا وطازج. الخدمة بشكل عام كانت مثالية من أول ما دخلنا. فخور إني اكتشفت هالمكان.,positive
زرت المطعم الجديد مع العائلة وكانت تجربة تجنن. الطعام طعمه خرافي ما توقعته بهالجودة. الأجواء أنيق ونظيف بشكل يلفت النظر. سرعة التقديم كانت مثالية من أول ما دخلنا. أكيد راح أرجع مرة ثانية وأكثر.,positive
مطعم الوجبات السريعة فاق كل التوقعات. ما أكلت الحلا بهالجودة من زمان. فخور إني اكتشفت هالمكان.,positive
المكان فاق كل التوقعات. ما أكلت الوجبة الرئيسية بهالجودة من زمان. الأجواء هادئ ومناسب للعائلة. قيمة الفلوس مقابل الأكل ممتازة ومناسبة جدا للجودة المقدمة. تجربة ما تنسى، يستاهل كل التقييمات الإيجابية.,positive
كنت مع أصحابي في مطعم الأكل الإيطالي وقضينا وقت ولا أحلى. تعامل النادل تشكر عليها، تعامل راقي وسريع. الأصناف اللي طلبناها كان مبهر والكمية كانت مناسبة. الأسعار ممتازة ومناسبة جدا للجودة المقدمة. من أفضل المطاعم اللي جربتها هالفترة.,positive
زرنا مطعم الأكل الإيطالي أمس ووالله ما توقعنا يكون بهالحلاوة. سرعة التقديم كانت مثالية من أول ما دخلنا. الأسعار معقولة جدا مقارنة بالكمية والجودة. الأصناف اللي طلبناها سخن وطازج والتقديم مرتب. مكان يستاهل تجربته أكثر من مرة.,positive
أنصح الكل يجرب المطعم الشعبي. الديكور أنيق ونظيف بشكل يلفت النظر. المشاوي كان لذيذ من أول لقمة. تعامل النادل فوق الممتاز، اهتمام بالتفاصيل. تقييمي خمسة من خمسة بدون تردد.,positive
تجربتنا في المطعم اللي جربناه كانت رهيبة. الجو العام هادئ ومناسب للعائلة. الطعام كان مبهر والكمية كانت مناسبة. الأسعار معقولة جدا مقارنة بالكمية والجودة. من أفضل المطاعم اللي جربتها هالفترة.,positive
الكافيه فاق كل التوقعات. تعامل النادل فوق الممتاز، اهتمام بالتفاصيل. الأصناف اللي طلبناها كان لذيذ من أول لقمة. تجربة ما تنسى، يستاهل كل التقييمات الإيجابية.,positive
من أفضل تجاربي مع المطعم. الخدمة سريعة واحترافية بشكل يجنن. المشاوي كان لذيذ من أول لقمة. الأجواء أنيق ونظيف بشكل يلفت النظر. قيمة الفلوس مقابل الأكل ممتازة ومناسبة جدا للجودة المقدمة. أنصح فيه بقوة لأي شخص يدور على مكان مميز.,positive
كنت مع أصحابي في الفرع وقضينا وقت ولا أحلى. الترتيب الداخلي جميل جدا ومريح. الخدمة بشكل عام تشكر عليها، تعامل راقي وسريع. الأصناف اللي طلبناها كان مبهر والكمية كانت مناسبة. فخور إني اكتشفت هالمكان.,positive
ما شاء الله على الفرع. السلطة كان ذا مستوى راقي جدا. تعامل النادل كانت مثالية من أول ما دخلنا. تقييمي خمسة من خمسة بدون تردد.,positive
ما شاء الله على مطعم الوجبات السريعة. الخدمة كانت راقية جدا والموظفين مبتسمين ومتعاونين. البرجر سخن وطازج والتقديم مرتب. من أفضل المطاعم اللي جربتها هالفترة.,positive
والله مطعم البرجر فوق الممتاز. الأسعار ممتازة ومناسبة جدا للجودة المقدمة. الوجبة فوق الوصف، نكهات متوازنة وحلوة. النظافة مرتب وله لمسة مميزة. تقييمي خمسة من خمسة بدون تردد.,positive
ما شاء الله على الكافيه. العصائر طعمه خرافي ما توقعته بهالجودة. الخدمة كانت راقية جدا والموظفين مبتسمين ومتعاونين. المكان مرتب وله لمسة مميزة. الأسعار مقارنة بالكمية معقولة جدا مقارنة بالكمية والجودة. فخور إني اكتشفت هالمكان.,positive
زرت المكان مع العائلة وكانت تجربة تجنن. استقبال الموظفين سريعة واحترافية بشكل يجنن. ما أكلت السلطة بهالجودة من زمان. مكان يستاهل تجربته أكثر من مرة.,positive
تجربتنا في المطعم الجديد كانت رهيبة. السلطة كان مبهر والكمية كانت مناسبة. الخدمة كانت مثالية من أول ما دخلنا. فخور إني اكتشفت هالمكان.,positive
زرنا المطعم الجديد أمس ووالله ما توقعنا يكون بهالحلاوة. الخدمة بشكل عام تشكر عليها، تعامل راقي وسريع. السلطة كان مبهر والكمية كانت مناسبة. أنصح فيه بقوة لأي شخص يدور على مكان مميز.,positive
والله المطعم اللي جربناه فوق الممتاز. النظافة هادئ ومناسب للعائلة. الأسعار مقارنة بالكمية معقولة جدا مقارنة بالكمية والجودة. الخدمة بشكل عام فوق الممتاز، اهتمام بالتفاصيل. الأصناف اللي طلبناها كان مبهر والكمية كانت مناسبة. تقييمي خمسة من خمسة بدون تردد.,positive
من أفضل تجاربي مع مطعم المشويات. الطعام فوق الوصف، نكهات متوازنة وحلوة. الترتيب الداخلي أنيق ونظيف بشكل يلفت النظر. بشكل عام تجربة تستاهل خمس نجوم كاملة.,positive
تجربتنا في مطعم المشويات كانت رهيبة. السعر مناسبة، ما حسيت إني دفعت زيادة. المقبلات كان مبهر والكمية كانت مناسبة. أنصح فيه بقوة لأي شخص يدور على مكان مميز.,positive
تجربتنا في مطعم الفطور كانت رهيبة. الديكور هادئ ومناسب للعائلة. الوجبة الرئيسية كان مبهر والكمية كانت مناسبة. السعر مناسبة، ما حسيت إني دفعت زيادة. الخدمة كانت مثالية من أول ما دخلنا. مكان يستاهل تجربته أكثر من مرة.,positive
والله الفرع فوق الممتاز. الأسعار تستاهل كل ريال. البيتزا طعمه خرافي ما توقعته بهالجودة. تجربة ما تنسى، يستاهل كل التقييمات الإيجابية.,positive
زرنا الفرع أمس ووالله ما توقعنا يكون بهالحلاوة. ما أكلت الأكل بهالجودة من زمان. الديكور أنيق ونظيف بشكل يلفت النظر. قيمة الفلوس مقابل الأكل مناسبة، ما حسيت إني دفعت زيادة. فخور إني اكتشفت هالمكان.,positive
جربنا المطعم الجديد أول مرة وصراحة انبهرنا. السعر معقولة جدا مقارنة بالكمية والجودة. الأكل كان مبهر والكمية كانت مناسبة. أنصح فيه بقوة لأي شخص يدور على مكان مميز.,positive
تجربتنا في المكان كانت رهيبة. المكان أنيق ونظيف بشكل يلفت النظر. الأصناف اللي طلبناها كان مبهر والكمية كانت مناسبة. الخدمة فوق الممتاز، اهتمام بالتفاصيل. أنصح فيه بقوة لأي شخص يدور على مكان مميز.,positive
من أفضل تجاربي مع مطعم البيتزا. قيمة الفلوس مقابل الأكل تستاهل كل ريال. سرعة التقديم فوق الممتاز، اهتمام بالتفاصيل. الأجواء مرتب وله لمسة مميزة. العصائر كان مبهر والكمية كانت مناسبة. بشكل عام تجربة تستاهل خمس نجوم كاملة.,positive
زرنا مطعم المشويات أمس ووالله ما توقعنا يكون بهالحلاوة. الأسعار مقارنة بالكمية معقولة جدا مقارنة بالكمية والجودة. تعامل النادل سريعة واحترافية بشكل يجنن. الوجبة الرئيسية سخن وطازج والتقديم مرتب. تجربة ما تنسى، يستاهل كل التقييمات الإيجابية.,positive
من أفضل تجاربي مع مطعم الأكل الإيطالي. ما أكلت السلطة بهالجودة من زمان. استقبال الموظفين كانت مثالية من أول ما دخلنا. المكان مرتب وله لمسة مميزة. بشكل عام تجربة تستاهل خمس نجوم كاملة.,positive
والله المطعم الشعبي فوق الممتاز. الأسعار مقارنة بالكمية معقولة جدا مقارنة بالكمية والجودة. الأصناف اللي طلبناها فوق الوصف، نكهات متوازنة وحلوة. النظافة أنيق ونظيف بشكل يلفت النظر. تقييمي خمسة من خمسة بدون تردد.,positive
تجربتنا في مطعم البيتزا كانت رهيبة. استقبال الموظفين سريعة واحترافية بشكل يجنن. ما أكلت المشاوي بهالجودة من زمان. أنصح فيه بقوة لأي شخص يدور على مكان مميز.,positive
زرت الكافيه مع العائلة وكانت تجربة تجنن. البرجر كان ذا مستوى راقي جدا. تعامل النادل كانت مثالية من أول ما دخلنا. تجربة ما تنسى، يستاهل كل التقييمات الإيجابية.,positive
ما شاء الله على المطعم. السعر معقولة جدا مقارنة بالكمية والجودة. ما أكلت المشاوي بهالجودة من زمان. استقبال الموظفين سريعة واحترافية بشكل يجنن. تجربة ما تنسى، يستاهل كل التقييمات الإيجابية.,positive
زرت الفرع مع العائلة وكانت تجربة تجنن. الخدمة كانت مثالية من أول ما دخلنا. البرجر كان مبهر والكمية كانت مناسبة. السعر معقولة جدا مقارنة بالكمية والجودة. فخور إني اكتشفت هالمكان.,positive
تجربتنا في مطعم الأكل الإيطالي كانت رهيبة. الديكور جميل جدا ومريح. الطعام سخن وطازج والتقديم مرتب. أكيد راح أرجع مرة ثانية وأكثر.,positive
زرنا المكان أمس ووالله ما توقعنا يكون بهالحلاوة. الأسعار مناسبة، ما حسيت إني دفعت زيادة. الأصناف اللي طلبناها كان ذا مستوى راقي جدا. بشكل عام تجربة تستاهل خمس نجوم كاملة.,positive
كنت مع أصحابي في مطعم المأكولات البحرية وقضينا وقت ولا أحلى. السعر ممتازة ومناسبة جدا للجودة المقدمة. الحلا كان مبهر والكمية كانت مناسبة. سرعة التقديم كانت راقية جدا والموظفين مبتسمين ومتعاونين. مكان يستاهل تجربته أكثر من مرة.,positive
زرت مطعم البرجر مع العائلة وكانت تجربة تجنن. الديكور أنيق ونظيف بشكل يلفت النظر. الوجبة الرئيسية كان لذيذ جدا وطازج. أكيد راح أرجع مرة ثانية وأكثر.,positive
من أفضل تجاربي مع المطعم اللي جربناه. الخدمة كانت راقية جدا والموظفين مبتسمين ومتعاونين. المقبلات طعمه خرافي ما توقعته بهالجودة. الأسعار ممتازة ومناسبة جدا للجودة المقدمة. بشكل عام تجربة تستاهل خمس نجوم كاملة.,positive
ما شاء الله على المطعم. المكان مرتب وله لمسة مميزة. الأرز كان لذيذ جدا وطازج. الأسعار ممتازة ومناسبة جدا للجودة المقدمة. تعامل النادل سريعة واحترافية بشكل يجنن. أنصح فيه بقوة لأي شخص يدور على مكان مميز.,positive
زرنا مطعم الفطور أمس ووالله ما توقعنا يكون بهالحلاوة. الأصناف اللي طلبناها كان لذيذ جدا وطازج. الأسعار مقارنة بالكمية ممتازة ومناسبة جدا للجودة المقدمة. مكان يستاهل تجربته أكثر من مرة.,positive
جربنا مطعم المشويات أول مرة وصراحة انبهرنا. الأسعار مقارنة بالكمية تستاهل كل ريال. الطعام كان لذيذ جدا وطازج. سرعة التقديم تشكر عليها، تعامل راقي وسريع. الترتيب الداخلي هادئ ومناسب للعائلة. أنصح فيه بقوة لأي شخص يدور على مكان مميز.,positive
مطعم المأكولات البحرية فاق كل التوقعات. الأكل طعمه خرافي ما توقعته بهالجودة. تجربة ما تنسى، يستاهل كل التقييمات الإيجابية.,positive
جربنا المكان أول مرة وصراحة انبهرنا. الخدمة تشكر عليها، تعامل راقي وسريع. قيمة الفلوس مقابل الأكل معقولة جدا مقارنة بالكمية والجودة. المقبلات كان لذيذ من أول لقمة. أكيد راح أرجع مرة ثانية وأكثر.,positive
أنصح الكل يجرب مطعم المشويات. الأكل فوق الوصف، نكهات متوازنة وحلوة. السعر مناسبة، ما حسيت إني دفعت زيادة. تقييمي خمسة من خمسة بدون تردد.,positive
جربنا مطعم المأكولات البحرية أول مرة وصراحة انبهرنا. المكان مرتب وله لمسة مميزة. السعر تستاهل كل ريال. تعامل النادل كانت مثالية من أول ما دخلنا. الأكل فوق الوصف، نكهات متوازنة وحلوة. أكيد راح أرجع مرة ثانية وأكثر.,positive
أنصح الكل يجرب مطعم البيتزا. المكان أنيق ونظيف بشكل يلفت النظر. تعامل النادل كانت مثالية من أول ما دخلنا. الحلا كان لذيذ من أول لقمة. تقييمي خمسة من خمسة بدون تردد.,positive
ما شاء الله على مطعم الأكل الإيطالي. البيتزا كان مبهر والكمية كانت مناسبة. المكان أنيق ونظيف بشكل يلفت النظر. قيمة الفلوس مقابل الأكل معقولة جدا مقارنة بالكمية والجودة. مكان يستاهل تجربته أكثر من مرة.,positive
زرنا مطعم المأكولات البحرية أمس ووالله ما توقعنا يكون بهالحلاوة. قيمة الفلوس مقابل الأكل مناسبة، ما حسيت إني دفعت زيادة. البرجر سخن وطازج والتقديم مرتب. الترتيب الداخلي أنيق ونظيف بشكل يلفت النظر. تعامل النادل فوق الممتاز، اهتمام بالتفاصيل. بشكل عام تجربة تستاهل خمس نجوم كاملة.,positive
ما شاء الله على مطعم البيتزا. الأرز فوق الوصف، نكهات متوازنة وحلوة. استقبال الموظفين سريعة واحترافية بشكل يجنن. تقييمي خمسة من خمسة بدون تردد.,positive
والله مطعم المأكولات البحرية فوق الممتاز. الأكل كان ذا مستوى راقي جدا. الخدمة فوق الممتاز، اهتمام بالتفاصيل. النظافة أنيق ونظيف بشكل يلفت النظر. أكيد راح أرجع مرة ثانية وأكثر.,positive
زرنا مطعم الفطور أمس ووالله ما توقعنا يكون بهالحلاوة. الجو العام أنيق ونظيف بشكل يلفت النظر. الأسعار معقولة جدا مقارنة بالكمية والجودة. تعامل النادل كانت مثالية من أول ما دخلنا. المقبلات كان ذا مستوى راقي جدا. من أفضل المطاعم اللي جربتها هالفترة.,positive
كنت مع أصحابي في مطعم الأكل الإيطالي وقضينا وقت ولا أحلى. ما أكلت السلطة بهالجودة من زمان. سرعة التقديم كانت راقية جدا والموظفين مبتسمين ومتعاونين. تجربة ما تنسى، يستاهل كل التقييمات الإيجابية.,positive
والله المطعم الشعبي فوق الممتاز. الخدمة تشكر عليها، تعامل راقي وسريع. الوجبة الرئيسية سخن وطازج والتقديم مرتب. فخور إني اكتشفت هالمكان.,positive
أنصح الكل يجرب مطعم البرجر. الأجواء أنيق ونظيف بشكل يلفت النظر. قيمة الفلوس مقابل الأكل ممتازة ومناسبة جدا للجودة المقدمة. الأصناف اللي طلبناها سخن وطازج والتقديم مرتب. استقبال الموظفين سريعة واحترافية بشكل يجنن. تقييمي خمسة من خمسة بدون تردد.,positive
ما شاء الله على مطعم الوجبات السريعة. المكان هادئ ومناسب للعائلة. قيمة الفلوس مقابل الأكل تستاهل كل ريال. الأرز كان لذيذ من أول لقمة. الخدمة بشكل عام كانت راقية جدا والموظفين مبتسمين ومتعاونين. أكيد راح أرجع مرة ثانية وأكثر.,positive
زرنا المكان أمس ووالله ما توقعنا يكون بهالحلاوة. قيمة الفلوس مقابل الأكل معقولة جدا مقارنة بالكمية والجودة. المشاوي كان ذا مستوى راقي جدا. الجو العام جميل جدا ومريح. تقييمي خمسة من خمسة بدون تردد.,positive
جربنا مطعم المشويات أول مرة وصراحة انبهرنا. الأصناف اللي طلبناها طعمه خرافي ما توقعته بهالجودة. مكان يستاهل تجربته أكثر من مرة.,positive
زرنا مطعم الوجبات السريعة أمس ووالله ما توقعنا يكون بهالحلاوة. الوجبة الرئيسية كان ذا مستوى راقي جدا. بشكل عام تجربة تستاهل خمس نجوم كاملة.,positive
زرت المطعم الشعبي مع العائلة وكانت تجربة تجنن. الخدمة بشكل عام كانت راقية جدا والموظفين مبتسمين ومتعاونين. الديكور مرتب وله لمسة مميزة. العصائر كان ذا مستوى راقي جدا. مكان يستاهل تجربته أكثر من مرة.,positive
كنت مع أصحابي في المطعم الجديد والتجربة كانت زفت. الأسعار مقارنة بالكمية مبالغ فيها بشكل غير منطقي. سرعة التقديم ما كان فيها أي اهتمام بالزبون. الوجبة الرئيسية وصل متأخر وكان بارد. مو التجربة اللي توقعتها أبدا.,negative
ما أنصح أحد يروح المطعم الشعبي. الوجبة ما كان فيه أي نكهة تذكر. سرعة التقديم كانت غير محترفة أبدا. المكان صغير وغير مريح للجلوس. مو التجربة اللي توقعتها أبدا.,negative
المطعم اللي جربناه ما يستاهل كل هالمديح اللي أسمعه. السلطة وصل متأخر وكان بارد. الخدمة بشكل عام كانت سيئة جدا وبطيئة. أضعت وقتي وفلوسي على هالمطعم.,negative
جربنا المكان أول مرة وللأسف ما عجبنا. الأسعار مبالغ فيها بشكل غير منطقي. العصائر وصل متأخر وكان بارد. تقييمي واحد من خمسة، للأسف.,negative
ما أنصح أحد يروح الفرع. سرعة التقديم أخذت وقت طويل جدا بدون داعي. البيتزا كان بارد وطعمه مو زين. الأجواء غير نظيف وفيه روائح مب مريحة. أضعت وقتي وفلوسي على هالمطعم.,negative
تجربتنا في مطعم البيتزا كانت محبطة. قيمة الفلوس مقابل الأكل مبالغ فيها بشكل غير منطقي. النظافة صغير وغير مريح للجلوس. البرجر كان دون المستوى المتوقع بكثير. مو التجربة اللي توقعتها أبدا.,negative
من أسوأ تجاربي مع المطعم. السعر ما تستاهل أبدا الكمية والجودة المقدمة. الديكور مزدحم وصوته عالي جدا. العصائر كان بارد وطعمه مو زين. تجربة محبطة من كل النواحي.,negative
بصراحة مطعم الأكل الإيطالي خيب أملي. الجو العام قديم ومهمل. استقبال الموظفين كانت مستفزة، الموظفين متضايقين وغير متعاونين. الحلا ما كان فيه أي نكهة تذكر. تقييمي واحد من خمسة، للأسف.,negative
من أسوأ تجاربي مع مطعم الوجبات السريعة. الأجواء قديم ومهمل. الأسعار مبالغ فيها بشكل غير منطقي. البيتزا كان طعمه غريب ومو طازج. للأسف المكان لا يستاهل حتى زيارة واحدة.,negative
بصراحة مطعم المأكولات البحرية خيب أملي. الترتيب الداخلي صغير وغير مريح للجلوس. الأسعار غالية جدا مقابل الجودة الرديئة. السلطة كان بارد وطعمه مو زين. الخدمة بشكل عام كانت مستفزة، الموظفين متضايقين وغير متعاونين. بصراحة ما راح أرجع مرة ثانية.,negative
بصراحة مطعم المشويات خيب أملي. الخدمة بشكل عام كانت غير محترفة أبدا. المشاوي كان طعمه غريب ومو طازج. أضعت وقتي وفلوسي على هالمطعم.,negative
تجربتنا في مطعم المشويات كانت محبطة. البرجر كانت الكمية قليلة جدا مقابل السعر. مو التجربة اللي توقعتها أبدا.,negative
من أسوأ تجاربي مع المطعم اللي جربناه. الطعام وصل متأخر وكان بارد. استقبال الموظفين كانت غير محترفة أبدا. السعر مبالغ فيها بشكل غير منطقي. بصراحة ما راح أرجع مرة ثانية.,negative
من أسوأ تجاربي مع الفرع. السعر غالية جدا مقابل الجودة الرديئة. الأكل ما كان فيه أي نكهة تذكر. استقبال الموظفين ما كان فيها أي اهتمام بالزبون. تجربة محبطة من كل النواحي.,negative
للأسف مطعم الوجبات السريعة تحت المستوى. الوجبة الرئيسية كان طعمه غريب ومو طازج. الأجواء صغير وغير مريح للجلوس. تعامل النادل أخذت وقت طويل جدا بدون داعي. أضعت وقتي وفلوسي على هالمطعم.,negative
زرنا المطعم الجديد أمس وندمنا. السعر ما تستاهل أبدا الكمية والجودة المقدمة. تعامل النادل كانت سيئة جدا وبطيئة. الأجواء غير نظيف وفيه روائح مب مريحة. المقبلات كانت الكمية قليلة جدا مقابل السعر. أضعت وقتي وفلوسي على هالمطعم.,negative
زرنا المطعم اللي جربناه أمس وندمنا. الأكل كانت الكمية قليلة جدا مقابل السعر. سرعة التقديم أخذت وقت طويل جدا بدون داعي. مو التجربة اللي توقعتها أبدا.,negative
للأسف المطعم اللي جربناه تحت المستوى. المشاوي ما كان فيه أي نكهة تذكر. الخدمة بشكل عام كانت سيئة جدا وبطيئة. قيمة الفلوس مقابل الأكل مبالغ فيها بشكل غير منطقي. ما أنصح أي أحد يجرب هالمكان.,negative
من أسوأ تجاربي مع مطعم الفطور. قيمة الفلوس مقابل الأكل كانت صادمة مقارنة بمستوى الأكل. تعامل النادل أخذت وقت طويل جدا بدون داعي. البرجر كانت الكمية قليلة جدا مقابل السعر. النظافة غير نظيف وفيه روائح مب مريحة. أضعت وقتي وفلوسي على هالمطعم.,negative
مطعم الفطور ما يستاهل كل هالمديح اللي أسمعه. تعامل النادل كانت سيئة جدا وبطيئة. قيمة الفلوس مقابل الأكل ما تستاهل أبدا الكمية والجودة المقدمة. الوجبة كان بارد وطعمه مو زين. تجربة محبطة من كل النواحي.,negative
كنت مع أصحابي في مطعم البرجر والتجربة كانت زفت. تعامل النادل كانت غير محترفة أبدا. البيتزا ما كان فيه أي نكهة تذكر. خيبة أمل كبيرة بصراحة.,negative
زرنا الفرع أمس وندمنا. المشاوي كان مالح زيادة ومحروق شوي. المكان غير نظيف وفيه روائح مب مريحة. الأسعار مقارنة بالكمية مبالغ فيها بشكل غير منطقي. الخدمة ما كان فيها أي اهتمام بالزبون. تجربة محبطة من كل النواحي.,negative
زرت مطعم البرجر مع العائلة وكانت تجربة سيئة. المشاوي وصل متأخر وكان بارد. المكان صغير وغير مريح للجلوس. للأسف المكان لا يستاهل حتى زيارة واحدة.,negative
بصراحة مطعم البرجر خيب أملي. الجو العام صغير وغير مريح للجلوس. الخدمة كانت غير محترفة أبدا. الوجبة كان بارد وطعمه مو زين. للأسف المكان لا يستاهل حتى زيارة واحدة.,negative
تجربتنا في المطعم الشعبي كانت محبطة. الوجبة الرئيسية كانت الكمية قليلة جدا مقابل السعر. للأسف المكان لا يستاهل حتى زيارة واحدة.,negative
للأسف مطعم المأكولات البحرية تحت المستوى. المكان مزدحم وصوته عالي جدا. الوجبة الرئيسية كان جاهز مب طازج، حسيته مجمد. الخدمة بشكل عام كانت مستفزة، الموظفين متضايقين وغير متعاونين. بصراحة ما راح أرجع مرة ثانية.,negative
كنت مع أصحابي في المطعم الشعبي والتجربة كانت زفت. استقبال الموظفين كانت مستفزة، الموظفين متضايقين وغير متعاونين. العصائر كان بارد وطعمه مو زين. قيمة الفلوس مقابل الأكل ما تستاهل أبدا الكمية والجودة المقدمة. تقييمي واحد من خمسة، للأسف.,negative
من أسوأ تجاربي مع مطعم المأكولات البحرية. الخدمة كانت مستفزة، الموظفين متضايقين وغير متعاونين. السعر كانت صادمة مقارنة بمستوى الأكل. الأكل ما كان فيه أي نكهة تذكر. للأسف المكان لا يستاهل حتى زيارة واحدة.,negative
جربنا المطعم الشعبي أول مرة وللأسف ما عجبنا. الأجواء قديم ومهمل. البيتزا كان بارد وطعمه مو زين. قيمة الفلوس مقابل الأكل ما تستاهل أبدا الكمية والجودة المقدمة. تعامل النادل ما كان فيها أي اهتمام بالزبون. ما أنصح أي أحد يجرب هالمكان.,negative
زرنا مطعم البيتزا أمس وندمنا. سرعة التقديم أخذت وقت طويل جدا بدون داعي. الأسعار مقارنة بالكمية ما تستاهل أبدا الكمية والجودة المقدمة. البرجر وصل متأخر وكان بارد. الترتيب الداخلي قديم ومهمل. مو التجربة اللي توقعتها أبدا.,negative
مطعم البرجر ما يستاهل كل هالمديح اللي أسمعه. استقبال الموظفين كانت مستفزة، الموظفين متضايقين وغير متعاونين. الأسعار ما تستاهل أبدا الكمية والجودة المقدمة. المكان قديم ومهمل. السلطة كان مالح زيادة ومحروق شوي. تجربة محبطة من كل النواحي.,negative
تجربتنا في المطعم الجديد كانت محبطة. تعامل النادل أخذت وقت طويل جدا بدون داعي. المقبلات ما كان فيه أي نكهة تذكر. قيمة الفلوس مقابل الأكل مبالغ فيها بشكل غير منطقي. مو التجربة اللي توقعتها أبدا.,negative
للأسف مطعم البرجر تحت المستوى. المقبلات كان طعمه غريب ومو طازج. قيمة الفلوس مقابل الأكل ما تستاهل أبدا الكمية والجودة المقدمة. سرعة التقديم كانت غير محترفة أبدا. خيبة أمل كبيرة بصراحة.,negative
ما أنصح أحد يروح الكافيه. الجو العام مزدحم وصوته عالي جدا. الوجبة وصل متأخر وكان بارد. ما أنصح أي أحد يجرب هالمكان.,negative
كنت مع أصحابي في مطعم البرجر والتجربة كانت زفت. الأسعار مقارنة بالكمية كانت صادمة مقارنة بمستوى الأكل. الطعام ما كان فيه أي نكهة تذكر. الخدمة كانت سيئة جدا وبطيئة. للأسف المكان لا يستاهل حتى زيارة واحدة.,negative
جربنا المطعم اللي جربناه أول مرة وللأسف ما عجبنا. الوجبة الرئيسية كان دون المستوى المتوقع بكثير. الخدمة بشكل عام كانت سيئة جدا وبطيئة. الأسعار مقارنة بالكمية كانت صادمة مقارنة بمستوى الأكل. للأسف المكان لا يستاهل حتى زيارة واحدة.,negative
بصراحة المكان خيب أملي. المقبلات وصل متأخر وكان بارد. الأسعار مقارنة بالكمية مبالغ فيها بشكل غير منطقي. بصراحة ما راح أرجع مرة ثانية.,negative
تجربتنا في مطعم المشويات كانت محبطة. الأرز وصل متأخر وكان بارد. سرعة التقديم كانت مستفزة، الموظفين متضايقين وغير متعاونين. الأجواء غير نظيف وفيه روائح مب مريحة. مو التجربة اللي توقعتها أبدا.,negative
جربنا مطعم الفطور أول مرة وللأسف ما عجبنا. الخدمة كانت سيئة جدا وبطيئة. الأصناف اللي طلبناها كان جاهز مب طازج، حسيته مجمد. الأسعار مقارنة بالكمية كانت صادمة مقارنة بمستوى الأكل. للأسف المكان لا يستاهل حتى زيارة واحدة.,negative
زرت المطعم الجديد مع العائلة وكانت تجربة سيئة. الأسعار مبالغ فيها بشكل غير منطقي. الطعام كان مالح زيادة ومحروق شوي. الخدمة كانت غير محترفة أبدا. بصراحة ما راح أرجع مرة ثانية.,negative
تجربتنا في الكافيه كانت محبطة. البرجر كانت الكمية قليلة جدا مقابل السعر. سرعة التقديم كانت سيئة جدا وبطيئة. الجو العام صغير وغير مريح للجلوس. الأسعار مقارنة بالكمية ما تستاهل أبدا الكمية والجودة المقدمة. مو التجربة اللي توقعتها أبدا.,negative
بصراحة المكان خيب أملي. الخدمة أخذت وقت طويل جدا بدون داعي. الأجواء قديم ومهمل. البرجر كان بارد وطعمه مو زين. خيبة أمل كبيرة بصراحة.,negative
للأسف المطعم تحت المستوى. الأسعار مقارنة بالكمية كانت صادمة مقارنة بمستوى الأكل. الخدمة بشكل عام أخذت وقت طويل جدا بدون داعي. الأجواء قديم ومهمل. الحلا كان مالح زيادة ومحروق شوي. للأسف المكان لا يستاهل حتى زيارة واحدة.,negative
كنت مع أصحابي في مطعم الفطور والتجربة كانت زفت. الجو العام غير نظيف وفيه روائح مب مريحة. الأسعار ما تستاهل أبدا الكمية والجودة المقدمة. تعامل النادل أخذت وقت طويل جدا بدون داعي. المشاوي كان جاهز مب طازج، حسيته مجمد. للأسف المكان لا يستاهل حتى زيارة واحدة.,negative
مطعم الأكل الإيطالي ما يستاهل كل هالمديح اللي أسمعه. البرجر كان مالح زيادة ومحروق شوي. سرعة التقديم ما كان فيها أي اهتمام بالزبون. مو التجربة اللي توقعتها أبدا.,negative
للأسف المطعم تحت المستوى. سرعة التقديم ما كان فيها أي اهتمام بالزبون. الأسعار كانت صادمة مقارنة بمستوى الأكل. المكان صغير وغير مريح للجلوس. الأرز وصل متأخر وكان بارد. ما أنصح أي أحد يجرب هالمكان.,negative
ما أنصح أحد يروح مطعم المأكولات البحرية. الأسعار مقارنة بالكمية غالية جدا مقابل الجودة الرديئة. الخدمة كانت مستفزة، الموظفين متضايقين وغير متعاونين. الديكور قديم ومهمل. المشاوي كان جاهز مب طازج، حسيته مجمد. للأسف المكان لا يستاهل حتى زيارة واحدة.,negative
الكافيه ما يستاهل كل هالمديح اللي أسمعه. الترتيب الداخلي مزدحم وصوته عالي جدا. البرجر ما كان فيه أي نكهة تذكر. ما أنصح أي أحد يجرب هالمكان.,negative
بصراحة المطعم خيب أملي. الخدمة بشكل عام ما كان فيها أي اهتمام بالزبون. الوجبة كان مالح زيادة ومحروق شوي. الأسعار مقارنة بالكمية غالية جدا مقابل الجودة الرديئة. أضعت وقتي وفلوسي على هالمطعم.,negative
للأسف مطعم البرجر تحت المستوى. الأكل كان طعمه غريب ومو طازج. الديكور مزدحم وصوته عالي جدا. قيمة الفلوس مقابل الأكل غالية جدا مقابل الجودة الرديئة. خيبة أمل كبيرة بصراحة.,negative
مطعم المشويات ما يستاهل كل هالمديح اللي أسمعه. السعر ما تستاهل أبدا الكمية والجودة المقدمة. المقبلات كان طعمه غريب ومو طازج. تعامل النادل كانت مستفزة، الموظفين متضايقين وغير متعاونين. المكان مزدحم وصوته عالي جدا. بصراحة ما راح أرجع مرة ثانية.,negative
زرنا المطعم اللي جربناه أمس وندمنا. السلطة كان مالح زيادة ومحروق شوي. الأسعار ما تستاهل أبدا الكمية والجودة المقدمة. الترتيب الداخلي غير نظيف وفيه روائح مب مريحة. استقبال الموظفين كانت غير محترفة أبدا. للأسف المكان لا يستاهل حتى زيارة واحدة.,negative
من أسوأ تجاربي مع مطعم الفطور. استقبال الموظفين كانت غير محترفة أبدا. قيمة الفلوس مقابل الأكل مبالغ فيها بشكل غير منطقي. الأرز وصل متأخر وكان بارد. النظافة غير نظيف وفيه روائح مب مريحة. مو التجربة اللي توقعتها أبدا.,negative
المكان ما يستاهل كل هالمديح اللي أسمعه. سرعة التقديم كانت سيئة جدا وبطيئة. الوجبة كان طعمه غريب ومو طازج. تقييمي واحد من خمسة، للأسف.,negative
ما أنصح أحد يروح مطعم المشويات. الطعام كان جاهز مب طازج، حسيته مجمد. الخدمة كانت غير محترفة أبدا. المكان صغير وغير مريح للجلوس. الأسعار ما تستاهل أبدا الكمية والجودة المقدمة. ما أنصح أي أحد يجرب هالمكان.,negative
بصراحة مطعم الوجبات السريعة خيب أملي. الخدمة بشكل عام ما كان فيها أي اهتمام بالزبون. الأسعار مقارنة بالكمية كانت صادمة مقارنة بمستوى الأكل. البيتزا ما كان فيه أي نكهة تذكر. ما أنصح أي أحد يجرب هالمكان.,negative
كنت مع أصحابي في مطعم المأكولات البحرية والتجربة كانت زفت. الخدمة كانت سيئة جدا وبطيئة. الأصناف اللي طلبناها وصل متأخر وكان بارد. تقييمي واحد من خمسة، للأسف.,negative
جربنا مطعم الأكل الإيطالي أول مرة وللأسف ما عجبنا. البيتزا كان دون المستوى المتوقع بكثير. الترتيب الداخلي مزدحم وصوته عالي جدا. أضعت وقتي وفلوسي على هالمطعم.,negative
تجربتنا في مطعم المشويات كانت محبطة. البيتزا ما كان فيه أي نكهة تذكر. الخدمة كانت غير محترفة أبدا. الأسعار مبالغ فيها بشكل غير منطقي. الديكور قديم ومهمل. ما أنصح أي أحد يجرب هالمكان.,negative
للأسف مطعم الفطور تحت المستوى. البيتزا كان بارد وطعمه مو زين. الديكور غير نظيف وفيه روائح مب مريحة. الأسعار مقارنة بالكمية ما تستاهل أبدا الكمية والجودة المقدمة. الخدمة بشكل عام كانت مستفزة، الموظفين متضايقين وغير متعاونين. ما أنصح أي أحد يجرب هالمكان.,negative
من أسوأ تجاربي مع مطعم الوجبات السريعة. استقبال الموظفين كانت غير محترفة أبدا. المشاوي ما كان فيه أي نكهة تذكر. أضعت وقتي وفلوسي على هالمطعم.,negative
زرت الفرع مع العائلة وكانت تجربة سيئة. تعامل النادل ما كان فيها أي اهتمام بالزبون. الأرز كان مالح زيادة ومحروق شوي. تجربة محبطة من كل النواحي.,negative
كنت مع أصحابي في الفرع والتجربة كانت زفت. الأكل كان مالح زيادة ومحروق شوي. الخدمة ما كان فيها أي اهتمام بالزبون. تجربة محبطة من كل النواحي.,negative
كنت مع أصحابي في المطعم الشعبي والتجربة كانت زفت. الخدمة بشكل عام كانت مستفزة، الموظفين متضايقين وغير متعاونين. قيمة الفلوس مقابل الأكل ما تستاهل أبدا الكمية والجودة المقدمة. الديكور صغير وغير مريح للجلوس. الأصناف اللي طلبناها كانت الكمية قليلة جدا مقابل السعر. بصراحة ما راح أرجع مرة ثانية.,negative
بصراحة مطعم الفطور خيب أملي. الأسعار مقارنة بالكمية غالية جدا مقابل الجودة الرديئة. البرجر كان طعمه غريب ومو طازج. بصراحة ما راح أرجع مرة ثانية.,negative
كنت مع أصحابي في المطعم اللي جربناه والتجربة كانت زفت. الأجواء مزدحم وصوته عالي جدا. السعر ما تستاهل أبدا الكمية والجودة المقدمة. استقبال الموظفين أخذت وقت طويل جدا بدون داعي. الحلا كان بارد وطعمه مو زين. للأسف المكان لا يستاهل حتى زيارة واحدة.,negative
للأسف المطعم اللي جربناه تحت المستوى. الطعام ما كان فيه أي نكهة تذكر. سرعة التقديم كانت مستفزة، الموظفين متضايقين وغير متعاونين. تجربة محبطة من كل النواحي.,negative
زرنا مطعم البيتزا أمس وندمنا. المكان صغير وغير مريح للجلوس. الطعام كان طعمه غريب ومو طازج. السعر غالية جدا مقابل الجودة الرديئة. تجربة محبطة من كل النواحي.,negative
جربنا المطعم اللي جربناه أول مرة وللأسف ما عجبنا. الجو العام غير نظيف وفيه روائح مب مريحة. الخدمة بشكل عام كانت مستفزة، الموظفين متضايقين وغير متعاونين. قيمة الفلوس مقابل الأكل ما تستاهل أبدا الكمية والجودة المقدمة. الأرز كان مالح زيادة ومحروق شوي. خيبة أمل كبيرة بصراحة.,negative
زرت مطعم الفطور مع العائلة وكانت تجربة سيئة. الأرز وصل متأخر وكان بارد. المكان مزدحم وصوته عالي جدا. مو التجربة اللي توقعتها أبدا.,negative
للأسف مطعم الفطور تحت المستوى. الأسعار مقارنة بالكمية مبالغ فيها بشكل غير منطقي. البيتزا وصل متأخر وكان بارد. الجو العام مزدحم وصوته عالي جدا. بصراحة ما راح أرجع مرة ثانية.,negative
للأسف المكان تحت المستوى. تعامل النادل ما كان فيها أي اهتمام بالزبون. المشاوي كان مالح زيادة ومحروق شوي. الديكور قديم ومهمل. تجربة محبطة من كل النواحي.,negative
جربنا مطعم الفطور أول مرة وللأسف ما عجبنا. استقبال الموظفين كانت مستفزة، الموظفين متضايقين وغير متعاونين. الوجبة الرئيسية كانت الكمية قليلة جدا مقابل السعر. قيمة الفلوس مقابل الأكل كانت صادمة مقارنة بمستوى الأكل. ما أنصح أي أحد يجرب هالمكان.,negative
ما أنصح أحد يروح المطعم الشعبي. المقبلات كان مالح زيادة ومحروق شوي. الأسعار ما تستاهل أبدا الكمية والجودة المقدمة. بصراحة ما راح أرجع مرة ثانية.,negative
للأسف المطعم الجديد تحت المستوى. الخدمة بشكل عام أخذت وقت طويل جدا بدون داعي. المكان صغير وغير مريح للجلوس. البرجر كان دون المستوى المتوقع بكثير. الأسعار مقارنة بالكمية مبالغ فيها بشكل غير منطقي. تجربة محبطة من كل النواحي.,negative
زرنا مطعم الوجبات السريعة أمس وندمنا. الخدمة كانت مستفزة، الموظفين متضايقين وغير متعاونين. الأرز كان جاهز مب طازج، حسيته مجمد. الأسعار كانت صادمة مقارنة بمستوى الأكل. خيبة أمل كبيرة بصراحة.,negative
كنت مع أصحابي في مطعم المشويات والتجربة كانت زفت. سرعة التقديم ما كان فيها أي اهتمام بالزبون. المكان مزدحم وصوته عالي جدا. الأسعار ما تستاهل أبدا الكمية والجودة المقدمة. الأكل كانت الكمية قليلة جدا مقابل السعر. خيبة أمل كبيرة بصراحة.,negative
بصراحة المطعم خيب أملي. سرعة التقديم ما كان فيها أي اهتمام بالزبون. الوجبة كان دون المستوى المتوقع بكثير. الأسعار مقارنة بالكمية ما تستاهل أبدا الكمية والجودة المقدمة. الجو العام قديم ومهمل. مو التجربة اللي توقعتها أبدا.,negative
للأسف مطعم البيتزا تحت المستوى. النظافة غير نظيف وفيه روائح مب مريحة. الوجبة الرئيسية كان طعمه غريب ومو طازج. الخدمة بشكل عام ما كان فيها أي اهتمام بالزبون. تجربة محبطة من كل النواحي.,negative
بصراحة مطعم الأكل الإيطالي خيب أملي. الأصناف اللي طلبناها كانت الكمية قليلة جدا مقابل السعر. السعر ما تستاهل أبدا الكمية والجودة المقدمة. الأجواء قديم ومهمل. الخدمة كانت سيئة جدا وبطيئة. تجربة محبطة من كل النواحي.,negative
زرت مطعم البرجر مع العائلة وكانت تجربة سيئة. سرعة التقديم كانت سيئة جدا وبطيئة. قيمة الفلوس مقابل الأكل مبالغ فيها بشكل غير منطقي. المقبلات كان دون المستوى المتوقع بكثير. تقييمي واحد من خمسة، للأسف.,negative
من أسوأ تجاربي مع المطعم. النظافة قديم ومهمل. استقبال الموظفين كانت مستفزة، الموظفين متضايقين وغير متعاونين. الوجبة كان طعمه غريب ومو طازج. بصراحة ما راح أرجع مرة ثانية.,negative
كنت مع أصحابي في مطعم المشويات والتجربة كانت زفت. البيتزا وصل متأخر وكان بارد. السعر ما تستاهل أبدا الكمية والجودة المقدمة. ما أنصح أي أحد يجرب هالمكان.,negative
ما أنصح أحد يروح مطعم البرجر. الحلا كان دون المستوى المتوقع بكثير. الخدمة أخذت وقت طويل جدا بدون داعي. أضعت وقتي وفلوسي على هالمطعم.,negative
زرت مطعم المأكولات البحرية مع العائلة وكانت تجربة سيئة. الطعام وصل متأخر وكان بارد. الأسعار ما تستاهل أبدا الكمية والجودة المقدمة. الترتيب الداخلي صغير وغير مريح للجلوس. الخدمة أخذت وقت طويل جدا بدون داعي. ما أنصح أي أحد يجرب هالمكان.,negative
زرت المطعم مع العائلة وكانت تجربة سيئة. النظافة صغير وغير مريح للجلوس. استقبال الموظفين أخذت وقت طويل جدا بدون داعي. العصائر كانت الكمية قليلة جدا مقابل السعر. للأسف المكان لا يستاهل حتى زيارة واحدة.,negative
ما أنصح أحد يروح مطعم الفطور. السعر غالية جدا مقابل الجودة الرديئة. المكان قديم ومهمل. الوجبة الرئيسية ما كان فيه أي نكهة تذكر. تجربة محبطة من كل النواحي.,negative
ما أنصح أحد يروح مطعم البيتزا. استقبال الموظفين ما كان فيها أي اهتمام بالزبون. المشاوي كان جاهز مب طازج، حسيته مجمد. الأسعار غالية جدا مقابل الجودة الرديئة. خيبة أمل كبيرة بصراحة.,negative
زرت مطعم البيتزا مع العائلة وكانت تجربة سيئة. العصائر كانت الكمية قليلة جدا مقابل السعر. استقبال الموظفين ما كان فيها أي اهتمام بالزبون. للأسف المكان لا يستاهل حتى زيارة واحدة.,negative
من أسوأ تجاربي مع المكان. الديكور قديم ومهمل. البرجر كان بارد وطعمه مو زين. الخدمة بشكل عام ما كان فيها أي اهتمام بالزبون. خيبة أمل كبيرة بصراحة.,negative
ما أنصح أحد يروح مطعم الأكل الإيطالي. الخدمة ما كان فيها أي اهتمام بالزبون. العصائر وصل متأخر وكان بارد. الجو العام غير نظيف وفيه روائح مب مريحة. أضعت وقتي وفلوسي على هالمطعم.,negative
ما أنصح أحد يروح الفرع. الأجواء غير نظيف وفيه روائح مب مريحة. الخدمة أخذت وقت طويل جدا بدون داعي. الأرز وصل متأخر وكان بارد. للأسف المكان لا يستاهل حتى زيارة واحدة.,negative
ما أنصح أحد يروح المطعم الجديد. سرعة التقديم كانت غير محترفة أبدا. الأسعار مقارنة بالكمية ما تستاهل أبدا الكمية والجودة المقدمة. المشاوي ما كان فيه أي نكهة تذكر. تقييمي واحد من خمسة، للأسف.,negative
المطعم الشعبي ما يستاهل كل هالمديح اللي أسمعه. الوجبة الرئيسية وصل متأخر وكان بارد. السعر مبالغ فيها بشكل غير منطقي. استقبال الموظفين كانت مستفزة، الموظفين متضايقين وغير متعاونين. تجربة محبطة من كل النواحي.,negative
كنت مع أصحابي في مطعم الأكل الإيطالي والتجربة كانت زفت. الديكور مزدحم وصوته عالي جدا. تعامل النادل كانت مستفزة، الموظفين متضايقين وغير متعاونين. البرجر كانت الكمية قليلة جدا مقابل السعر. أضعت وقتي وفلوسي على هالمطعم.,negative
تجربتنا في المطعم الجديد كانت محبطة. سرعة التقديم كانت غير محترفة أبدا. الأكل كان مالح زيادة ومحروق شوي. الجو العام غير نظيف وفيه روائح مب مريحة. السعر كانت صادمة مقارنة بمستوى الأكل. تقييمي واحد من خمسة، للأسف.,negative
ما أنصح أحد يروح مطعم المأكولات البحرية. الأسعار كانت صادمة مقارنة بمستوى الأكل. الخدمة كانت غير محترفة أبدا. الأرز ما كان فيه أي نكهة تذكر. ما أنصح أي أحد يجرب هالمكان.,negative
للأسف مطعم المأكولات البحرية تحت المستوى. قيمة الفلوس مقابل الأكل ما تستاهل أبدا الكمية والجودة المقدمة. الخدمة كانت غير محترفة أبدا. الأرز كان طعمه غريب ومو طازج. ما أنصح أي أحد يجرب هالمكان.,negative
كنت مع أصحابي في المطعم الشعبي والتجربة كانت زفت. الترتيب الداخلي قديم ومهمل. السلطة كان مالح زيادة ومحروق شوي. تعامل النادل كانت غير محترفة أبدا. للأسف المكان لا يستاهل حتى زيارة واحدة.,negative
مطعم المشويات ما يستاهل كل هالمديح اللي أسمعه. قيمة الفلوس مقابل الأكل ما تستاهل أبدا الكمية والجودة المقدمة. السلطة كان جاهز مب طازج، حسيته مجمد. استقبال الموظفين كانت مستفزة، الموظفين متضايقين وغير متعاونين. تجربة محبطة من كل النواحي.,negative
زرنا المطعم الشعبي أمس وندمنا. السعر كانت صادمة مقارنة بمستوى الأكل. الوجبة الرئيسية كان بارد وطعمه مو زين. تعامل النادل كانت سيئة جدا وبطيئة. الأجواء قديم ومهمل. خيبة أمل كبيرة بصراحة.,negative
كنت مع أصحابي في المطعم اللي جربناه والتجربة كانت زفت. استقبال الموظفين أخذت وقت طويل جدا بدون داعي. الأصناف اللي طلبناها كان مالح زيادة ومحروق شوي. السعر ما تستاهل أبدا الكمية والجودة المقدمة. تجربة محبطة من كل النواحي.,negative
الفرع ما يستاهل كل هالمديح اللي أسمعه. الأسعار مبالغ فيها بشكل غير منطقي. سرعة التقديم أخذت وقت طويل جدا بدون داعي. الأصناف اللي طلبناها وصل متأخر وكان بارد. تقييمي واحد من خمسة، للأسف.,negative
تجربتنا في الكافيه كانت محبطة. تعامل النادل ما كان فيها أي اهتمام بالزبون. الديكور قديم ومهمل. الأصناف اللي طلبناها كان طعمه غريب ومو طازج. تجربة محبطة من كل النواحي.,negative
جربنا مطعم البرجر أول مرة وللأسف ما عجبنا. تعامل النادل ما كان فيها أي اهتمام بالزبون. العصائر ما كان فيه أي نكهة تذكر. الجو العام غير نظيف وفيه روائح مب مريحة. الأسعار مقارنة بالكمية ما تستاهل أبدا الكمية والجودة المقدمة. مو التجربة اللي توقعتها أبدا.,negative
من أسوأ تجاربي مع مطعم المشويات. الخدمة بشكل عام كانت غير محترفة أبدا. الأجواء غير نظيف وفيه روائح مب مريحة. الوجبة الرئيسية ما كان فيه أي نكهة تذكر. خيبة أمل كبيرة بصراحة.,negative
تجربتنا في مطعم المشويات كانت محبطة. الأسعار غالية جدا مقابل الجودة الرديئة. الحلا كان بارد وطعمه مو زين. استقبال الموظفين كانت مستفزة، الموظفين متضايقين وغير متعاونين. مو التجربة اللي توقعتها أبدا.,negative
المطعم اللي جربناه ما يستاهل كل هالمديح اللي أسمعه. الحلا كانت الكمية قليلة جدا مقابل السعر. المكان مزدحم وصوته عالي جدا. الخدمة أخذت وقت طويل جدا بدون داعي. مو التجربة اللي توقعتها أبدا.,negative
للأسف المطعم اللي جربناه تحت المستوى. الترتيب الداخلي قديم ومهمل. البرجر كان طعمه غريب ومو طازج. قيمة الفلوس مقابل الأكل ما تستاهل أبدا الكمية والجودة المقدمة. الخدمة كانت مستفزة، الموظفين متضايقين وغير متعاونين. تجربة محبطة من كل النواحي.,negative
من أسوأ تجاربي مع مطعم المأكولات البحرية. الخدمة بشكل عام كانت مستفزة، الموظفين متضايقين وغير متعاونين. السلطة كان جاهز مب طازج، حسيته مجمد. خيبة أمل كبيرة بصراحة.,negative
للأسف مطعم المأكولات البحرية تحت المستوى. الأكل كان بارد وطعمه مو زين. سرعة التقديم كانت مستفزة، الموظفين متضايقين وغير متعاونين. الأجواء مزدحم وصوته عالي جدا. تقييمي واحد من خمسة، للأسف.,negative
زرت المطعم اللي جربناه مع العائلة وكانت تجربة سيئة. استقبال الموظفين كانت سيئة جدا وبطيئة. المكان مزدحم وصوته عالي جدا. الوجبة ما كان فيه أي نكهة تذكر. تقييمي واحد من خمسة، للأسف.,negative
زرنا الفرع أمس وندمنا. الجو العام قديم ومهمل. استقبال الموظفين كانت مستفزة، الموظفين متضايقين وغير متعاونين. الأسعار مقارنة بالكمية كانت صادمة مقارنة بمستوى الأكل. الأكل ما كان فيه أي نكهة تذكر. تقييمي واحد من خمسة، للأسف.,negative
مطعم البرجر ما يستاهل كل هالمديح اللي أسمعه. الأسعار غالية جدا مقابل الجودة الرديئة. الخدمة بشكل عام أخذت وقت طويل جدا بدون داعي. البرجر كان جاهز مب طازج، حسيته مجمد. الأجواء مزدحم وصوته عالي جدا. تقييمي واحد من خمسة، للأسف.,negative
كنت مع أصحابي في مطعم الوجبات السريعة والتجربة كانت زفت. الوجبة الرئيسية كان مالح زيادة ومحروق شوي. السعر كانت صادمة مقارنة بمستوى الأكل. تعامل النادل ما كان فيها أي اهتمام بالزبون. خيبة أمل كبيرة بصراحة.,negative
للأسف المكان تحت المستوى. الأسعار مبالغ فيها بشكل غير منطقي. الترتيب الداخلي غير نظيف وفيه روائح مب مريحة. الطعام كان بارد وطعمه مو زين. ما أنصح أي أحد يجرب هالمكان.,negative
من أسوأ تجاربي مع مطعم الأكل الإيطالي. البرجر ما كان فيه أي نكهة تذكر. استقبال الموظفين كانت غير محترفة أبدا. تقييمي واحد من خمسة، للأسف.,negative
المطعم الشعبي ما يستاهل كل هالمديح اللي أسمعه. تعامل النادل كانت سيئة جدا وبطيئة. الوجبة كان بارد وطعمه مو زين. ما أنصح أي أحد يجرب هالمكان.,negative
للأسف المطعم الجديد تحت المستوى. البيتزا كان دون المستوى المتوقع بكثير. الأجواء قديم ومهمل. سرعة التقديم كانت مستفزة، الموظفين متضايقين وغير متعاونين. تجربة محبطة من كل النواحي.,negative
زرنا المطعم اللي جربناه أمس وندمنا. الأكل كانت الكمية قليلة جدا مقابل السعر. الخدمة أخذت وقت طويل جدا بدون داعي. خيبة أمل كبيرة بصراحة.,negative
للأسف مطعم المشويات تحت المستوى. الديكور غير نظيف وفيه روائح مب مريحة. المقبلات كان طعمه غريب ومو طازج. تعامل النادل ما كان فيها أي اهتمام بالزبون. تجربة محبطة من كل النواحي.,negative
تجربتنا في مطعم المشويات كانت محبطة. الأكل ما كان فيه أي نكهة تذكر. سرعة التقديم كانت سيئة جدا وبطيئة. الترتيب الداخلي قديم ومهمل. ما أنصح أي أحد يجرب هالمكان.,negative
من أسوأ تجاربي مع مطعم البيتزا. الخدمة بشكل عام كانت سيئة جدا وبطيئة. الأكل كان بارد وطعمه مو زين. قيمة الفلوس مقابل الأكل مبالغ فيها بشكل غير منطقي. الديكور مزدحم وصوته عالي جدا. بصراحة ما راح أرجع مرة ثانية.,negative
جربنا المطعم أول مرة وللأسف ما عجبنا. قيمة الفلوس مقابل الأكل كانت صادمة مقارنة بمستوى الأكل. الوجبة ما كان فيه أي نكهة تذكر. الخدمة بشكل عام ما كان فيها أي اهتمام بالزبون. الديكور صغير وغير مريح للجلوس. تجربة محبطة من كل النواحي.,negative
بصراحة مطعم البيتزا خيب أملي. الوجبة كانت الكمية قليلة جدا مقابل السعر. سرعة التقديم ما كان فيها أي اهتمام بالزبون. ما أنصح أي أحد يجرب هالمكان.,negative
ما أنصح أحد يروح الكافيه. المشاوي كان جاهز مب طازج، حسيته مجمد. مو التجربة اللي توقعتها أبدا.,negative
بصراحة المطعم الجديد خيب أملي. الترتيب الداخلي غير نظيف وفيه روائح مب مريحة. الأصناف اللي طلبناها كان مالح زيادة ومحروق شوي. الخدمة كانت سيئة جدا وبطيئة. ما أنصح أي أحد يجرب هالمكان.,negative
كنت مع أصحابي في مطعم المشويات والتجربة كانت زفت. الأسعار مبالغ فيها بشكل غير منطقي. العصائر كان مالح زيادة ومحروق شوي. الجو العام صغير وغير مريح للجلوس. الخدمة بشكل عام ما كان فيها أي اهتمام بالزبون. تجربة محبطة من كل النواحي.,negative
للأسف المكان تحت المستوى. تعامل النادل كانت مستفزة، الموظفين متضايقين وغير متعاونين. النظافة مزدحم وصوته عالي جدا. السلطة كانت الكمية قليلة جدا مقابل السعر. ما أنصح أي أحد يجرب هالمكان.,negative
بصراحة مطعم المأكولات البحرية خيب أملي. المقبلات ما كان فيه أي نكهة تذكر. تعامل النادل كانت سيئة جدا وبطيئة. مو التجربة اللي توقعتها أبدا.,negative
من أسوأ تجاربي مع مطعم البيتزا. السعر ما تستاهل أبدا الكمية والجودة المقدمة. سرعة التقديم ما كان فيها أي اهتمام بالزبون. الطعام كان طعمه غريب ومو طازج. للأسف المكان لا يستاهل حتى زيارة واحدة.,negative
زرنا مطعم البيتزا أمس وندمنا. سرعة التقديم أخذت وقت طويل جدا بدون داعي. قيمة الفلوس مقابل الأكل مبالغ فيها بشكل غير منطقي. الأصناف اللي طلبناها كان جاهز مب طازج، حسيته مجمد. الترتيب الداخلي مزدحم وصوته عالي جدا. تقييمي واحد من خمسة، للأسف.,negative
كنت مع أصحابي في مطعم المشويات والتجربة كانت زفت. النظافة قديم ومهمل. الوجبة ما كان فيه أي نكهة تذكر. مو التجربة اللي توقعتها أبدا.,negative
بصراحة مطعم البيتزا خيب أملي. سرعة التقديم كانت سيئة جدا وبطيئة. البرجر كان جاهز مب طازج، حسيته مجمد. المكان مزدحم وصوته عالي جدا. ما أنصح أي أحد يجرب هالمكان.,negative
بصراحة مطعم البيتزا خيب أملي. البيتزا وصل متأخر وكان بارد. استقبال الموظفين ما كان فيها أي اهتمام بالزبون. مو التجربة اللي توقعتها أبدا.,negative
بصراحة مطعم الوجبات السريعة خيب أملي. السلطة كان مالح زيادة ومحروق شوي. السعر ما تستاهل أبدا الكمية والجودة المقدمة. للأسف المكان لا يستاهل حتى زيارة واحدة.,negative
تجربتنا في المكان كانت محبطة. الترتيب الداخلي غير نظيف وفيه روائح مب مريحة. الأصناف اللي طلبناها كان طعمه غريب ومو طازج. قيمة الفلوس مقابل الأكل مبالغ فيها بشكل غير منطقي. سرعة التقديم كانت غير محترفة أبدا. أضعت وقتي وفلوسي على هالمطعم.,negative
للأسف مطعم البرجر تحت المستوى. الوجبة كان بارد وطعمه مو زين. تقييمي واحد من خمسة، للأسف.,negative
مطعم البيتزا ما يستاهل كل هالمديح اللي أسمعه. الديكور قديم ومهمل. تعامل النادل ما كان فيها أي اهتمام بالزبون. المقبلات كان بارد وطعمه مو زين. تجربة محبطة من كل النواحي.,negative
كنت مع أصحابي في مطعم المشويات والتجربة كانت زفت. الأرز كانت الكمية قليلة جدا مقابل السعر. تعامل النادل كانت مستفزة، الموظفين متضايقين وغير متعاونين. مو التجربة اللي توقعتها أبدا.,negative
تجربتنا في مطعم الوجبات السريعة كانت محبطة. السلطة وصل متأخر وكان بارد. الأسعار مقارنة بالكمية كانت صادمة مقارنة بمستوى الأكل. الترتيب الداخلي غير نظيف وفيه روائح مب مريحة. سرعة التقديم ما كان فيها أي اهتمام بالزبون. أضعت وقتي وفلوسي على هالمطعم.,negative
زرت مطعم الأكل الإيطالي مع العائلة وكانت تجربة سيئة. الجو العام مزدحم وصوته عالي جدا. تعامل النادل كانت غير محترفة أبدا. الأكل كان مالح زيادة ومحروق شوي. الأسعار مقارنة بالكمية ما تستاهل أبدا الكمية والجودة المقدمة. للأسف المكان لا يستاهل حتى زيارة واحدة.,negative
ما أنصح أحد يروح مطعم المأكولات البحرية. المشاوي ما كان فيه أي نكهة تذكر. سرعة التقديم كانت مستفزة، الموظفين متضايقين وغير متعاونين. النظافة صغير وغير مريح للجلوس. تقييمي واحد من خمسة، للأسف.,negative
جربنا مطعم البرجر أول مرة وللأسف ما عجبنا. الأصناف اللي طلبناها كان طعمه غريب ومو طازج. سرعة التقديم ما كان فيها أي اهتمام بالزبون. مو التجربة اللي توقعتها أبدا.,negative
من أسوأ تجاربي مع مطعم الفطور. سرعة التقديم ما كان فيها أي اهتمام بالزبون. البرجر ما كان فيه أي نكهة تذكر. السعر كانت صادمة مقارنة بمستوى الأكل. خيبة أمل كبيرة بصراحة.,negative
من أسوأ تجاربي مع مطعم البيتزا. الأسعار مقارنة بالكمية ما تستاهل أبدا الكمية والجودة المقدمة. استقبال الموظفين ما كان فيها أي اهتمام بالزبون. المكان غير نظيف وفيه روائح مب مريحة. المشاوي ما كان فيه أي نكهة تذكر. تقييمي واحد من خمسة، للأسف.,negative
زرنا مطعم المأكولات البحرية أمس وندمنا. سرعة التقديم أخذت وقت طويل جدا بدون داعي. الطعام كانت الكمية قليلة جدا مقابل السعر. أضعت وقتي وفلوسي على هالمطعم.,negative
المطعم ما يستاهل كل هالمديح اللي أسمعه. الأسعار مقارنة بالكمية غالية جدا مقابل الجودة الرديئة. الوجبة الرئيسية وصل متأخر وكان بارد. الخدمة بشكل عام أخذت وقت طويل جدا بدون داعي. مو التجربة اللي توقعتها أبدا.,negative
زرت مطعم الأكل الإيطالي مع العائلة وكانت تجربة سيئة. الأسعار مقارنة بالكمية ما تستاهل أبدا الكمية والجودة المقدمة. المقبلات كانت الكمية قليلة جدا مقابل السعر. سرعة التقديم ما كان فيها أي اهتمام بالزبون. الجو العام مزدحم وصوته عالي جدا. تجربة محبطة من كل النواحي.,negative
زرنا الفرع أمس وندمنا. قيمة الفلوس مقابل الأكل ما تستاهل أبدا الكمية والجودة المقدمة. الأصناف اللي طلبناها وصل متأخر وكان بارد. سرعة التقديم أخذت وقت طويل جدا بدون داعي. للأسف المكان لا يستاهل حتى زيارة واحدة.,negative
جربنا مطعم البيتزا أول مرة وللأسف ما عجبنا. الأجواء صغير وغير مريح للجلوس. السعر مبالغ فيها بشكل غير منطقي. استقبال الموظفين كانت غير محترفة أبدا. البرجر كانت الكمية قليلة جدا مقابل السعر. تقييمي واحد من خمسة، للأسف.,negative
تجربتنا في مطعم البيتزا كانت محبطة. الأرز كانت الكمية قليلة جدا مقابل السعر. الخدمة كانت مستفزة، الموظفين متضايقين وغير متعاونين. الأجواء مزدحم وصوته عالي جدا. الأسعار مقارنة بالكمية غالية جدا مقابل الجودة الرديئة. تجربة محبطة من كل النواحي.,negative
تجربتنا في مطعم الفطور كانت محبطة. الأرز ما كان فيه أي نكهة تذكر. سرعة التقديم كانت غير محترفة أبدا. للأسف المكان لا يستاهل حتى زيارة واحدة.,negative
مطعم البرجر ما يستاهل كل هالمديح اللي أسمعه. الخدمة كانت سيئة جدا وبطيئة. المشاوي ما كان فيه أي نكهة تذكر. السعر ما تستاهل أبدا الكمية والجودة المقدمة. ما أنصح أي أحد يجرب هالمكان.,negative
بصراحة المكان خيب أملي. الديكور قديم ومهمل. الأكل كان مالح زيادة ومحروق شوي. الأسعار مبالغ فيها بشكل غير منطقي. للأسف المكان لا يستاهل حتى زيارة واحدة.,negative
من أسوأ تجاربي مع المطعم. البرجر كان جاهز مب طازج، حسيته مجمد. تعامل النادل كانت سيئة جدا وبطيئة. قيمة الفلوس مقابل الأكل ما تستاهل أبدا الكمية والجودة المقدمة. للأسف المكان لا يستاهل حتى زيارة واحدة.,negative
بصراحة مطعم البيتزا خيب أملي. الأسعار كانت صادمة مقارنة بمستوى الأكل. استقبال الموظفين كانت سيئة جدا وبطيئة. السلطة كان طعمه غريب ومو طازج. ما أنصح أي أحد يجرب هالمكان.,negative
مطعم البرجر ما يستاهل كل هالمديح اللي أسمعه. الأسعار كانت صادمة مقارنة بمستوى الأكل. السلطة كان بارد وطعمه مو زين. تعامل النادل ما كان فيها أي اهتمام بالزبون. مو التجربة اللي توقعتها أبدا.,negative
زرت مطعم الأكل الإيطالي مع العائلة وكانت تجربة سيئة. الحلا كان مالح زيادة ومحروق شوي. الأسعار ما تستاهل أبدا الكمية والجودة المقدمة. الديكور مزدحم وصوته عالي جدا. سرعة التقديم كانت غير محترفة أبدا. ما أنصح أي أحد يجرب هالمكان.,negative
جربنا المكان أول مرة وللأسف ما عجبنا. تعامل النادل كانت غير محترفة أبدا. الأسعار مقارنة بالكمية مبالغ فيها بشكل غير منطقي. البيتزا كان جاهز مب طازج، حسيته مجمد. تجربة محبطة من كل النواحي.,negative
بصراحة مطعم المشويات خيب أملي. النظافة قديم ومهمل. الوجبة كانت الكمية قليلة جدا مقابل السعر. الخدمة كانت غير محترفة أبدا. أضعت وقتي وفلوسي على هالمطعم.,negative
كنت مع أصحابي في الكافيه والتجربة كانت زفت. الأرز كان جاهز مب طازج، حسيته مجمد. الخدمة بشكل عام كانت سيئة جدا وبطيئة. الأسعار مقارنة بالكمية غالية جدا مقابل الجودة الرديئة. أضعت وقتي وفلوسي على هالمطعم.,negative
المطعم اللي جربناه ما يستاهل كل هالمديح اللي أسمعه. استقبال الموظفين أخذت وقت طويل جدا بدون داعي. الأصناف اللي طلبناها وصل متأخر وكان بارد. ما أنصح أي أحد يجرب هالمكان.,negative
جربنا مطعم الأكل الإيطالي أول مرة وللأسف ما عجبنا. المقبلات كان طعمه غريب ومو طازج. قيمة الفلوس مقابل الأكل مبالغ فيها بشكل غير منطقي. استقبال الموظفين كانت سيئة جدا وبطيئة. للأسف المكان لا يستاهل حتى زيارة واحدة.,negative
كنت مع أصحابي في المطعم اللي جربناه والتجربة كانت زفت. الخدمة بشكل عام كانت غير محترفة أبدا. قيمة الفلوس مقابل الأكل ما تستاهل أبدا الكمية والجودة المقدمة. الحلا كان دون المستوى المتوقع بكثير. خيبة أمل كبيرة بصراحة.,negative
زرنا المطعم الجديد أمس وندمنا. سرعة التقديم كانت سيئة جدا وبطيئة. المشاوي كان دون المستوى المتوقع بكثير. ما أنصح أي أحد يجرب هالمكان.,negative
من أسوأ تجاربي مع مطعم الأكل الإيطالي. المشاوي كان مالح زيادة ومحروق شوي. سرعة التقديم ما كان فيها أي اهتمام بالزبون. الأسعار مقارنة بالكمية غالية جدا مقابل الجودة الرديئة. الديكور صغير وغير مريح للجلوس. خيبة أمل كبيرة بصراحة.,negative
زرنا المطعم الشعبي أمس وندمنا. البرجر كان دون المستوى المتوقع بكثير. سرعة التقديم كانت غير محترفة أبدا. أضعت وقتي وفلوسي على هالمطعم.,negative
ما أنصح أحد يروح مطعم الوجبات السريعة. البيتزا كان طعمه غريب ومو طازج. الأسعار ما تستاهل أبدا الكمية والجودة المقدمة. المكان قديم ومهمل. الخدمة كانت مستفزة، الموظفين متضايقين وغير متعاونين. للأسف المكان لا يستاهل حتى زيارة واحدة.,negative
من أسوأ تجاربي مع الكافيه. السعر غالية جدا مقابل الجودة الرديئة. سرعة التقديم أخذت وقت طويل جدا بدون داعي. البيتزا وصل متأخر وكان بارد. أضعت وقتي وفلوسي على هالمطعم.,negative
زرنا الفرع أمس وندمنا. سرعة التقديم ما كان فيها أي اهتمام بالزبون. العصائر وصل متأخر وكان بارد. قيمة الفلوس مقابل الأكل ما تستاهل أبدا الكمية والجودة المقدمة. تجربة محبطة من كل النواحي.,negative
زرنا مطعم البيتزا أمس وندمنا. البرجر ما كان فيه أي نكهة تذكر. الخدمة بشكل عام أخذت وقت طويل جدا بدون داعي. قيمة الفلوس مقابل الأكل كانت صادمة مقارنة بمستوى الأكل. تقييمي واحد من خمسة، للأسف.,negative
من أسوأ تجاربي مع مطعم الأكل الإيطالي. المشاوي ما كان فيه أي نكهة تذكر. قيمة الفلوس مقابل الأكل مبالغ فيها بشكل غير منطقي. الخدمة بشكل عام كانت غير محترفة أبدا. تجربة محبطة من كل النواحي.,negative
زرنا المطعم أمس وندمنا. الأسعار غالية جدا مقابل الجودة الرديئة. الطعام كانت الكمية قليلة جدا مقابل السعر. الخدمة بشكل عام كانت سيئة جدا وبطيئة. الديكور مزدحم وصوته عالي جدا. للأسف المكان لا يستاهل حتى زيارة واحدة.,negative
زرنا المطعم الشعبي أمس وندمنا. السلطة كانت الكمية قليلة جدا مقابل السعر. المكان مزدحم وصوته عالي جدا. الخدمة بشكل عام كانت سيئة جدا وبطيئة. السعر كانت صادمة مقارنة بمستوى الأكل. أضعت وقتي وفلوسي على هالمطعم.,negative
للأسف مطعم المأكولات البحرية تحت المستوى. الأرز وصل متأخر وكان بارد. سرعة التقديم ما كان فيها أي اهتمام بالزبون. الأسعار مقارنة بالكمية مبالغ فيها بشكل غير منطقي. للأسف المكان لا يستاهل حتى زيارة واحدة.,negative
كنت مع أصحابي في مطعم الوجبات السريعة والتجربة كانت زفت. السلطة كانت الكمية قليلة جدا مقابل السعر. الخدمة بشكل عام كانت مستفزة، الموظفين متضايقين وغير متعاونين. السعر غالية جدا مقابل الجودة الرديئة. تقييمي واحد من خمسة، للأسف.,negative
زرت المطعم الجديد مع العائلة وكانت تجربة سيئة. سرعة التقديم كانت غير محترفة أبدا. قيمة الفلوس مقابل الأكل مبالغ فيها بشكل غير منطقي. البيتزا كان مالح زيادة ومحروق شوي. للأسف المكان لا يستاهل حتى زيارة واحدة.,negative
بصراحة المكان خيب أملي. سرعة التقديم كانت مستفزة، الموظفين متضايقين وغير متعاونين. الأصناف اللي طلبناها كان بارد وطعمه مو زين. السعر كانت صادمة مقارنة بمستوى الأكل. للأسف المكان لا يستاهل حتى زيارة واحدة.,negative
ما أنصح أحد يروح مطعم الأكل الإيطالي. الحلا كان طعمه غريب ومو طازج. النظافة صغير وغير مريح للجلوس. أضعت وقتي وفلوسي على هالمطعم.,negative
زرت مطعم البرجر مع العائلة وكانت تجربة سيئة. تعامل النادل ما كان فيها أي اهتمام بالزبون. الوجبة الرئيسية كان دون المستوى المتوقع بكثير. السعر كانت صادمة مقارنة بمستوى الأكل. المكان غير نظيف وفيه روائح مب مريحة. للأسف المكان لا يستاهل حتى زيارة واحدة.,negative
كنت مع أصحابي في مطعم الفطور والتجربة كانت زفت. سرعة التقديم ما كان فيها أي اهتمام بالزبون. الأصناف اللي طلبناها وصل متأخر وكان بارد. المكان مزدحم وصوته عالي جدا. تجربة محبطة من كل النواحي.,negative
الفرع ما يستاهل كل هالمديح اللي أسمعه. قيمة الفلوس مقابل الأكل مبالغ فيها بشكل غير منطقي. الخدمة بشكل عام كانت غير محترفة أبدا. الأكل وصل متأخر وكان بارد. الديكور مزدحم وصوته عالي جدا. تقييمي واحد من خمسة، للأسف.,negative
جربنا المكان أول مرة وللأسف ما عجبنا. الأسعار مقارنة بالكمية ما تستاهل أبدا الكمية والجودة المقدمة. البيتزا كان بارد وطعمه مو زين. الخدمة بشكل عام أخذت وقت طويل جدا بدون داعي. المكان غير نظيف وفيه روائح مب مريحة. تجربة محبطة من كل النواحي.,negative
زرنا المكان أمس وندمنا. المكان صغير وغير مريح للجلوس. الطعام كان مالح زيادة ومحروق شوي. الخدمة بشكل عام ما كان فيها أي اهتمام بالزبون. مو التجربة اللي توقعتها أبدا.,negative
زرت مطعم المشويات مع العائلة وكانت تجربة سيئة. الأكل كان دون المستوى المتوقع بكثير. المكان صغير وغير مريح للجلوس. استقبال الموظفين كانت غير محترفة أبدا. قيمة الفلوس مقابل الأكل غالية جدا مقابل الجودة الرديئة. تجربة محبطة من كل النواحي.,negative
زرت المطعم مع العائلة وكانت تجربة سيئة. السلطة كان جاهز مب طازج، حسيته مجمد. تعامل النادل كانت سيئة جدا وبطيئة. الديكور قديم ومهمل. تقييمي واحد من خمسة، للأسف.,negative
من أسوأ تجاربي مع مطعم البرجر. الأرز كان بارد وطعمه مو زين. قيمة الفلوس مقابل الأكل غالية جدا مقابل الجودة الرديئة. أضعت وقتي وفلوسي على هالمطعم.,negative
للأسف المكان تحت المستوى. المقبلات كان طعمه غريب ومو طازج. قيمة الفلوس مقابل الأكل كانت صادمة مقارنة بمستوى الأكل. الخدمة كانت غير محترفة أبدا. مو التجربة اللي توقعتها أبدا.,negative
تجربتنا في الكافيه كانت محبطة. الخدمة كانت سيئة جدا وبطيئة. السعر كانت صادمة مقارنة بمستوى الأكل. الطعام كان طعمه غريب ومو طازج. خيبة أمل كبيرة بصراحة.,negative
زرنا المطعم الجديد أمس وندمنا. الديكور مزدحم وصوته عالي جدا. البيتزا ما كان فيه أي نكهة تذكر. ما أنصح أي أحد يجرب هالمكان.,negative
جربنا المطعم أول مرة وللأسف ما عجبنا. الديكور صغير وغير مريح للجلوس. السلطة وصل متأخر وكان بارد. استقبال الموظفين كانت سيئة جدا وبطيئة. أضعت وقتي وفلوسي على هالمطعم.,negative
الكافيه ما يستاهل كل هالمديح اللي أسمعه. الطعام كان جاهز مب طازج، حسيته مجمد. سرعة التقديم ما كان فيها أي اهتمام بالزبون. للأسف المكان لا يستاهل حتى زيارة واحدة.,negative
من أسوأ تجاربي مع المطعم الشعبي. الحلا كان طعمه غريب ومو طازج. الترتيب الداخلي غير نظيف وفيه روائح مب مريحة. الأسعار مقارنة بالكمية مبالغ فيها بشكل غير منطقي. سرعة التقديم كانت مستفزة، الموظفين متضايقين وغير متعاونين. أضعت وقتي وفلوسي على هالمطعم.,negative
كنت مع أصحابي في المطعم الشعبي والتجربة كانت زفت. سرعة التقديم كانت غير محترفة أبدا. الأرز كان مالح زيادة ومحروق شوي. المكان قديم ومهمل. تجربة محبطة من كل النواحي.,negative
ما أنصح أحد يروح الكافيه. المكان قديم ومهمل. الأسعار مقارنة بالكمية كانت صادمة مقارنة بمستوى الأكل. تعامل النادل ما كان فيها أي اهتمام بالزبون. السلطة كان دون المستوى المتوقع بكثير. بصراحة ما راح أرجع مرة ثانية.,negative
زرت الكافيه مع العائلة وكانت تجربة سيئة. النظافة قديم ومهمل. استقبال الموظفين ما كان فيها أي اهتمام بالزبون. قيمة الفلوس مقابل الأكل ما تستاهل أبدا الكمية والجودة المقدمة. البيتزا كانت الكمية قليلة جدا مقابل السعر. أضعت وقتي وفلوسي على هالمطعم.,negative
مطعم البيتزا ما يستاهل كل هالمديح اللي أسمعه. العصائر وصل متأخر وكان بارد. المكان غير نظيف وفيه روائح مب مريحة. الخدمة بشكل عام أخذت وقت طويل جدا بدون داعي. تقييمي واحد من خمسة، للأسف.,negative
المطعم الجديد ما يستاهل كل هالمديح اللي أسمعه. الخدمة كانت غير محترفة أبدا. قيمة الفلوس مقابل الأكل كانت صادمة مقارنة بمستوى الأكل. المقبلات وصل متأخر وكان بارد. ما أنصح أي أحد يجرب هالمكان.,negative
للأسف المطعم الشعبي تحت المستوى. الخدمة بشكل عام ما كان فيها أي اهتمام بالزبون. السعر كانت صادمة مقارنة بمستوى الأكل. العصائر كان مالح زيادة ومحروق شوي. خيبة أمل كبيرة بصراحة.,negative
جربنا مطعم البيتزا أول مرة وللأسف ما عجبنا. سرعة التقديم كانت مستفزة، الموظفين متضايقين وغير متعاونين. العصائر كانت الكمية قليلة جدا مقابل السعر. الأسعار غالية جدا مقابل الجودة الرديئة. مو التجربة اللي توقعتها أبدا.,negative
ما أنصح أحد يروح مطعم البرجر. الأرز كان جاهز مب طازج، حسيته مجمد. الخدمة بشكل عام أخذت وقت طويل جدا بدون داعي. السعر مبالغ فيها بشكل غير منطقي. بصراحة ما راح أرجع مرة ثانية.,negative
من أسوأ تجاربي مع مطعم البرجر. الأسعار مقارنة بالكمية ما تستاهل أبدا الكمية والجودة المقدمة. تعامل النادل ما كان فيها أي اهتمام بالزبون. الوجبة الرئيسية وصل متأخر وكان بارد. خيبة أمل كبيرة بصراحة.,negative
بصراحة المطعم اللي جربناه خيب أملي. الترتيب الداخلي قديم ومهمل. الأسعار غالية جدا مقابل الجودة الرديئة. سرعة التقديم كانت سيئة جدا وبطيئة. البيتزا كان دون المستوى المتوقع بكثير. للأسف المكان لا يستاهل حتى زيارة واحدة.,negative
ما أنصح أحد يروح المطعم اللي جربناه. تعامل النادل كانت سيئة جدا وبطيئة. الأصناف اللي طلبناها كان مالح زيادة ومحروق شوي. تقييمي واحد من خمسة، للأسف.,negative
زرنا المطعم أمس وندمنا. سرعة التقديم كانت غير محترفة أبدا. قيمة الفلوس مقابل الأكل غالية جدا مقابل الجودة الرديئة. المقبلات كانت الكمية قليلة جدا مقابل السعر. بصراحة ما راح أرجع مرة ثانية.,negative
المطعم الشعبي ما يستاهل كل هالمديح اللي أسمعه. قيمة الفلوس مقابل الأكل غالية جدا مقابل الجودة الرديئة. سرعة التقديم ما كان فيها أي اهتمام بالزبون. السلطة كان دون المستوى المتوقع بكثير. الترتيب الداخلي غير نظيف وفيه روائح مب مريحة. أضعت وقتي وفلوسي على هالمطعم.,negative
بصراحة مطعم الفطور خيب أملي. قيمة الفلوس مقابل الأكل كانت صادمة مقارنة بمستوى الأكل. استقبال الموظفين أخذت وقت طويل جدا بدون داعي. الديكور قديم ومهمل. العصائر كان بارد وطعمه مو زين. بصراحة ما راح أرجع مرة ثانية.,negative
ما أنصح أحد يروح مطعم الوجبات السريعة. سرعة التقديم أخذت وقت طويل جدا بدون داعي. الأسعار كانت صادمة مقارنة بمستوى الأكل. الديكور مزدحم وصوته عالي جدا. السلطة وصل متأخر وكان بارد. خيبة أمل كبيرة بصراحة.,negative
من أسوأ تجاربي مع مطعم الأكل الإيطالي. المقبلات كان دون المستوى المتوقع بكثير. سرعة التقديم كانت مستفزة، الموظفين متضايقين وغير متعاونين. السعر كانت صادمة مقارنة بمستوى الأكل. تجربة محبطة من كل النواحي.,negative
كنت مع أصحابي في مطعم البيتزا والتجربة كانت زفت. المكان صغير وغير مريح للجلوس. البيتزا كانت الكمية قليلة جدا مقابل السعر. ما أنصح أي أحد يجرب هالمكان.,negative
ما أنصح أحد يروح الكافيه. الأكل كان طعمه غريب ومو طازج. سرعة التقديم كانت غير محترفة أبدا. تقييمي واحد من خمسة، للأسف.,negative
زرت الفرع مع العائلة وكانت تجربة سيئة. الأصناف اللي طلبناها كان بارد وطعمه مو زين. الخدمة بشكل عام ما كان فيها أي اهتمام بالزبون. بصراحة ما راح أرجع مرة ثانية.,negative
ما أنصح أحد يروح المكان. الأسعار مبالغ فيها بشكل غير منطقي. الوجبة الرئيسية كان مالح زيادة ومحروق شوي. تعامل النادل أخذت وقت طويل جدا بدون داعي. النظافة غير نظيف وفيه روائح مب مريحة. مو التجربة اللي توقعتها أبدا.,negative
زرت الكافيه مع العائلة وكانت تجربة سيئة. الخدمة بشكل عام أخذت وقت طويل جدا بدون داعي. الوجبة ما كان فيه أي نكهة تذكر. الأسعار كانت صادمة مقارنة بمستوى الأكل. تقييمي واحد من خمسة، للأسف.,negative
بصراحة مطعم الوجبات السريعة خيب أملي. سرعة التقديم ما كان فيها أي اهتمام بالزبون. الأصناف اللي طلبناها كان طعمه غريب ومو طازج. المكان مزدحم وصوته عالي جدا. مو التجربة اللي توقعتها أبدا.,negative
كنت مع أصحابي في المكان والتجربة كانت زفت. الخدمة كانت مستفزة، الموظفين متضايقين وغير متعاونين. الأسعار مقارنة بالكمية غالية جدا مقابل الجودة الرديئة. المشاوي كان بارد وطعمه مو زين. النظافة غير نظيف وفيه روائح مب مريحة. للأسف المكان لا يستاهل حتى زيارة واحدة.,negative
للأسف مطعم الفطور تحت المستوى. سرعة التقديم ما كان فيها أي اهتمام بالزبون. البيتزا كان طعمه غريب ومو طازج. الترتيب الداخلي مزدحم وصوته عالي جدا. تجربة محبطة من كل النواحي.,negative
للأسف مطعم المشويات تحت المستوى. استقبال الموظفين كانت مستفزة، الموظفين متضايقين وغير متعاونين. الوجبة كان بارد وطعمه مو زين. خيبة أمل كبيرة بصراحة.,negative
ما أنصح أحد يروح مطعم البرجر. الحلا كان طعمه غريب ومو طازج. الترتيب الداخلي مزدحم وصوته عالي جدا. تعامل النادل كانت سيئة جدا وبطيئة. السعر مبالغ فيها بشكل غير منطقي. تجربة محبطة من كل النواحي.,negative
كنت مع أصحابي في المطعم اللي جربناه والتجربة كانت زفت. سرعة التقديم كانت غير محترفة أبدا. الديكور قديم ومهمل. البرجر ما كان فيه أي نكهة تذكر. قيمة الفلوس مقابل الأكل غالية جدا مقابل الجودة الرديئة. تقييمي واحد من خمسة، للأسف.,negative
زرنا المطعم اللي جربناه أمس وندمنا. الأسعار مقارنة بالكمية كانت صادمة مقارنة بمستوى الأكل. الأرز كانت الكمية قليلة جدا مقابل السعر. تعامل النادل ما كان فيها أي اهتمام بالزبون. بصراحة ما راح أرجع مرة ثانية.,negative
مطعم المأكولات البحرية ما يستاهل كل هالمديح اللي أسمعه. تعامل النادل أخذت وقت طويل جدا بدون داعي. الحلا كانت الكمية قليلة جدا مقابل السعر. بصراحة ما راح أرجع مرة ثانية.,negative
كنت مع أصحابي في مطعم البيتزا والتجربة كانت زفت. الوجبة كان بارد وطعمه مو زين. الأجواء صغير وغير مريح للجلوس. الخدمة كانت مستفزة، الموظفين متضايقين وغير متعاونين. السعر مبالغ فيها بشكل غير منطقي. ما أنصح أي أحد يجرب هالمكان.,negative
زرت مطعم البرجر مع العائلة وكانت تجربة سيئة. الأرز ما كان فيه أي نكهة تذكر. تعامل النادل ما كان فيها أي اهتمام بالزبون. الأجواء مزدحم وصوته عالي جدا. أضعت وقتي وفلوسي على هالمطعم.,negative
للأسف مطعم الفطور تحت المستوى. قيمة الفلوس مقابل الأكل كانت صادمة مقارنة بمستوى الأكل. سرعة التقديم كانت سيئة جدا وبطيئة. الوجبة كان جاهز مب طازج، حسيته مجمد. أضعت وقتي وفلوسي على هالمطعم.,negative
زرنا المطعم الجديد أمس وندمنا. الخدمة بشكل عام كانت سيئة جدا وبطيئة. السلطة كان مالح زيادة ومحروق شوي. الأسعار مقارنة بالكمية ما تستاهل أبدا الكمية والجودة المقدمة. النظافة قديم ومهمل. تقييمي واحد من خمسة، للأسف.,negative
بصراحة المكان خيب أملي. الخدمة كانت غير محترفة أبدا. السلطة كانت الكمية قليلة جدا مقابل السعر. الجو العام مزدحم وصوته عالي جدا. أضعت وقتي وفلوسي على هالمطعم.,negative
للأسف المطعم اللي جربناه تحت المستوى. السعر كانت صادمة مقارنة بمستوى الأكل. البيتزا كان جاهز مب طازج، حسيته مجمد. الخدمة ما كان فيها أي اهتمام بالزبون. خيبة أمل كبيرة بصراحة.,negative
مطعم البيتزا ما يستاهل كل هالمديح اللي أسمعه. الأسعار كانت صادمة مقارنة بمستوى الأكل. تعامل النادل ما كان فيها أي اهتمام بالزبون. المقبلات كان بارد وطعمه مو زين. خيبة أمل كبيرة بصراحة.,negative
زرنا مطعم الفطور أمس وندمنا. الوجبة وصل متأخر وكان بارد. السعر مبالغ فيها بشكل غير منطقي. مو التجربة اللي توقعتها أبدا.,negative
بصراحة المطعم خيب أملي. استقبال الموظفين أخذت وقت طويل جدا بدون داعي. الأكل كان بارد وطعمه مو زين. الديكور صغير وغير مريح للجلوس. ما أنصح أي أحد يجرب هالمكان.,negative
جربنا مطعم الأكل الإيطالي أول مرة وللأسف ما عجبنا. تعامل النادل كانت مستفزة، الموظفين متضايقين وغير متعاونين. الأصناف اللي طلبناها كان طعمه غريب ومو طازج. السعر كانت صادمة مقارنة بمستوى الأكل. مو التجربة اللي توقعتها أبدا.,negative
زرت مطعم البيتزا مع العائلة وكانت تجربة سيئة. الوجبة كانت الكمية قليلة جدا مقابل السعر. الأجواء مزدحم وصوته عالي جدا. تقييمي واحد من خمسة، للأسف.,negative
تجربتنا في مطعم المشويات كانت محبطة. الوجبة الرئيسية كانت الكمية قليلة جدا مقابل السعر. سرعة التقديم أخذت وقت طويل جدا بدون داعي. الأسعار ما تستاهل أبدا الكمية والجودة المقدمة. للأسف المكان لا يستاهل حتى زيارة واحدة.,negative
تجربتنا في مطعم المشويات كانت محبطة. الأكل كانت الكمية قليلة جدا مقابل السعر. الجو العام قديم ومهمل. استقبال الموظفين كانت سيئة جدا وبطيئة. السعر غالية جدا مقابل الجودة الرديئة. تجربة محبطة من كل النواحي.,negative
جربنا الكافيه أول مرة وللأسف ما عجبنا. الأجواء مزدحم وصوته عالي جدا. الأسعار مقارنة بالكمية ما تستاهل أبدا الكمية والجودة المقدمة. العصائر ما كان فيه أي نكهة تذكر. مو التجربة اللي توقعتها أبدا.,negative
ما أنصح أحد يروح المطعم. الوجبة الرئيسية كان جاهز مب طازج، حسيته مجمد. استقبال الموظفين كانت سيئة جدا وبطيئة. أضعت وقتي وفلوسي على هالمطعم.,negative
ما أنصح أحد يروح الكافيه. الطعام كان مالح زيادة ومحروق شوي. تعامل النادل أخذت وقت طويل جدا بدون داعي. أضعت وقتي وفلوسي على هالمطعم.,negative
تجربتنا في المكان كانت محبطة. الجو العام قديم ومهمل. الخدمة بشكل عام أخذت وقت طويل جدا بدون داعي. الأصناف اللي طلبناها وصل متأخر وكان بارد. خيبة أمل كبيرة بصراحة.,negative
زرنا المطعم اللي جربناه أمس وندمنا. الأكل كان طعمه غريب ومو طازج. السعر كانت صادمة مقارنة بمستوى الأكل. الخدمة أخذت وقت طويل جدا بدون داعي. أضعت وقتي وفلوسي على هالمطعم.,negative
من أسوأ تجاربي مع المطعم الشعبي. سرعة التقديم أخذت وقت طويل جدا بدون داعي. الطعام كان طعمه غريب ومو طازج. تقييمي واحد من خمسة، للأسف.,negative
كنت مع أصحابي في مطعم البيتزا والتجربة كانت زفت. السعر مبالغ فيها بشكل غير منطقي. المقبلات كان طعمه غريب ومو طازج. سرعة التقديم كانت غير محترفة أبدا. مو التجربة اللي توقعتها أبدا.,negative
زرت مطعم الفطور مع العائلة وكانت تجربة سيئة. الأسعار مقارنة بالكمية مبالغ فيها بشكل غير منطقي. المقبلات كان مالح زيادة ومحروق شوي. الخدمة بشكل عام أخذت وقت طويل جدا بدون داعي. مو التجربة اللي توقعتها أبدا.,negative
تجربتنا في مطعم البرجر كانت محبطة. الترتيب الداخلي مزدحم وصوته عالي جدا. تعامل النادل أخذت وقت طويل جدا بدون داعي. الحلا كان دون المستوى المتوقع بكثير. تقييمي واحد من خمسة، للأسف.,negative
زرت المطعم الجديد مع العائلة وكانت تجربة سيئة. العصائر ما كان فيه أي نكهة تذكر. الترتيب الداخلي قديم ومهمل. سرعة التقديم أخذت وقت طويل جدا بدون داعي. قيمة الفلوس مقابل الأكل مبالغ فيها بشكل غير منطقي. خيبة أمل كبيرة بصراحة.,negative
ما أنصح أحد يروح مطعم المأكولات البحرية. الأصناف اللي طلبناها وصل متأخر وكان بارد. تعامل النادل أخذت وقت طويل جدا بدون داعي. خيبة أمل كبيرة بصراحة.,negative
بصراحة مطعم الفطور خيب أملي. تعامل النادل أخذت وقت طويل جدا بدون داعي. السعر ما تستاهل أبدا الكمية والجودة المقدمة. السلطة كان طعمه غريب ومو طازج. تقييمي واحد من خمسة، للأسف.,negative
زرت مطعم البيتزا مع العائلة وكانت تجربة سيئة. تعامل النادل كانت سيئة جدا وبطيئة. المكان صغير وغير مريح للجلوس. الحلا كان دون المستوى المتوقع بكثير. الأسعار ما تستاهل أبدا الكمية والجودة المقدمة. أضعت وقتي وفلوسي على هالمطعم.,negative
زرنا المطعم الشعبي أمس وندمنا. البيتزا كانت الكمية قليلة جدا مقابل السعر. الأسعار ما تستاهل أبدا الكمية والجودة المقدمة. للأسف المكان لا يستاهل حتى زيارة واحدة.,negative
زرت مطعم المأكولات البحرية مع العائلة وكانت تجربة سيئة. البرجر كان بارد وطعمه مو زين. قيمة الفلوس مقابل الأكل ما تستاهل أبدا الكمية والجودة المقدمة. الخدمة بشكل عام كانت مستفزة، الموظفين متضايقين وغير متعاونين. مو التجربة اللي توقعتها أبدا.,negative
من أسوأ تجاربي مع المكان. تعامل النادل أخذت وقت طويل جدا بدون داعي. المقبلات ما كان فيه أي نكهة تذكر. قيمة الفلوس مقابل الأكل غالية جدا مقابل الجودة الرديئة. أضعت وقتي وفلوسي على هالمطعم.,negative
زرنا مطعم البيتزا أمس وندمنا. استقبال الموظفين أخذت وقت طويل جدا بدون داعي. قيمة الفلوس مقابل الأكل كانت صادمة مقارنة بمستوى الأكل. الأكل كان بارد وطعمه مو زين. أضعت وقتي وفلوسي على هالمطعم.,negative
زرت مطعم الأكل الإيطالي مع العائلة وكانت تجربة سيئة. الخدمة ما كان فيها أي اهتمام بالزبون. العصائر كانت الكمية قليلة جدا مقابل السعر. الأسعار مقارنة بالكمية ما تستاهل أبدا الكمية والجودة المقدمة. بصراحة ما راح أرجع مرة ثانية.,negative
بصراحة الكافيه خيب أملي. استقبال الموظفين أخذت وقت طويل جدا بدون داعي. المشاوي كان دون المستوى المتوقع بكثير. الجو العام مزدحم وصوته عالي جدا. تجربة محبطة من كل النواحي.,negative
للأسف مطعم المشويات تحت المستوى. الأسعار مقارنة بالكمية كانت صادمة مقارنة بمستوى الأكل. الخدمة بشكل عام كانت سيئة جدا وبطيئة. النظافة صغير وغير مريح للجلوس. الطعام كان جاهز مب طازج، حسيته مجمد. تقييمي واحد من خمسة، للأسف.,negative
الفرع ما يستاهل كل هالمديح اللي أسمعه. تعامل النادل ما كان فيها أي اهتمام بالزبون. الأرز كان طعمه غريب ومو طازج. النظافة مزدحم وصوته عالي جدا. قيمة الفلوس مقابل الأكل مبالغ فيها بشكل غير منطقي. ما أنصح أي أحد يجرب هالمكان.,negative
كنت مع أصحابي في مطعم المأكولات البحرية والتجربة كانت زفت. الأكل ما كان فيه أي نكهة تذكر. السعر مبالغ فيها بشكل غير منطقي. سرعة التقديم أخذت وقت طويل جدا بدون داعي. أضعت وقتي وفلوسي على هالمطعم.,negative
ما أنصح أحد يروح المطعم. استقبال الموظفين كانت سيئة جدا وبطيئة. الأسعار مقارنة بالكمية كانت صادمة مقارنة بمستوى الأكل. الطعام كان دون المستوى المتوقع بكثير. خيبة أمل كبيرة بصراحة.,negative
زرنا الكافيه أمس وندمنا. الحلا ما كان فيه أي نكهة تذكر. ما أنصح أي أحد يجرب هالمكان.,negative
زرت مطعم المأكولات البحرية مع العائلة وكانت تجربة سيئة. العصائر كان بارد وطعمه مو زين. استقبال الموظفين كانت مستفزة، الموظفين متضايقين وغير متعاونين. قيمة الفلوس مقابل الأكل غالية جدا مقابل الجودة الرديئة. بصراحة ما راح أرجع مرة ثانية.,negative
كنت مع أصحابي في المطعم اللي جربناه والتجربة كانت زفت. الترتيب الداخلي صغير وغير مريح للجلوس. الأكل كان جاهز مب طازج، حسيته مجمد. تجربة محبطة من كل النواحي.,negative
بصراحة المطعم خيب أملي. البيتزا ما كان فيه أي نكهة تذكر. السعر غالية جدا مقابل الجودة الرديئة. للأسف المكان لا يستاهل حتى زيارة واحدة.,negative
للأسف المطعم الجديد تحت المستوى. النظافة صغير وغير مريح للجلوس. سرعة التقديم ما كان فيها أي اهتمام بالزبون. قيمة الفلوس مقابل الأكل كانت صادمة مقارنة بمستوى الأكل. الحلا كان طعمه غريب ومو طازج. بصراحة ما راح أرجع مرة ثانية.,negative
زرت مطعم الوجبات السريعة مع العائلة وكانت تجربة سيئة. سرعة التقديم كانت مستفزة، الموظفين متضايقين وغير متعاونين. الترتيب الداخلي مزدحم وصوته عالي جدا. السلطة ما كان فيه أي نكهة تذكر. الأسعار غالية جدا مقابل الجودة الرديئة. تجربة محبطة من كل النواحي.,negative
من أسوأ تجاربي مع مطعم البرجر. الأكل كان دون المستوى المتوقع بكثير. استقبال الموظفين أخذت وقت طويل جدا بدون داعي. الأجواء صغير وغير مريح للجلوس. الأسعار غالية جدا مقابل الجودة الرديئة. خيبة أمل كبيرة بصراحة.,negative
زرت مطعم المشويات مع العائلة وكانت تجربة سيئة. المكان غير نظيف وفيه روائح مب مريحة. الأسعار كانت صادمة مقارنة بمستوى الأكل. العصائر كان دون المستوى المتوقع بكثير. استقبال الموظفين كانت سيئة جدا وبطيئة. للأسف المكان لا يستاهل حتى زيارة واحدة.,negative
تجربتنا في المطعم اللي جربناه كانت محبطة. استقبال الموظفين ما كان فيها أي اهتمام بالزبون. السعر غالية جدا مقابل الجودة الرديئة. الحلا كان طعمه غريب ومو طازج. بصراحة ما راح أرجع مرة ثانية.,negative
جربنا الفرع أول مرة وللأسف ما عجبنا. الديكور مزدحم وصوته عالي جدا. الأصناف اللي طلبناها كان جاهز مب طازج، حسيته مجمد. قيمة الفلوس مقابل الأكل مبالغ فيها بشكل غير منطقي. تعامل النادل ما كان فيها أي اهتمام بالزبون. تجربة محبطة من كل النواحي.,negative
زرت الكافيه مع العائلة وكانت تجربة سيئة. البيتزا كان مالح زيادة ومحروق شوي. تعامل النادل كانت سيئة جدا وبطيئة. تجربة محبطة من كل النواحي.,negative
زرت مطعم البرجر مع العائلة وكانت تجربة سيئة. تعامل النادل كانت سيئة جدا وبطيئة. البيتزا كان مالح زيادة ومحروق شوي. قيمة الفلوس مقابل الأكل كانت صادمة مقارنة بمستوى الأكل. تقييمي واحد من خمسة، للأسف.,negative
من أسوأ تجاربي مع الكافيه. النظافة صغير وغير مريح للجلوس. السلطة وصل متأخر وكان بارد. خيبة أمل كبيرة بصراحة.,negative
ما أنصح أحد يروح المطعم الجديد. الخدمة أخذت وقت طويل جدا بدون داعي. الحلا ما كان فيه أي نكهة تذكر. الجو العام غير نظيف وفيه روائح مب مريحة. السعر غالية جدا مقابل الجودة الرديئة. مو التجربة اللي توقعتها أبدا.,negative
من أسوأ تجاربي مع المطعم اللي جربناه. البرجر وصل متأخر وكان بارد. تعامل النادل أخذت وقت طويل جدا بدون داعي. الأسعار مقارنة بالكمية غالية جدا مقابل الجودة الرديئة. ما أنصح أي أحد يجرب هالمكان.,negative
من أسوأ تجاربي مع المكان. الأجواء غير نظيف وفيه روائح مب مريحة. الطعام ما كان فيه أي نكهة تذكر. بصراحة ما راح أرجع مرة ثانية.,negative
كنت مع أصحابي في الكافيه والتجربة كانت زفت. المشاوي وصل متأخر وكان بارد. الخدمة بشكل عام أخذت وقت طويل جدا بدون داعي. أضعت وقتي وفلوسي على هالمطعم.,negative
زرت مطعم الفطور مع العائلة وكانت تجربة سيئة. الأسعار مقارنة بالكمية ما تستاهل أبدا الكمية والجودة المقدمة. الترتيب الداخلي صغير وغير مريح للجلوس. استقبال الموظفين كانت سيئة جدا وبطيئة. العصائر كان مالح زيادة ومحروق شوي. خيبة أمل كبيرة بصراحة.,negative
زرت المطعم مع العائلة وكانت تجربة سيئة. استقبال الموظفين كانت سيئة جدا وبطيئة. البيتزا كان مالح زيادة ومحروق شوي. للأسف المكان لا يستاهل حتى زيارة واحدة.,negative
زرنا مطعم الفطور أمس وندمنا. الوجبة كان دون المستوى المتوقع بكثير. تعامل النادل كانت سيئة جدا وبطيئة. قيمة الفلوس مقابل الأكل كانت صادمة مقارنة بمستوى الأكل. الجو العام غير نظيف وفيه روائح مب مريحة. للأسف المكان لا يستاهل حتى زيارة واحدة.,negative
تجربتنا في الكافيه كانت محبطة. تعامل النادل كانت غير محترفة أبدا. المشاوي كان بارد وطعمه مو زين. تجربة محبطة من كل النواحي.,negative
جربنا مطعم المشويات أول مرة وللأسف ما عجبنا. استقبال الموظفين ما كان فيها أي اهتمام بالزبون. الوجبة الرئيسية كان طعمه غريب ومو طازج. السعر ما تستاهل أبدا الكمية والجودة المقدمة. تجربة محبطة من كل النواحي.,negative
جربنا مطعم المشويات أول مرة وللأسف ما عجبنا. سرعة التقديم كانت غير محترفة أبدا. العصائر كان جاهز مب طازج، حسيته مجمد. أضعت وقتي وفلوسي على هالمطعم.,negative
جربنا الفرع أول مرة وللأسف ما عجبنا. الأسعار ما تستاهل أبدا الكمية والجودة المقدمة. الوجبة الرئيسية كان مالح زيادة ومحروق شوي. تعامل النادل ما كان فيها أي اهتمام بالزبون. الديكور قديم ومهمل. للأسف المكان لا يستاهل حتى زيارة واحدة.,negative
المطعم الشعبي ما يستاهل كل هالمديح اللي أسمعه. الطعام كان جاهز مب طازج، حسيته مجمد. تجربة محبطة من كل النواحي.,negative
جربنا المطعم الجديد أول مرة وللأسف ما عجبنا. العصائر كانت الكمية قليلة جدا مقابل السعر. الخدمة بشكل عام كانت مستفزة، الموظفين متضايقين وغير متعاونين. الترتيب الداخلي صغير وغير مريح للجلوس. بصراحة ما راح أرجع مرة ثانية.,negative
تجربتنا في مطعم المأكولات البحرية كانت محبطة. النظافة مزدحم وصوته عالي جدا. الحلا كانت الكمية قليلة جدا مقابل السعر. سرعة التقديم كانت غير محترفة أبدا. خيبة أمل كبيرة بصراحة.,negative
تجربتنا في مطعم البيتزا كانت محبطة. الأسعار غالية جدا مقابل الجودة الرديئة. سرعة التقديم كانت سيئة جدا وبطيئة. الطعام كان جاهز مب طازج، حسيته مجمد. تجربة محبطة من كل النواحي.,negative
تجربتنا في الكافيه كانت محبطة. الطعام كان مالح زيادة ومحروق شوي. بصراحة ما راح أرجع مرة ثانية.,negative
كنت مع أصحابي في مطعم البيتزا والتجربة كانت زفت. الخدمة كانت غير محترفة أبدا. الوجبة كان جاهز مب طازج، حسيته مجمد. الترتيب الداخلي مزدحم وصوته عالي جدا. بصراحة ما راح أرجع مرة ثانية.,negative
ما أنصح أحد يروح مطعم المشويات. استقبال الموظفين أخذت وقت طويل جدا بدون داعي. السلطة كان طعمه غريب ومو طازج. الأسعار مقارنة بالكمية كانت صادمة مقارنة بمستوى الأكل. الجو العام مزدحم وصوته عالي جدا. أضعت وقتي وفلوسي على هالمطعم.,negative
جربنا المطعم الشعبي أول مرة وللأسف ما عجبنا. الديكور قديم ومهمل. قيمة الفلوس مقابل الأكل كانت صادمة مقارنة بمستوى الأكل. الخدمة بشكل عام أخذت وقت طويل جدا بدون داعي. البيتزا كان جاهز مب طازج، حسيته مجمد. خيبة أمل كبيرة بصراحة.,negative
كنت مع أصحابي في مطعم البيتزا والتجربة كانت زفت. النظافة مزدحم وصوته عالي جدا. الخدمة كانت غير محترفة أبدا. الأسعار مبالغ فيها بشكل غير منطقي. الأرز كانت الكمية قليلة جدا مقابل السعر. أضعت وقتي وفلوسي على هالمطعم.,negative
جربنا المطعم الجديد أول مرة وللأسف ما عجبنا. البرجر ما كان فيه أي نكهة تذكر. سرعة التقديم كانت سيئة جدا وبطيئة. الجو العام قديم ومهمل. قيمة الفلوس مقابل الأكل ما تستاهل أبدا الكمية والجودة المقدمة. أضعت وقتي وفلوسي على هالمطعم.,negative
زرنا الكافيه أمس وندمنا. الخدمة ما كان فيها أي اهتمام بالزبون. البرجر وصل متأخر وكان بارد. ما أنصح أي أحد يجرب هالمكان.,negative
للأسف مطعم البرجر تحت المستوى. الأسعار كانت صادمة مقارنة بمستوى الأكل. المشاوي ما كان فيه أي نكهة تذكر. الأجواء غير نظيف وفيه روائح مب مريحة. ما أنصح أي أحد يجرب هالمكان.,negative
زرت المكان مع العائلة وكانت تجربة سيئة. الجو العام قديم ومهمل. المقبلات كان طعمه غريب ومو طازج. قيمة الفلوس مقابل الأكل كانت صادمة مقارنة بمستوى الأكل. تجربة محبطة من كل النواحي.,negative
جربنا مطعم الأكل الإيطالي أول مرة وللأسف ما عجبنا. الوجبة كان مالح زيادة ومحروق شوي. تعامل النادل أخذت وقت طويل جدا بدون داعي. الجو العام مزدحم وصوته عالي جدا. للأسف المكان لا يستاهل حتى زيارة واحدة.,negative
كنت مع أصحابي في المطعم الشعبي والتجربة كانت زفت. الخدمة بشكل عام كانت مستفزة، الموظفين متضايقين وغير متعاونين. الطعام كان بارد وطعمه مو زين. النظافة صغير وغير مريح للجلوس. مو التجربة اللي توقعتها أبدا.,negative
جربنا المطعم الجديد أول مرة وللأسف ما عجبنا. الوجبة كان مالح زيادة ومحروق شوي. الديكور مزدحم وصوته عالي جدا. الخدمة بشكل عام كانت سيئة جدا وبطيئة. أضعت وقتي وفلوسي على هالمطعم.,negative
زرت المطعم اللي جربناه مع العائلة وكانت تجربة سيئة. البرجر كان مالح زيادة ومحروق شوي. النظافة صغير وغير مريح للجلوس. استقبال الموظفين كانت غير محترفة أبدا. الأسعار مقارنة بالكمية كانت صادمة مقارنة بمستوى الأكل. تجربة محبطة من كل النواحي.,negative
كنت مع أصحابي في مطعم الفطور والتجربة كانت زفت. البرجر كان طعمه غريب ومو طازج. النظافة غير نظيف وفيه روائح مب مريحة. السعر كانت صادمة مقارنة بمستوى الأكل. سرعة التقديم كانت سيئة جدا وبطيئة. للأسف المكان لا يستاهل حتى زيارة واحدة.,negative
بصراحة مطعم الأكل الإيطالي خيب أملي. تعامل النادل كانت مستفزة، الموظفين متضايقين وغير متعاونين. الديكور مزدحم وصوته عالي جدا. الأسعار كانت صادمة مقارنة بمستوى الأكل. الوجبة الرئيسية كان مالح زيادة ومحروق شوي. للأسف المكان لا يستاهل حتى زيارة واحدة.,negative
زرت مطعم الفطور مع العائلة وكانت تجربة سيئة. الخدمة بشكل عام أخذت وقت طويل جدا بدون داعي. الأصناف اللي طلبناها كان بارد وطعمه مو زين. قيمة الفلوس مقابل الأكل غالية جدا مقابل الجودة الرديئة. أضعت وقتي وفلوسي على هالمطعم.,negative
ما أنصح أحد يروح مطعم المأكولات البحرية. الخدمة بشكل عام ما كان فيها أي اهتمام بالزبون. العصائر كان بارد وطعمه مو زين. الترتيب الداخلي مزدحم وصوته عالي جدا. تقييمي واحد من خمسة، للأسف.,negative
جربنا المطعم الجديد أول مرة وللأسف ما عجبنا. الوجبة كانت الكمية قليلة جدا مقابل السعر. تعامل النادل كانت سيئة جدا وبطيئة. أضعت وقتي وفلوسي على هالمطعم.,negative
مطعم البيتزا ما يستاهل كل هالمديح اللي أسمعه. البيتزا كان دون المستوى المتوقع بكثير. الأسعار مقارنة بالكمية غالية جدا مقابل الجودة الرديئة. استقبال الموظفين أخذت وقت طويل جدا بدون داعي. الجو العام قديم ومهمل. ما أنصح أي أحد يجرب هالمكان.,negative
مطعم البرجر ما يستاهل كل هالمديح اللي أسمعه. البيتزا وصل متأخر وكان بارد. استقبال الموظفين أخذت وقت طويل جدا بدون داعي. للأسف المكان لا يستاهل حتى زيارة واحدة.,negative
زرنا المطعم الشعبي أمس وندمنا. تعامل النادل ما كان فيها أي اهتمام بالزبون. قيمة الفلوس مقابل الأكل غالية جدا مقابل الجودة الرديئة. الحلا كان جاهز مب طازج، حسيته مجمد. بصراحة ما راح أرجع مرة ثانية.,negative
من أسوأ تجاربي مع مطعم الفطور. الحلا كان طعمه غريب ومو طازج. الخدمة أخذت وقت طويل جدا بدون داعي. المكان صغير وغير مريح للجلوس. بصراحة ما راح أرجع مرة ثانية.,negative
المطعم اللي جربناه ما يستاهل كل هالمديح اللي أسمعه. المقبلات كان بارد وطعمه مو زين. أضعت وقتي وفلوسي على هالمطعم.,negative
جربنا مطعم الوجبات السريعة أول مرة وللأسف ما عجبنا. الخدمة بشكل عام ما كان فيها أي اهتمام بالزبون. الأصناف اللي طلبناها كان دون المستوى المتوقع بكثير. أضعت وقتي وفلوسي على هالمطعم.,negative
ما أنصح أحد يروح المطعم اللي جربناه. الأصناف اللي طلبناها كان مالح زيادة ومحروق شوي. سرعة التقديم أخذت وقت طويل جدا بدون داعي. المكان صغير وغير مريح للجلوس. أضعت وقتي وفلوسي على هالمطعم.,negative
كنت مع أصحابي في المطعم الجديد والتجربة كانت زفت. الأرز كان طعمه غريب ومو طازج. النظافة غير نظيف وفيه روائح مب مريحة. أضعت وقتي وفلوسي على هالمطعم.,negative
جربنا مطعم البيتزا أول مرة وللأسف ما عجبنا. تعامل النادل كانت مستفزة، الموظفين متضايقين وغير متعاونين. الأكل ما كان فيه أي نكهة تذكر. بصراحة ما راح أرجع مرة ثانية.,negative
زرنا مطعم الوجبات السريعة أمس وندمنا. الجو العام قديم ومهمل. السلطة كان مالح زيادة ومحروق شوي. الأسعار مقارنة بالكمية ما تستاهل أبدا الكمية والجودة المقدمة. خيبة أمل كبيرة بصراحة.,negative
زرت مطعم الفطور مع العائلة وكانت تجربة سيئة. المشاوي كان مالح زيادة ومحروق شوي. النظافة مزدحم وصوته عالي جدا. السعر ما تستاهل أبدا الكمية والجودة المقدمة. سرعة التقديم ما كان فيها أي اهتمام بالزبون. بصراحة ما راح أرجع مرة ثانية.,negative
ما أنصح أحد يروح مطعم البيتزا. قيمة الفلوس مقابل الأكل كانت صادمة مقارنة بمستوى الأكل. تعامل النادل كانت سيئة جدا وبطيئة. المقبلات كان مالح زيادة ومحروق شوي. أضعت وقتي وفلوسي على هالمطعم.,negative
جربنا مطعم البيتزا أول مرة وللأسف ما عجبنا. الأسعار مقارنة بالكمية ما تستاهل أبدا الكمية والجودة المقدمة. سرعة التقديم كانت سيئة جدا وبطيئة. العصائر كان جاهز مب طازج، حسيته مجمد. ما أنصح أي أحد يجرب هالمكان.,negative
ما أنصح أحد يروح مطعم المشويات. الأرز كان دون المستوى المتوقع بكثير. سرعة التقديم كانت غير محترفة أبدا. تجربة محبطة من كل النواحي.,negative
زرنا مطعم المأكولات البحرية أمس وندمنا. الأسعار مبالغ فيها بشكل غير منطقي. المكان صغير وغير مريح للجلوس. الأرز كان بارد وطعمه مو زين. سرعة التقديم كانت سيئة جدا وبطيئة. تقييمي واحد من خمسة، للأسف.,negative
تجربتنا في مطعم المأكولات البحرية كانت محبطة. سرعة التقديم كانت مستفزة، الموظفين متضايقين وغير متعاونين. قيمة الفلوس مقابل الأكل ما تستاهل أبدا الكمية والجودة المقدمة. الأكل كان دون المستوى المتوقع بكثير. مو التجربة اللي توقعتها أبدا.,negative
كنت مع أصحابي في مطعم البرجر والتجربة كانت زفت. الخدمة بشكل عام كانت غير محترفة أبدا. العصائر كان دون المستوى المتوقع بكثير. النظافة صغير وغير مريح للجلوس. للأسف المكان لا يستاهل حتى زيارة واحدة.,negative
للأسف المطعم الشعبي تحت المستوى. الأكل ما كان فيه أي نكهة تذكر. سرعة التقديم ما كان فيها أي اهتمام بالزبون. الأجواء مزدحم وصوته عالي جدا. مو التجربة اللي توقعتها أبدا.,negative
تجربتنا في المكان كانت محبطة. الأصناف اللي طلبناها كان دون المستوى المتوقع بكثير. استقبال الموظفين كانت مستفزة، الموظفين متضايقين وغير متعاونين. الأسعار مقارنة بالكمية ما تستاهل أبدا الكمية والجودة المقدمة. مو التجربة اللي توقعتها أبدا.,negative
زرت المطعم مع العائلة وكانت تجربة سيئة. العصائر كان دون المستوى المتوقع بكثير. الأسعار كانت صادمة مقارنة بمستوى الأكل. استقبال الموظفين ما كان فيها أي اهتمام بالزبون. للأسف المكان لا يستاهل حتى زيارة واحدة.,negative
زرت الفرع مع العائلة وكانت تجربة سيئة. الوجبة كان مالح زيادة ومحروق شوي. السعر مبالغ فيها بشكل غير منطقي. الخدمة بشكل عام كانت مستفزة، الموظفين متضايقين وغير متعاونين. بصراحة ما راح أرجع مرة ثانية.,negative
ما أنصح أحد يروح المطعم. استقبال الموظفين كانت مستفزة، الموظفين متضايقين وغير متعاونين. قيمة الفلوس مقابل الأكل ما تستاهل أبدا الكمية والجودة المقدمة. السلطة كان مالح زيادة ومحروق شوي. خيبة أمل كبيرة بصراحة.,negative
بصراحة المطعم خيب أملي. البيتزا كانت الكمية قليلة جدا مقابل السعر. الخدمة بشكل عام أخذت وقت طويل جدا بدون داعي. تجربة محبطة من كل النواحي.,negative
تجربتنا في الكافيه كانت محبطة. الترتيب الداخلي غير نظيف وفيه روائح مب مريحة. الخدمة بشكل عام كانت سيئة جدا وبطيئة. السعر مبالغ فيها بشكل غير منطقي. المقبلات كان دون المستوى المتوقع بكثير. ما أنصح أي أحد يجرب هالمكان.,negative
زرت المكان مع العائلة وكانت تجربة سيئة. الديكور صغير وغير مريح للجلوس. المقبلات وصل متأخر وكان بارد. سرعة التقديم كانت سيئة جدا وبطيئة. أضعت وقتي وفلوسي على هالمطعم.,negative
من أسوأ تجاربي مع مطعم المأكولات البحرية. الترتيب الداخلي قديم ومهمل. الخدمة بشكل عام كانت سيئة جدا وبطيئة. قيمة الفلوس مقابل الأكل كانت صادمة مقارنة بمستوى الأكل. الطعام كان بارد وطعمه مو زين. ما أنصح أي أحد يجرب هالمكان.,negative
جربنا مطعم الأكل الإيطالي أول مرة وللأسف ما عجبنا. الخدمة كانت مستفزة، الموظفين متضايقين وغير متعاونين. الديكور مزدحم وصوته عالي جدا. الأرز كانت الكمية قليلة جدا مقابل السعر. الأسعار مقارنة بالكمية كانت صادمة مقارنة بمستوى الأكل. بصراحة ما راح أرجع مرة ثانية.,negative
من أسوأ تجاربي مع الكافيه. قيمة الفلوس مقابل الأكل كانت صادمة مقارنة بمستوى الأكل. سرعة التقديم كانت سيئة جدا وبطيئة. البيتزا كان بارد وطعمه مو زين. للأسف المكان لا يستاهل حتى زيارة واحدة.,negative
تجربتنا في مطعم الوجبات السريعة كانت محبطة. الخدمة كانت سيئة جدا وبطيئة. المقبلات وصل متأخر وكان بارد. الأسعار كانت صادمة مقارنة بمستوى الأكل. الجو العام مزدحم وصوته عالي جدا. خيبة أمل كبيرة بصراحة.,negative
من أسوأ تجاربي مع مطعم الأكل الإيطالي. النظافة قديم ومهمل. الأسعار مقارنة بالكمية كانت صادمة مقارنة بمستوى الأكل. الخدمة كانت مستفزة، الموظفين متضايقين وغير متعاونين. المقبلات كانت الكمية قليلة جدا مقابل السعر. تجربة محبطة من كل النواحي.,negative
ما أنصح أحد يروح المطعم الجديد. الحلا كان مالح زيادة ومحروق شوي. الأسعار مقارنة بالكمية غالية جدا مقابل الجودة الرديئة. تعامل النادل كانت غير محترفة أبدا. للأسف المكان لا يستاهل حتى زيارة واحدة.,negative
ما أنصح أحد يروح مطعم الأكل الإيطالي. الجو العام قديم ومهمل. الطعام كان دون المستوى المتوقع بكثير. الخدمة بشكل عام ما كان فيها أي اهتمام بالزبون. تجربة محبطة من كل النواحي.,negative
بصراحة مطعم المشويات خيب أملي. الترتيب الداخلي غير نظيف وفيه روائح مب مريحة. السلطة ما كان فيه أي نكهة تذكر. سرعة التقديم أخذت وقت طويل جدا بدون داعي. الأسعار غالية جدا مقابل الجودة الرديئة. بصراحة ما راح أرجع مرة ثانية.,negative
بصراحة مطعم الفطور خيب أملي. سرعة التقديم كانت سيئة جدا وبطيئة. الترتيب الداخلي مزدحم وصوته عالي جدا. السلطة كان دون المستوى المتوقع بكثير. تقييمي واحد من خمسة، للأسف.,negative
بصراحة مطعم الوجبات السريعة خيب أملي. الجو العام قديم ومهمل. تعامل النادل كانت غير محترفة أبدا. المشاوي كانت الكمية قليلة جدا مقابل السعر. للأسف المكان لا يستاهل حتى زيارة واحدة.,negative
جربنا مطعم الوجبات السريعة أول مرة وللأسف ما عجبنا. الوجبة الرئيسية كان بارد وطعمه مو زين. استقبال الموظفين أخذت وقت طويل جدا بدون داعي. الأسعار مقارنة بالكمية مبالغ فيها بشكل غير منطقي. للأسف المكان لا يستاهل حتى زيارة واحدة.,negative
زرنا الكافيه أمس وندمنا. استقبال الموظفين ما كان فيها أي اهتمام بالزبون. الأجواء مزدحم وصوته عالي جدا. قيمة الفلوس مقابل الأكل كانت صادمة مقارنة بمستوى الأكل. الوجبة الرئيسية كان دون المستوى المتوقع بكثير. خيبة أمل كبيرة بصراحة.,negative
ما أنصح أحد يروح الفرع. المقبلات كان بارد وطعمه مو زين. استقبال الموظفين أخذت وقت طويل جدا بدون داعي. مو التجربة اللي توقعتها أبدا.,negative
ما أنصح أحد يروح مطعم البيتزا. البرجر كان طعمه غريب ومو طازج. مو التجربة اللي توقعتها أبدا.,negative
جربنا مطعم المأكولات البحرية أول مرة وللأسف ما عجبنا. سرعة التقديم كانت سيئة جدا وبطيئة. الطعام كان دون المستوى المتوقع بكثير. تجربة محبطة من كل النواحي.,negative
زرت الكافيه مع العائلة وكانت تجربة سيئة. البرجر كان دون المستوى المتوقع بكثير. تقييمي واحد من خمسة، للأسف.,negative
للأسف مطعم الفطور تحت المستوى. الأسعار كانت صادمة مقارنة بمستوى الأكل. الخدمة ما كان فيها أي اهتمام بالزبون. المشاوي كان طعمه غريب ومو طازج. أضعت وقتي وفلوسي على هالمطعم.,negative
جربنا مطعم الأكل الإيطالي أول مرة وللأسف ما عجبنا. الأكل كان جاهز مب طازج، حسيته مجمد. الخدمة بشكل عام كانت غير محترفة أبدا. الترتيب الداخلي قديم ومهمل. ما أنصح أي أحد يجرب هالمكان.,negative
للأسف المطعم تحت المستوى. سرعة التقديم كانت سيئة جدا وبطيئة. المقبلات كان دون المستوى المتوقع بكثير. الأسعار ما تستاهل أبدا الكمية والجودة المقدمة. مو التجربة اللي توقعتها أبدا.,negative
زرت مطعم الوجبات السريعة مع العائلة وكانت تجربة سيئة. العصائر كانت الكمية قليلة جدا مقابل السعر. استقبال الموظفين ما كان فيها أي اهتمام بالزبون. الأجواء صغير وغير مريح للجلوس. للأسف المكان لا يستاهل حتى زيارة واحدة.,negative
للأسف المطعم تحت المستوى. الأكل كان طعمه غريب ومو طازج. الديكور غير نظيف وفيه روائح مب مريحة. الخدمة بشكل عام كانت مستفزة، الموظفين متضايقين وغير متعاونين. خيبة أمل كبيرة بصراحة.,negative
تجربتنا في مطعم الفطور كانت محبطة. الحلا كان جاهز مب طازج، حسيته مجمد. سرعة التقديم ما كان فيها أي اهتمام بالزبون. الأسعار مبالغ فيها بشكل غير منطقي. أضعت وقتي وفلوسي على هالمطعم.,negative
تجربتنا في مطعم الوجبات السريعة كانت محبطة. الأكل كان طعمه غريب ومو طازج. سرعة التقديم كانت مستفزة، الموظفين متضايقين وغير متعاونين. المكان صغير وغير مريح للجلوس. بصراحة ما راح أرجع مرة ثانية.,negative
بصراحة المطعم خيب أملي. الوجبة كان دون المستوى المتوقع بكثير. استقبال الموظفين كانت سيئة جدا وبطيئة. الأسعار مقارنة بالكمية مبالغ فيها بشكل غير منطقي. مو التجربة اللي توقعتها أبدا.,negative
زرنا الفرع أمس وندمنا. الخدمة كانت سيئة جدا وبطيئة. الوجبة كان مالح زيادة ومحروق شوي. بصراحة ما راح أرجع مرة ثانية.,negative
زرنا مطعم البرجر أمس وندمنا. الحلا كانت الكمية قليلة جدا مقابل السعر. الخدمة بشكل عام كانت غير محترفة أبدا. الجو العام مزدحم وصوته عالي جدا. الأسعار مقارنة بالكمية غالية جدا مقابل الجودة الرديئة. للأسف المكان لا يستاهل حتى زيارة واحدة.,negative
للأسف مطعم البيتزا تحت المستوى. الحلا كان طعمه غريب ومو طازج. سرعة التقديم كانت سيئة جدا وبطيئة. الأسعار غالية جدا مقابل الجودة الرديئة. مو التجربة اللي توقعتها أبدا.,negative
جربنا المطعم الشعبي أول مرة وللأسف ما عجبنا. الترتيب الداخلي مزدحم وصوته عالي جدا. استقبال الموظفين ما كان فيها أي اهتمام بالزبون. الأسعار مقارنة بالكمية ما تستاهل أبدا الكمية والجودة المقدمة. المشاوي كان دون المستوى المتوقع بكثير. أضعت وقتي وفلوسي على هالمطعم.,negative
مطعم البيتزا ما يستاهل كل هالمديح اللي أسمعه. استقبال الموظفين أخذت وقت طويل جدا بدون داعي. النظافة قديم ومهمل. السعر غالية جدا مقابل الجودة الرديئة. المقبلات وصل متأخر وكان بارد. بصراحة ما راح أرجع مرة ثانية.,negative
جربنا مطعم الفطور أول مرة وللأسف ما عجبنا. النظافة غير نظيف وفيه روائح مب مريحة. السعر مبالغ فيها بشكل غير منطقي. الأرز كان بارد وطعمه مو زين. سرعة التقديم ما كان فيها أي اهتمام بالزبون. أضعت وقتي وفلوسي على هالمطعم.,negative
زرت المطعم الشعبي مع العائلة وكانت تجربة سيئة. الطعام كان مالح زيادة ومحروق شوي. السعر ما تستاهل أبدا الكمية والجودة المقدمة. استقبال الموظفين كانت غير محترفة أبدا. تجربة محبطة من كل النواحي.,negative
زرنا الفرع أمس وندمنا. استقبال الموظفين كانت مستفزة، الموظفين متضايقين وغير متعاونين. السلطة كان جاهز مب طازج، حسيته مجمد. ما أنصح أي أحد يجرب هالمكان.,negative
زرنا مطعم الأكل الإيطالي أمس وندمنا. الأسعار مقارنة بالكمية كانت صادمة مقارنة بمستوى الأكل. الجو العام قديم ومهمل. العصائر وصل متأخر وكان بارد. استقبال الموظفين كانت سيئة جدا وبطيئة. تجربة محبطة من كل النواحي.,negative
زرت المكان مع العائلة وكانت تجربة سيئة. تعامل النادل أخذت وقت طويل جدا بدون داعي. الوجبة كانت الكمية قليلة جدا مقابل السعر. بصراحة ما راح أرجع مرة ثانية.,negative
زرنا مطعم الأكل الإيطالي أمس وندمنا. تعامل النادل أخذت وقت طويل جدا بدون داعي. العصائر كان بارد وطعمه مو زين. خيبة أمل كبيرة بصراحة.,negative
كنت مع أصحابي في مطعم البرجر والتجربة كانت زفت. الحلا كان دون المستوى المتوقع بكثير. الجو العام صغير وغير مريح للجلوس. الأسعار كانت صادمة مقارنة بمستوى الأكل. استقبال الموظفين كانت غير محترفة أبدا. تقييمي واحد من خمسة، للأسف.,negative
ما أنصح أحد يروح المكان. السعر ما تستاهل أبدا الكمية والجودة المقدمة. الطعام ما كان فيه أي نكهة تذكر. تعامل النادل كانت غير محترفة أبدا. تقييمي واحد من خمسة، للأسف.,negative
مطعم الأكل الإيطالي ما يستاهل كل هالمديح اللي أسمعه. استقبال الموظفين كانت غير محترفة أبدا. الجو العام غير نظيف وفيه روائح مب مريحة. البرجر وصل متأخر وكان بارد. السعر ما تستاهل أبدا الكمية والجودة المقدمة. مو التجربة اللي توقعتها أبدا.,negative
ما أنصح أحد يروح الفرع. النظافة قديم ومهمل. الوجبة كانت الكمية قليلة جدا مقابل السعر. مو التجربة اللي توقعتها أبدا.,negative
زرت المطعم مع العائلة وكانت تجربة سيئة. البيتزا وصل متأخر وكان بارد. الأجواء قديم ومهمل. الأسعار ما تستاهل أبدا الكمية والجودة المقدمة. تجربة محبطة من كل النواحي.,negative
ما أنصح أحد يروح مطعم البيتزا. الوجبة كانت الكمية قليلة جدا مقابل السعر. سرعة التقديم كانت مستفزة، الموظفين متضايقين وغير متعاونين. تقييمي واحد من خمسة، للأسف.,negative
ما أنصح أحد يروح المطعم الجديد. الأكل وصل متأخر وكان بارد. استقبال الموظفين كانت سيئة جدا وبطيئة. تجربة محبطة من كل النواحي.,negative
زرنا المكان أمس وندمنا. البيتزا كان طعمه غريب ومو طازج. الأسعار مبالغ فيها بشكل غير منطقي. الخدمة كانت مستفزة، الموظفين متضايقين وغير متعاونين. ما أنصح أي أحد يجرب هالمكان.,negative
زرنا مطعم المأكولات البحرية أمس وندمنا. الحلا كان مالح زيادة ومحروق شوي. الأسعار مقارنة بالكمية غالية جدا مقابل الجودة الرديئة. استقبال الموظفين كانت سيئة جدا وبطيئة. أضعت وقتي وفلوسي على هالمطعم.,negative
ما أنصح أحد يروح المطعم الجديد. الخدمة بشكل عام أخذت وقت طويل جدا بدون داعي. السعر غالية جدا مقابل الجودة الرديئة. الطعام كان مالح زيادة ومحروق شوي. الديكور قديم ومهمل. بصراحة ما راح أرجع مرة ثانية.,negative
كنت مع أصحابي في المطعم الجديد والتجربة كانت زفت. الحلا كانت الكمية قليلة جدا مقابل السعر. قيمة الفلوس مقابل الأكل كانت صادمة مقارنة بمستوى الأكل. سرعة التقديم أخذت وقت طويل جدا بدون داعي. تجربة محبطة من كل النواحي.,negative
من أسوأ تجاربي مع المطعم الشعبي. الخدمة أخذت وقت طويل جدا بدون داعي. الحلا وصل متأخر وكان بارد. تجربة محبطة من كل النواحي.,negative
للأسف الكافيه تحت المستوى. البيتزا كان طعمه غريب ومو طازج. سرعة التقديم كانت مستفزة، الموظفين متضايقين وغير متعاونين. للأسف المكان لا يستاهل حتى زيارة واحدة.,negative
من أسوأ تجاربي مع مطعم البيتزا. الخدمة بشكل عام كانت سيئة جدا وبطيئة. المشاوي كان بارد وطعمه مو زين. الأسعار مقارنة بالكمية مبالغ فيها بشكل غير منطقي. تجربة محبطة من كل النواحي.,negative
تجربتنا في المطعم اللي جربناه كانت محبطة. المقبلات كان بارد وطعمه مو زين. استقبال الموظفين ما كان فيها أي اهتمام بالزبون. بصراحة ما راح أرجع مرة ثانية.,negative
زرنا مطعم الفطور أمس وندمنا. الوجبة كان دون المستوى المتوقع بكثير. سرعة التقديم كانت سيئة جدا وبطيئة. بصراحة ما راح أرجع مرة ثانية.,negative
زرت المكان مع العائلة وكانت تجربة سيئة. الأرز كان بارد وطعمه مو زين. تجربة محبطة من كل النواحي.,negative
للأسف المطعم اللي جربناه تحت المستوى. الوجبة الرئيسية ما كان فيه أي نكهة تذكر. أضعت وقتي وفلوسي على هالمطعم.,negative
من أسوأ تجاربي مع المكان. تعامل النادل كانت مستفزة، الموظفين متضايقين وغير متعاونين. البيتزا كان دون المستوى المتوقع بكثير. السعر ما تستاهل أبدا الكمية والجودة المقدمة. الترتيب الداخلي صغير وغير مريح للجلوس. خيبة أمل كبيرة بصراحة.,negative
من أسوأ تجاربي مع الفرع. النظافة مزدحم وصوته عالي جدا. الحلا ما كان فيه أي نكهة تذكر. الخدمة بشكل عام كانت غير محترفة أبدا. الأسعار كانت صادمة مقارنة بمستوى الأكل. مو التجربة اللي توقعتها أبدا.,negative
بصراحة المطعم الجديد خيب أملي. الأرز كانت الكمية قليلة جدا مقابل السعر. الخدمة بشكل عام كانت مستفزة، الموظفين متضايقين وغير متعاونين. بصراحة ما راح أرجع مرة ثانية.,negative
زرت الكافيه مع العائلة وكانت تجربة سيئة. الخدمة بشكل عام ما كان فيها أي اهتمام بالزبون. المقبلات كان طعمه غريب ومو طازج. الجو العام صغير وغير مريح للجلوس. أضعت وقتي وفلوسي على هالمطعم.,negative
ما أنصح أحد يروح مطعم الأكل الإيطالي. استقبال الموظفين كانت مستفزة، الموظفين متضايقين وغير متعاونين. قيمة الفلوس مقابل الأكل مبالغ فيها بشكل غير منطقي. السلطة كان بارد وطعمه مو زين. تقييمي واحد من خمسة، للأسف.,negative
ما أنصح أحد يروح المطعم اللي جربناه. المقبلات كان مالح زيادة ومحروق شوي. السعر كانت صادمة مقارنة بمستوى الأكل. تعامل النادل كانت مستفزة، الموظفين متضايقين وغير متعاونين. الديكور غير نظيف وفيه روائح مب مريحة. ما أنصح أي أحد يجرب هالمكان.,negative
بصراحة مطعم البرجر خيب أملي. الخدمة بشكل عام أخذت وقت طويل جدا بدون داعي. العصائر وصل متأخر وكان بارد. للأسف المكان لا يستاهل حتى زيارة واحدة.,negative
بصراحة المكان خيب أملي. الوجبة كان جاهز مب طازج، حسيته مجمد. المكان مزدحم وصوته عالي جدا. الخدمة كانت مستفزة، الموظفين متضايقين وغير متعاونين. تجربة محبطة من كل النواحي.,negative
زرت مطعم الأكل الإيطالي مع العائلة وكانت تجربة سيئة. الخدمة كانت مستفزة، الموظفين متضايقين وغير متعاونين. العصائر كان طعمه غريب ومو طازج. بصراحة ما راح أرجع مرة ثانية.,negative
تجربتنا في مطعم الأكل الإيطالي كانت محبطة. المكان غير نظيف وفيه روائح مب مريحة. الأكل وصل متأخر وكان بارد. الخدمة بشكل عام كانت سيئة جدا وبطيئة. ما أنصح أي أحد يجرب هالمكان.,negative
كنت مع أصحابي في مطعم الوجبات السريعة والتجربة كانت زفت. قيمة الفلوس مقابل الأكل كانت صادمة مقارنة بمستوى الأكل. العصائر كان بارد وطعمه مو زين. تجربة محبطة من كل النواحي.,negative
ما أنصح أحد يروح المكان. الوجبة الرئيسية ما كان فيه أي نكهة تذكر. ما أنصح أي أحد يجرب هالمكان.,negative
ما أنصح أحد يروح مطعم الوجبات السريعة. الأسعار مقارنة بالكمية غالية جدا مقابل الجودة الرديئة. الطعام كان مالح زيادة ومحروق شوي. الخدمة بشكل عام أخذت وقت طويل جدا بدون داعي. الديكور غير نظيف وفيه روائح مب مريحة. للأسف المكان لا يستاهل حتى زيارة واحدة.,negative
زرنا مطعم المأكولات البحرية أمس وندمنا. المشاوي ما كان فيه أي نكهة تذكر. الخدمة كانت سيئة جدا وبطيئة. تجربة محبطة من كل النواحي.,negative
كنت مع أصحابي في مطعم الفطور والتجربة كانت زفت. الأرز كان مالح زيادة ومحروق شوي. بصراحة ما راح أرجع مرة ثانية.,negative
من أسوأ تجاربي مع مطعم الوجبات السريعة. العصائر ما كان فيه أي نكهة تذكر. استقبال الموظفين ما كان فيها أي اهتمام بالزبون. تجربة محبطة من كل النواحي.,negative
جربنا مطعم المشويات أول مرة وللأسف ما عجبنا. الديكور غير نظيف وفيه روائح مب مريحة. الأسعار مبالغ فيها بشكل غير منطقي. الخدمة بشكل عام كانت غير محترفة أبدا. الأكل كان طعمه غريب ومو طازج. للأسف المكان لا يستاهل حتى زيارة واحدة.,negative
كنت مع أصحابي في مطعم المأكولات البحرية والتجربة كانت زفت. تعامل النادل كانت غير محترفة أبدا. الطعام كان طعمه غريب ومو طازج. خيبة أمل كبيرة بصراحة.,negative
كنت مع أصحابي في المطعم الجديد والتجربة كانت زفت. تعامل النادل كانت سيئة جدا وبطيئة. السلطة كانت الكمية قليلة جدا مقابل السعر. الأسعار كانت صادمة مقارنة بمستوى الأكل. تجربة محبطة من كل النواحي.,negative
زرنا مطعم الأكل الإيطالي أمس وندمنا. الأسعار غالية جدا مقابل الجودة الرديئة. تعامل النادل أخذت وقت طويل جدا بدون داعي. الأرز كان بارد وطعمه مو زين. تقييمي واحد من خمسة، للأسف.,negative
للأسف مطعم المشويات تحت المستوى. الترتيب الداخلي مزدحم وصوته عالي جدا. الأكل ما كان فيه أي نكهة تذكر. الأسعار مقارنة بالكمية غالية جدا مقابل الجودة الرديئة. سرعة التقديم كانت غير محترفة أبدا. ما أنصح أي أحد يجرب هالمكان.,negative
زرنا مطعم الفطور أمس وندمنا. المشاوي كان بارد وطعمه مو زين. استقبال الموظفين كانت مستفزة، الموظفين متضايقين وغير متعاونين. مو التجربة اللي توقعتها أبدا.,negative
للأسف مطعم البرجر تحت المستوى. النظافة قديم ومهمل. الخدمة بشكل عام كانت مستفزة، الموظفين متضايقين وغير متعاونين. المشاوي كان بارد وطعمه مو زين. تقييمي واحد من خمسة، للأسف.,negative
زرت المكان مع العائلة وكانت تجربة سيئة. البيتزا كان طعمه غريب ومو طازج. سرعة التقديم كانت غير محترفة أبدا. الأجواء غير نظيف وفيه روائح مب مريحة. السعر غالية جدا مقابل الجودة الرديئة. ما أنصح أي أحد يجرب هالمكان.,negative
زرنا مطعم المشويات أمس وندمنا. المقبلات كان مالح زيادة ومحروق شوي. ما أنصح أي أحد يجرب هالمكان.,negative
المطعم ما يستاهل كل هالمديح اللي أسمعه. الأسعار مقارنة بالكمية ما تستاهل أبدا الكمية والجودة المقدمة. الحلا كانت الكمية قليلة جدا مقابل السعر. الديكور صغير وغير مريح للجلوس. استقبال الموظفين كانت سيئة جدا وبطيئة. خيبة أمل كبيرة بصراحة.,negative
للأسف المطعم الشعبي تحت المستوى. الأسعار كانت صادمة مقارنة بمستوى الأكل. المشاوي وصل متأخر وكان بارد. الخدمة بشكل عام ما كان فيها أي اهتمام بالزبون. مو التجربة اللي توقعتها أبدا.,negative
للأسف الكافيه تحت المستوى. الخدمة بشكل عام كانت مستفزة، الموظفين متضايقين وغير متعاونين. المشاوي كان دون المستوى المتوقع بكثير. الأسعار كانت صادمة مقارنة بمستوى الأكل. بصراحة ما راح أرجع مرة ثانية.,negative
تجربتنا في المطعم اللي جربناه كانت محبطة. السعر غالية جدا مقابل الجودة الرديئة. البيتزا كانت الكمية قليلة جدا مقابل السعر. تجربة محبطة من كل النواحي.,negative
كنت مع أصحابي في المطعم والتجربة كانت زفت. الأسعار مقارنة بالكمية مبالغ فيها بشكل غير منطقي. الأرز كان طعمه غريب ومو طازج. المكان قديم ومهمل. سرعة التقديم أخذت وقت طويل جدا بدون داعي. تجربة محبطة من كل النواحي.,negative
كنت مع أصحابي في مطعم الفطور والتجربة كانت زفت. تعامل النادل ما كان فيها أي اهتمام بالزبون. البيتزا ما كان فيه أي نكهة تذكر. الأجواء قديم ومهمل. أضعت وقتي وفلوسي على هالمطعم.,negative
زرت المطعم الشعبي مع العائلة وكانت تجربة سيئة. البرجر وصل متأخر وكان بارد. الأجواء غير نظيف وفيه روائح مب مريحة. سرعة التقديم كانت سيئة جدا وبطيئة. خيبة أمل كبيرة بصراحة.,negative
زرنا مطعم البرجر أمس وندمنا. الأكل كان بارد وطعمه مو زين. النظافة مزدحم وصوته عالي جدا. الأسعار ما تستاهل أبدا الكمية والجودة المقدمة. للأسف المكان لا يستاهل حتى زيارة واحدة.,negative
بصراحة المطعم الشعبي خيب أملي. تعامل النادل كانت مستفزة، الموظفين متضايقين وغير متعاونين. العصائر كان جاهز مب طازج، حسيته مجمد. بصراحة ما راح أرجع مرة ثانية.,negative
المطعم ما يستاهل كل هالمديح اللي أسمعه. الخدمة بشكل عام كانت مستفزة، الموظفين متضايقين وغير متعاونين. المشاوي وصل متأخر وكان بارد. مو التجربة اللي توقعتها أبدا.,negative
زرنا المطعم اللي جربناه أمس وندمنا. الخدمة ما كان فيها أي اهتمام بالزبون. الأرز كان بارد وطعمه مو زين. السعر مبالغ فيها بشكل غير منطقي. خيبة أمل كبيرة بصراحة.,negative
تجربتنا في المطعم كانت محبطة. النظافة قديم ومهمل. الوجبة كان مالح زيادة ومحروق شوي. تعامل النادل ما كان فيها أي اهتمام بالزبون. مو التجربة اللي توقعتها أبدا.,negative
كنت مع أصحابي في مطعم المشويات والتجربة كانت زفت. الأسعار كانت صادمة مقارنة بمستوى الأكل. السلطة كان دون المستوى المتوقع بكثير. سرعة التقديم ما كان فيها أي اهتمام بالزبون. خيبة أمل كبيرة بصراحة.,negative
ما أنصح أحد يروح مطعم الوجبات السريعة. الطعام كان بارد وطعمه مو زين. استقبال الموظفين كانت سيئة جدا وبطيئة. مو التجربة اللي توقعتها أبدا.,negative
تجربتنا في المكان كانت محبطة. الأرز ما كان فيه أي نكهة تذكر. السعر ما تستاهل أبدا الكمية والجودة المقدمة. مو التجربة اللي توقعتها أبدا.,negative
للأسف مطعم الوجبات السريعة تحت المستوى. قيمة الفلوس مقابل الأكل كانت صادمة مقارنة بمستوى الأكل. الأرز كان دون المستوى المتوقع بكثير. الجو العام صغير وغير مريح للجلوس. استقبال الموظفين أخذت وقت طويل جدا بدون داعي. أضعت وقتي وفلوسي على هالمطعم.,negative
ما أنصح أحد يروح مطعم الفطور. الديكور مزدحم وصوته عالي جدا. الخدمة كانت سيئة جدا وبطيئة. السلطة كانت الكمية قليلة جدا مقابل السعر. للأسف المكان لا يستاهل حتى زيارة واحدة.,negative
زرت مطعم البيتزا مع العائلة وكانت تجربة سيئة. الخدمة كانت غير محترفة أبدا. الأكل كان دون المستوى المتوقع بكثير. الأسعار مقارنة بالكمية غالية جدا مقابل الجودة الرديئة. بصراحة ما راح أرجع مرة ثانية.,negative
المطعم اللي جربناه ما يستاهل كل هالمديح اللي أسمعه. الجو العام صغير وغير مريح للجلوس. قيمة الفلوس مقابل الأكل غالية جدا مقابل الجودة الرديئة. الأرز كان مالح زيادة ومحروق شوي. خيبة أمل كبيرة بصراحة.,negative
تجربتنا في الكافيه كانت محبطة. الأرز ما كان فيه أي نكهة تذكر. تعامل النادل ما كان فيها أي اهتمام بالزبون. الجو العام صغير وغير مريح للجلوس. تقييمي واحد من خمسة، للأسف.,negative
جربنا المطعم اللي جربناه أول مرة وللأسف ما عجبنا. الخدمة كانت مستفزة، الموظفين متضايقين وغير متعاونين. الوجبة الرئيسية كان دون المستوى المتوقع بكثير. السعر مبالغ فيها بشكل غير منطقي. بصراحة ما راح أرجع مرة ثانية.,negative
زرت مطعم المشويات مع العائلة وكانت تجربة سيئة. النظافة مزدحم وصوته عالي جدا. البرجر كان طعمه غريب ومو طازج. الخدمة بشكل عام كانت سيئة جدا وبطيئة. للأسف المكان لا يستاهل حتى زيارة واحدة.,negative
المطعم الجديد ما يستاهل كل هالمديح اللي أسمعه. استقبال الموظفين ما كان فيها أي اهتمام بالزبون. المقبلات كان طعمه غريب ومو طازج. تقييمي واحد من خمسة، للأسف.,negative
زرت الكافيه مع العائلة وكانت تجربة سيئة. الديكور صغير وغير مريح للجلوس. المقبلات كان مالح زيادة ومحروق شوي. سرعة التقديم ما كان فيها أي اهتمام بالزبون. ما أنصح أي أحد يجرب هالمكان.,negative
جربنا مطعم البرجر أول مرة وللأسف ما عجبنا. قيمة الفلوس مقابل الأكل ما تستاهل أبدا الكمية والجودة المقدمة. المكان صغير وغير مريح للجلوس. الحلا كان طعمه غريب ومو طازج. سرعة التقديم ما كان فيها أي اهتمام بالزبون. بصراحة ما راح أرجع مرة ثانية.,negative
للأسف الكافيه تحت المستوى. الترتيب الداخلي قديم ومهمل. الخدمة كانت سيئة جدا وبطيئة. السلطة كان دون المستوى المتوقع بكثير. للأسف المكان لا يستاهل حتى زيارة واحدة.,negative
للأسف مطعم الفطور تحت المستوى. البيتزا وصل متأخر وكان بارد. الخدمة بشكل عام ما كان فيها أي اهتمام بالزبون. تجربة محبطة من كل النواحي.,negative
زرت مطعم المأكولات البحرية مع العائلة وكانت تجربة سيئة. الخدمة كانت مستفزة، الموظفين متضايقين وغير متعاونين. الترتيب الداخلي مزدحم وصوته عالي جدا. السلطة ما كان فيه أي نكهة تذكر. أضعت وقتي وفلوسي على هالمطعم.,negative
زرنا المكان أمس وندمنا. الخدمة ما كان فيها أي اهتمام بالزبون. المشاوي كان جاهز مب طازج، حسيته مجمد. تجربة محبطة من كل النواحي.,negative
كنت مع أصحابي في مطعم المأكولات البحرية والتجربة كانت زفت. البرجر كان مالح زيادة ومحروق شوي. الخدمة كانت غير محترفة أبدا. بصراحة ما راح أرجع مرة ثانية.,negative
كنت مع أصحابي في مطعم الأكل الإيطالي والتجربة كانت زفت. الخدمة كانت مستفزة، الموظفين متضايقين وغير متعاونين. البيتزا كان طعمه غريب ومو طازج. مو التجربة اللي توقعتها أبدا.,negative
تجربتنا في مطعم البرجر كانت محبطة. الديكور غير نظيف وفيه روائح مب مريحة. السلطة كانت الكمية قليلة جدا مقابل السعر. قيمة الفلوس مقابل الأكل ما تستاهل أبدا الكمية والجودة المقدمة. خيبة أمل كبيرة بصراحة.,negative
المطعم الجديد ما يستاهل كل هالمديح اللي أسمعه. المشاوي كان جاهز مب طازج، حسيته مجمد. استقبال الموظفين كانت سيئة جدا وبطيئة. بصراحة ما راح أرجع مرة ثانية.,negative
تجربتنا في المكان كانت محبطة. الوجبة كان جاهز مب طازج، حسيته مجمد. قيمة الفلوس مقابل الأكل ما تستاهل أبدا الكمية والجودة المقدمة. الخدمة بشكل عام كانت سيئة جدا وبطيئة. تقييمي واحد من خمسة، للأسف.,negative
ما أنصح أحد يروح المكان. الوجبة الرئيسية كان بارد وطعمه مو زين. الجو العام صغير وغير مريح للجلوس. الأسعار مقارنة بالكمية ما تستاهل أبدا الكمية والجودة المقدمة. الخدمة بشكل عام ما كان فيها أي اهتمام بالزبون. تجربة محبطة من كل النواحي.,negative
زرنا مطعم المأكولات البحرية أمس وندمنا. الحلا كان طعمه غريب ومو طازج. قيمة الفلوس مقابل الأكل مبالغ فيها بشكل غير منطقي. المكان غير نظيف وفيه روائح مب مريحة. استقبال الموظفين كانت مستفزة، الموظفين متضايقين وغير متعاونين. أضعت وقتي وفلوسي على هالمطعم.,negative
زرت مطعم المأكولات البحرية مع العائلة وكانت تجربة سيئة. الأصناف اللي طلبناها كان طعمه غريب ومو طازج. السعر مبالغ فيها بشكل غير منطقي. بصراحة ما راح أرجع مرة ثانية.,negative
للأسف مطعم البرجر تحت المستوى. المكان صغير وغير مريح للجلوس. السعر كانت صادمة مقارنة بمستوى الأكل. البرجر كان مالح زيادة ومحروق شوي. سرعة التقديم أخذت وقت طويل جدا بدون داعي. أضعت وقتي وفلوسي على هالمطعم.,negative
من أسوأ تجاربي مع المطعم. الأكل وصل متأخر وكان بارد. الخدمة بشكل عام أخذت وقت طويل جدا بدون داعي. قيمة الفلوس مقابل الأكل غالية جدا مقابل الجودة الرديئة. مو التجربة اللي توقعتها أبدا.,negative
مطعم المأكولات البحرية ما يستاهل كل هالمديح اللي أسمعه. السعر كانت صادمة مقارنة بمستوى الأكل. تعامل النادل كانت غير محترفة أبدا. العصائر وصل متأخر وكان بارد. أضعت وقتي وفلوسي على هالمطعم.,negative
جربنا المطعم الشعبي أول مرة وللأسف ما عجبنا. استقبال الموظفين كانت سيئة جدا وبطيئة. البيتزا كان طعمه غريب ومو طازج. الأجواء صغير وغير مريح للجلوس. مو التجربة اللي توقعتها أبدا.,negative
زرت مطعم الفطور مع العائلة وكانت تجربة سيئة. البرجر كانت الكمية قليلة جدا مقابل السعر. استقبال الموظفين كانت مستفزة، الموظفين متضايقين وغير متعاونين. للأسف المكان لا يستاهل حتى زيارة واحدة.,negative
مطعم الأكل الإيطالي ما يستاهل كل هالمديح اللي أسمعه. الأسعار كانت صادمة مقارنة بمستوى الأكل. الخدمة بشكل عام كانت سيئة جدا وبطيئة. البيتزا كان دون المستوى المتوقع بكثير. الديكور غير نظيف وفيه روائح مب مريحة. بصراحة ما راح أرجع مرة ثانية.,negative
كنت مع أصحابي في مطعم البيتزا والتجربة كانت زفت. النظافة غير نظيف وفيه روائح مب مريحة. البيتزا كان طعمه غريب ومو طازج. استقبال الموظفين أخذت وقت طويل جدا بدون داعي. بصراحة ما راح أرجع مرة ثانية.,negative
ما أنصح أحد يروح المطعم الشعبي. الأسعار مقارنة بالكمية غالية جدا مقابل الجودة الرديئة. البيتزا كان بارد وطعمه مو زين. سرعة التقديم كانت غير محترفة أبدا. تقييمي واحد من خمسة، للأسف.,negative
للأسف المطعم الشعبي تحت المستوى. الحلا كان جاهز مب طازج، حسيته مجمد. الأجواء غير نظيف وفيه روائح مب مريحة. الخدمة أخذت وقت طويل جدا بدون داعي. للأسف المكان لا يستاهل حتى زيارة واحدة.,negative
المطعم الشعبي ما يستاهل كل هالمديح اللي أسمعه. الأسعار مقارنة بالكمية ما تستاهل أبدا الكمية والجودة المقدمة. المقبلات كان طعمه غريب ومو طازج. المكان مزدحم وصوته عالي جدا. تعامل النادل كانت سيئة جدا وبطيئة. تقييمي واحد من خمسة، للأسف.,negative
بصراحة مطعم الوجبات السريعة خيب أملي. الخدمة كانت غير محترفة أبدا. قيمة الفلوس مقابل الأكل غالية جدا مقابل الجودة الرديئة. السلطة كانت الكمية قليلة جدا مقابل السعر. تقييمي واحد من خمسة، للأسف.,negative
زرنا المطعم الجديد أمس وندمنا. المشاوي كان بارد وطعمه مو زين. الخدمة كانت مستفزة، الموظفين متضايقين وغير متعاونين. النظافة مزدحم وصوته عالي جدا. ما أنصح أي أحد يجرب هالمكان.,negative
للأسف المكان تحت المستوى. استقبال الموظفين ما كان فيها أي اهتمام بالزبون. العصائر كانت الكمية قليلة جدا مقابل السعر. الجو العام صغير وغير مريح للجلوس. مو التجربة اللي توقعتها أبدا.,negative
تجربتنا في مطعم البيتزا كانت محبطة. الأسعار مقارنة بالكمية غالية جدا مقابل الجودة الرديئة. الخدمة كانت سيئة جدا وبطيئة. الوجبة كان جاهز مب طازج، حسيته مجمد. بصراحة ما راح أرجع مرة ثانية.,negative
المطعم الجديد ما يستاهل كل هالمديح اللي أسمعه. السلطة وصل متأخر وكان بارد. الخدمة ما كان فيها أي اهتمام بالزبون. الديكور مزدحم وصوته عالي جدا. تجربة محبطة من كل النواحي.,negative
من أسوأ تجاربي مع مطعم البرجر. الأرز كان طعمه غريب ومو طازج. الخدمة أخذت وقت طويل جدا بدون داعي. بصراحة ما راح أرجع مرة ثانية.,negative
زرنا مطعم المأكولات البحرية أمس وندمنا. الحلا وصل متأخر وكان بارد. الأسعار مقارنة بالكمية كانت صادمة مقارنة بمستوى الأكل. استقبال الموظفين كانت مستفزة، الموظفين متضايقين وغير متعاونين. تقييمي واحد من خمسة، للأسف.,negative
جربنا مطعم الفطور أول مرة وللأسف ما عجبنا. الديكور مزدحم وصوته عالي جدا. الأكل كان دون المستوى المتوقع بكثير. الأسعار كانت صادمة مقارنة بمستوى الأكل. تعامل النادل ما كان فيها أي اهتمام بالزبون. ما أنصح أي أحد يجرب هالمكان.,negative
كنت مع أصحابي في الكافيه والتجربة كانت زفت. الجو العام غير نظيف وفيه روائح مب مريحة. البيتزا كان مالح زيادة ومحروق شوي. السعر كانت صادمة مقارنة بمستوى الأكل. سرعة التقديم كانت سيئة جدا وبطيئة. تقييمي واحد من خمسة، للأسف.,negative
زرنا مطعم البيتزا أمس وندمنا. البيتزا كانت الكمية قليلة جدا مقابل السعر. الخدمة كانت مستفزة، الموظفين متضايقين وغير متعاونين. الأسعار مبالغ فيها بشكل غير منطقي. للأسف المكان لا يستاهل حتى زيارة واحدة.,negative
كنت مع أصحابي في مطعم البيتزا والتجربة كانت زفت. الخدمة ما كان فيها أي اهتمام بالزبون. قيمة الفلوس مقابل الأكل ما تستاهل أبدا الكمية والجودة المقدمة. النظافة صغير وغير مريح للجلوس. البرجر وصل متأخر وكان بارد. خيبة أمل كبيرة بصراحة.,negative
بصراحة مطعم المأكولات البحرية خيب أملي. السعر كانت صادمة مقارنة بمستوى الأكل. العصائر وصل متأخر وكان بارد. الأجواء غير نظيف وفيه روائح مب مريحة. للأسف المكان لا يستاهل حتى زيارة واحدة.,negative
مطعم المشويات ما يستاهل كل هالمديح اللي أسمعه. السعر كانت صادمة مقارنة بمستوى الأكل. تعامل النادل كانت سيئة جدا وبطيئة. الطعام كان دون المستوى المتوقع بكثير. للأسف المكان لا يستاهل حتى زيارة واحدة.,negative
بصراحة المطعم الجديد خيب أملي. الديكور غير نظيف وفيه روائح مب مريحة. الخدمة كانت سيئة جدا وبطيئة. السعر مبالغ فيها بشكل غير منطقي. الأرز كانت الكمية قليلة جدا مقابل السعر. تجربة محبطة من كل النواحي.,negative
بصراحة مطعم البرجر خيب أملي. الوجبة كان دون المستوى المتوقع بكثير. الترتيب الداخلي صغير وغير مريح للجلوس. استقبال الموظفين أخذت وقت طويل جدا بدون داعي. الأسعار كانت صادمة مقارنة بمستوى الأكل. أضعت وقتي وفلوسي على هالمطعم.,negative
تجربتنا في مطعم الأكل الإيطالي كانت محبطة. الترتيب الداخلي صغير وغير مريح للجلوس. الوجبة كانت الكمية قليلة جدا مقابل السعر. الأسعار مبالغ فيها بشكل غير منطقي. الخدمة كانت مستفزة، الموظفين متضايقين وغير متعاونين. أضعت وقتي وفلوسي على هالمطعم.,negative
زرنا مطعم المأكولات البحرية أمس وندمنا. العصائر كان طعمه غريب ومو طازج. استقبال الموظفين ما كان فيها أي اهتمام بالزبون. تجربة محبطة من كل النواحي.,negative
زرنا مطعم المأكولات البحرية أمس وندمنا. الأكل كان طعمه غريب ومو طازج. للأسف المكان لا يستاهل حتى زيارة واحدة.,negative
جربنا المكان أول مرة وللأسف ما عجبنا. الحلا كان مالح زيادة ومحروق شوي. ما أنصح أي أحد يجرب هالمكان.,negative
جربنا المطعم اللي جربناه أول مرة وللأسف ما عجبنا. تعامل النادل ما كان فيها أي اهتمام بالزبون. النظافة مزدحم وصوته عالي جدا. المشاوي ما كان فيه أي نكهة تذكر. خيبة أمل كبيرة بصراحة.,negative
من أسوأ تجاربي مع المطعم اللي جربناه. الجو العام صغير وغير مريح للجلوس. الطعام كانت الكمية قليلة جدا مقابل السعر. سرعة التقديم كانت مستفزة، الموظفين متضايقين وغير متعاونين. أضعت وقتي وفلوسي على هالمطعم.,negative
من أسوأ تجاربي مع مطعم المشويات. المشاوي كان مالح زيادة ومحروق شوي. استقبال الموظفين ما كان فيها أي اهتمام بالزبون. تقييمي واحد من خمسة، للأسف.,negative
كنت مع أصحابي في المطعم الشعبي والتجربة كانت زفت. الوجبة الرئيسية كانت الكمية قليلة جدا مقابل السعر. الخدمة بشكل عام أخذت وقت طويل جدا بدون داعي. تقييمي واحد من خمسة، للأسف.,negative
زرنا مطعم الفطور أمس وندمنا. الأسعار مقارنة بالكمية ما تستاهل أبدا الكمية والجودة المقدمة. النظافة صغير وغير مريح للجلوس. الخدمة ما كان فيها أي اهتمام بالزبون. الأصناف اللي طلبناها كانت الكمية قليلة جدا مقابل السعر. تقييمي واحد من خمسة، للأسف.,negative
للأسف مطعم المشويات تحت المستوى. الديكور مزدحم وصوته عالي جدا. الوجبة الرئيسية كان مالح زيادة ومحروق شوي. خيبة أمل كبيرة بصراحة.,negative
زرنا المطعم اللي جربناه أمس وندمنا. الأجواء صغير وغير مريح للجلوس. قيمة الفلوس مقابل الأكل كانت صادمة مقارنة بمستوى الأكل. الأرز كان دون المستوى المتوقع بكثير. تعامل النادل كانت غير محترفة أبدا. خيبة أمل كبيرة بصراحة.,negative
تجربتنا في مطعم الأكل الإيطالي كانت محبطة. الأجواء قديم ومهمل. الخدمة ما كان فيها أي اهتمام بالزبون. الحلا كان جاهز مب طازج، حسيته مجمد. مو التجربة اللي توقعتها أبدا.,negative
زرت مطعم الأكل الإيطالي مع العائلة وكانت تجربة سيئة. تعامل النادل كانت مستفزة، الموظفين متضايقين وغير متعاونين. الترتيب الداخلي صغير وغير مريح للجلوس. العصائر كان دون المستوى المتوقع بكثير. تقييمي واحد من خمسة، للأسف.,negative
بصراحة مطعم البيتزا خيب أملي. سرعة التقديم ما كان فيها أي اهتمام بالزبون. الطعام وصل متأخر وكان بارد. خيبة أمل كبيرة بصراحة.,negative
زرنا المكان أمس وندمنا. الخدمة كانت غير محترفة أبدا. الأكل ما كان فيه أي نكهة تذكر. الجو العام غير نظيف وفيه روائح مب مريحة. ما أنصح أي أحد يجرب هالمكان.,negative
للأسف المطعم اللي جربناه تحت المستوى. الخدمة أخذت وقت طويل جدا بدون داعي. الأكل كان دون المستوى المتوقع بكثير. تقييمي واحد من خمسة، للأسف.,negative
كنت مع أصحابي في المطعم الشعبي والتجربة كانت زفت. الأرز كان بارد وطعمه مو زين. الأسعار مقارنة بالكمية مبالغ فيها بشكل غير منطقي. ما أنصح أي أحد يجرب هالمكان.,negative
زرت مطعم البيتزا مع العائلة وكانت تجربة سيئة. العصائر ما كان فيه أي نكهة تذكر. تعامل النادل أخذت وقت طويل جدا بدون داعي. مو التجربة اللي توقعتها أبدا.,negative
جربنا المطعم اللي جربناه أول مرة وللأسف ما عجبنا. النظافة مزدحم وصوته عالي جدا. الأرز كان طعمه غريب ومو طازج. الأسعار كانت صادمة مقارنة بمستوى الأكل. الخدمة كانت غير محترفة أبدا. تجربة محبطة من كل النواحي.,negative
ما أنصح أحد يروح مطعم الفطور. الجو العام قديم ومهمل. المقبلات وصل متأخر وكان بارد. تعامل النادل ما كان فيها أي اهتمام بالزبون. بصراحة ما راح أرجع مرة ثانية.,negative
جربنا المكان أول مرة وللأسف ما عجبنا. الديكور مزدحم وصوته عالي جدا. السعر غالية جدا مقابل الجودة الرديئة. استقبال الموظفين ما كان فيها أي اهتمام بالزبون. الأصناف اللي طلبناها كان طعمه غريب ومو طازج. ما أنصح أي أحد يجرب هالمكان.,negative
كنت مع أصحابي في مطعم الفطور والتجربة كانت زفت. الخدمة كانت سيئة جدا وبطيئة. الوجبة وصل متأخر وكان بارد. الأسعار مقارنة بالكمية ما تستاهل أبدا الكمية والجودة المقدمة. خيبة أمل كبيرة بصراحة.,negative
تجربتنا في الفرع كانت محبطة. السلطة كان دون المستوى المتوقع بكثير. استقبال الموظفين كانت مستفزة، الموظفين متضايقين وغير متعاونين. تقييمي واحد من خمسة، للأسف.,negative
مطعم الوجبات السريعة ما يستاهل كل هالمديح اللي أسمعه. الديكور مزدحم وصوته عالي جدا. الخدمة كانت سيئة جدا وبطيئة. السلطة كان طعمه غريب ومو طازج. خيبة أمل كبيرة بصراحة.,negative
جربنا مطعم الوجبات السريعة أول مرة وللأسف ما عجبنا. تعامل النادل كانت سيئة جدا وبطيئة. قيمة الفلوس مقابل الأكل مبالغ فيها بشكل غير منطقي. المقبلات كانت الكمية قليلة جدا مقابل السعر. ما أنصح أي أحد يجرب هالمكان.,negative
بصراحة المكان خيب أملي. الأكل كان بارد وطعمه مو زين. الديكور مزدحم وصوته عالي جدا. تعامل النادل كانت سيئة جدا وبطيئة. خيبة أمل كبيرة بصراحة.,negative
من أسوأ تجاربي مع المطعم الشعبي. الحلا ما كان فيه أي نكهة تذكر. استقبال الموظفين ما كان فيها أي اهتمام بالزبون. تقييمي واحد من خمسة، للأسف.,negative
للأسف مطعم البيتزا تحت المستوى. استقبال الموظفين ما كان فيها أي اهتمام بالزبون. النظافة قديم ومهمل. المشاوي كان دون المستوى المتوقع بكثير. ما أنصح أي أحد يجرب هالمكان.,negative
كنت مع أصحابي في مطعم البيتزا والتجربة كانت زفت. الأسعار مبالغ فيها بشكل غير منطقي. الأرز كانت الكمية قليلة جدا مقابل السعر. تقييمي واحد من خمسة، للأسف.,negative
تجربتنا في المطعم كانت محبطة. سرعة التقديم كانت سيئة جدا وبطيئة. الوجبة الرئيسية كان جاهز مب طازج، حسيته مجمد. الأسعار غالية جدا مقابل الجودة الرديئة. الأجواء غير نظيف وفيه روائح مب مريحة. بصراحة ما راح أرجع مرة ثانية.,negative
تجربتنا في المطعم كانت محبطة. السعر غالية جدا مقابل الجودة الرديئة. المقبلات كانت الكمية قليلة جدا مقابل السعر. أضعت وقتي وفلوسي على هالمطعم.,negative
ما أنصح أحد يروح المطعم الجديد. السعر كانت صادمة مقارنة بمستوى الأكل. سرعة التقديم كانت سيئة جدا وبطيئة. الحلا كان دون المستوى المتوقع بكثير. للأسف المكان لا يستاهل حتى زيارة واحدة.,negative
كنت مع أصحابي في المطعم الجديد والتجربة كانت زفت. الخدمة ما كان فيها أي اهتمام بالزبون. البيتزا كان طعمه غريب ومو طازج. أضعت وقتي وفلوسي على هالمطعم.,negative
زرت الكافيه مع العائلة وكانت تجربة سيئة. الأسعار مقارنة بالكمية ما تستاهل أبدا الكمية والجودة المقدمة. الطعام وصل متأخر وكان بارد. الخدمة بشكل عام ما كان فيها أي اهتمام بالزبون. خيبة أمل كبيرة بصراحة.,negative
بصراحة المطعم الجديد خيب أملي. المكان مزدحم وصوته عالي جدا. السعر مبالغ فيها بشكل غير منطقي. تعامل النادل كانت سيئة جدا وبطيئة. الأصناف اللي طلبناها ما كان فيه أي نكهة تذكر. بصراحة ما راح أرجع مرة ثانية.,negative
جربنا مطعم الوجبات السريعة أول مرة وللأسف ما عجبنا. الأسعار مقارنة بالكمية ما تستاهل أبدا الكمية والجودة المقدمة. الخدمة بشكل عام ما كان فيها أي اهتمام بالزبون. الأصناف اللي طلبناها ما كان فيه أي نكهة تذكر. مو التجربة اللي توقعتها أبدا.,negative
كنت مع أصحابي في مطعم المشويات والتجربة كانت زفت. قيمة الفلوس مقابل الأكل كانت صادمة مقارنة بمستوى الأكل. البيتزا كان مالح زيادة ومحروق شوي. الخدمة ما كان فيها أي اهتمام بالزبون. مو التجربة اللي توقعتها أبدا.,negative
كنت مع أصحابي في المطعم اللي جربناه والتجربة كانت زفت. استقبال الموظفين كانت غير محترفة أبدا. الأسعار مقارنة بالكمية غالية جدا مقابل الجودة الرديئة. الجو العام صغير وغير مريح للجلوس. البيتزا كان دون المستوى المتوقع بكثير. مو التجربة اللي توقعتها أبدا.,negative
جربنا المطعم الشعبي أول مرة وللأسف ما عجبنا. الأسعار مبالغ فيها بشكل غير منطقي. الخدمة أخذت وقت طويل جدا بدون داعي. البيتزا كان بارد وطعمه مو زين. مو التجربة اللي توقعتها أبدا.,negative
زرنا مطعم الوجبات السريعة أمس وندمنا. السعر ما تستاهل أبدا الكمية والجودة المقدمة. النظافة مزدحم وصوته عالي جدا. المشاوي كان بارد وطعمه مو زين. سرعة التقديم كانت سيئة جدا وبطيئة. أضعت وقتي وفلوسي على هالمطعم.,negative
كنت مع أصحابي في المطعم الجديد والتجربة كانت زفت. النظافة مزدحم وصوته عالي جدا. البرجر كان جاهز مب طازج، حسيته مجمد. سرعة التقديم كانت مستفزة، الموظفين متضايقين وغير متعاونين. السعر غالية جدا مقابل الجودة الرديئة. خيبة أمل كبيرة بصراحة.,negative
من أسوأ تجاربي مع مطعم الأكل الإيطالي. الخدمة كانت سيئة جدا وبطيئة. الأرز كان دون المستوى المتوقع بكثير. الأجواء غير نظيف وفيه روائح مب مريحة. خيبة أمل كبيرة بصراحة.,negative
كنت مع أصحابي في مطعم المأكولات البحرية والتجربة كانت زفت. الخدمة بشكل عام كانت سيئة جدا وبطيئة. الأكل كان جاهز مب طازج، حسيته مجمد. الجو العام صغير وغير مريح للجلوس. للأسف المكان لا يستاهل حتى زيارة واحدة.,negative
للأسف الكافيه تحت المستوى. تعامل النادل كانت سيئة جدا وبطيئة. الأرز كان جاهز مب طازج، حسيته مجمد. قيمة الفلوس مقابل الأكل ما تستاهل أبدا الكمية والجودة المقدمة. ما أنصح أي أحد يجرب هالمكان.,negative
بصراحة مطعم الوجبات السريعة خيب أملي. قيمة الفلوس مقابل الأكل غالية جدا مقابل الجودة الرديئة. الوجبة ما كان فيه أي نكهة تذكر. استقبال الموظفين كانت مستفزة، الموظفين متضايقين وغير متعاونين. مو التجربة اللي توقعتها أبدا.,negative
زرت الكافيه مع العائلة وكانت تجربة سيئة. تعامل النادل كانت سيئة جدا وبطيئة. الديكور قديم ومهمل. الأرز كان طعمه غريب ومو طازج. للأسف المكان لا يستاهل حتى زيارة واحدة.,negative
المطعم الجديد ما يستاهل كل هالمديح اللي أسمعه. الجو العام صغير وغير مريح للجلوس. الوجبة الرئيسية كان مالح زيادة ومحروق شوي. ما أنصح أي أحد يجرب هالمكان.,negative
من أسوأ تجاربي مع المطعم. الوجبة كان بارد وطعمه مو زين. سرعة التقديم أخذت وقت طويل جدا بدون داعي. الأسعار مقارنة بالكمية ما تستاهل أبدا الكمية والجودة المقدمة. المكان قديم ومهمل. خيبة أمل كبيرة بصراحة.,negative
للأسف المطعم الشعبي تحت المستوى. تعامل النادل كانت سيئة جدا وبطيئة. المشاوي كان بارد وطعمه مو زين. الترتيب الداخلي غير نظيف وفيه روائح مب مريحة. تجربة محبطة من كل النواحي.,negative
كنت مع أصحابي في مطعم البيتزا والتجربة كانت زفت. السعر كانت صادمة مقارنة بمستوى الأكل. الأجواء قديم ومهمل. استقبال الموظفين كانت غير محترفة أبدا. الوجبة الرئيسية كان بارد وطعمه مو زين. ما أنصح أي أحد يجرب هالمكان.,negative
مطعم الأكل الإيطالي ما يستاهل كل هالمديح اللي أسمعه. الأسعار مقارنة بالكمية ما تستاهل أبدا الكمية والجودة المقدمة. سرعة التقديم أخذت وقت طويل جدا بدون داعي. الأكل كانت الكمية قليلة جدا مقابل السعر. بصراحة ما راح أرجع مرة ثانية.,negative
المطعم الجديد ما يستاهل كل هالمديح اللي أسمعه. السعر كانت صادمة مقارنة بمستوى الأكل. السلطة كان طعمه غريب ومو طازج. الديكور قديم ومهمل. للأسف المكان لا يستاهل حتى زيارة واحدة.,negative
كنت مع أصحابي في الكافيه والتجربة كانت زفت. استقبال الموظفين كانت مستفزة، الموظفين متضايقين وغير متعاونين. المكان مزدحم وصوته عالي جدا. المقبلات كان دون المستوى المتوقع بكثير. قيمة الفلوس مقابل الأكل ما تستاهل أبدا الكمية والجودة المقدمة. ما أنصح أي أحد يجرب هالمكان.,negative
بصراحة المطعم خيب أملي. الترتيب الداخلي صغير وغير مريح للجلوس. الوجبة وصل متأخر وكان بارد. السعر كانت صادمة مقارنة بمستوى الأكل. بصراحة ما راح أرجع مرة ثانية.,negative
جربنا المطعم أول مرة وللأسف ما عجبنا. الترتيب الداخلي غير نظيف وفيه روائح مب مريحة. استقبال الموظفين ما كان فيها أي اهتمام بالزبون. المقبلات كان طعمه غريب ومو طازج. بصراحة ما راح أرجع مرة ثانية.,negative
تجربتنا في المطعم الجديد كانت محبطة. الخدمة كانت غير محترفة أبدا. قيمة الفلوس مقابل الأكل مبالغ فيها بشكل غير منطقي. الوجبة الرئيسية كان مالح زيادة ومحروق شوي. تقييمي واحد من خمسة، للأسف.,negative
زرت المكان مع العائلة وكانت تجربة سيئة. الأصناف اللي طلبناها كان مالح زيادة ومحروق شوي. الأسعار مبالغ فيها بشكل غير منطقي. تعامل النادل ما كان فيها أي اهتمام بالزبون. الأجواء قديم ومهمل. خيبة أمل كبيرة بصراحة.,negative
المطعم ما يستاهل كل هالمديح اللي أسمعه. الديكور قديم ومهمل. الأصناف اللي طلبناها كان طعمه غريب ومو طازج. سرعة التقديم كانت مستفزة، الموظفين متضايقين وغير متعاونين. تقييمي واحد من خمسة، للأسف.,negative
زرنا المكان أمس وندمنا. الوجبة الرئيسية كان دون المستوى المتوقع بكثير. الأسعار مقارنة بالكمية ما تستاهل أبدا الكمية والجودة المقدمة. تعامل النادل كانت سيئة جدا وبطيئة. ما أنصح أي أحد يجرب هالمكان.,negative
جربنا مطعم البيتزا أول مرة وللأسف ما عجبنا. الحلا وصل متأخر وكان بارد. تعامل النادل أخذت وقت طويل جدا بدون داعي. الأسعار غالية جدا مقابل الجودة الرديئة. الأجواء مزدحم وصوته عالي جدا. خيبة أمل كبيرة بصراحة.,negative
المكان ما يستاهل كل هالمديح اللي أسمعه. النظافة مزدحم وصوته عالي جدا. استقبال الموظفين كانت مستفزة، الموظفين متضايقين وغير متعاونين. السلطة كان بارد وطعمه مو زين. للأسف المكان لا يستاهل حتى زيارة واحدة.,negative
كنت مع أصحابي في مطعم المشويات والتجربة كانت زفت. السعر مبالغ فيها بشكل غير منطقي. المكان مزدحم وصوته عالي جدا. البرجر كان بارد وطعمه مو زين. ما أنصح أي أحد يجرب هالمكان.,negative
من أسوأ تجاربي مع الكافيه. السلطة كان مالح زيادة ومحروق شوي. الخدمة بشكل عام كانت سيئة جدا وبطيئة. بصراحة ما راح أرجع مرة ثانية.,negative
مطعم الفطور ما يستاهل كل هالمديح اللي أسمعه. المشاوي كان جاهز مب طازج، حسيته مجمد. الأجواء صغير وغير مريح للجلوس. السعر غالية جدا مقابل الجودة الرديئة. سرعة التقديم كانت سيئة جدا وبطيئة. مو التجربة اللي توقعتها أبدا.,negative
للأسف مطعم الفطور تحت المستوى. البرجر كانت الكمية قليلة جدا مقابل السعر. الخدمة أخذت وقت طويل جدا بدون داعي. السعر غالية جدا مقابل الجودة الرديئة. المكان قديم ومهمل. أضعت وقتي وفلوسي على هالمطعم.,negative
المطعم اللي جربناه ما يستاهل كل هالمديح اللي أسمعه. الأرز كان مالح زيادة ومحروق شوي. الخدمة بشكل عام كانت سيئة جدا وبطيئة. الأسعار مقارنة بالكمية مبالغ فيها بشكل غير منطقي. خيبة أمل كبيرة بصراحة.,negative
بصراحة مطعم المأكولات البحرية خيب أملي. سرعة التقديم كانت سيئة جدا وبطيئة. الأسعار مقارنة بالكمية كانت صادمة مقارنة بمستوى الأكل. المشاوي كان دون المستوى المتوقع بكثير. مو التجربة اللي توقعتها أبدا.,negative
زرنا المطعم الجديد أمس وندمنا. قيمة الفلوس مقابل الأكل مبالغ فيها بشكل غير منطقي. الخدمة بشكل عام كانت غير محترفة أبدا. البيتزا كانت الكمية قليلة جدا مقابل السعر. الديكور صغير وغير مريح للجلوس. ما أنصح أي أحد يجرب هالمكان.,negative
مطعم البيتزا ما يستاهل كل هالمديح اللي أسمعه. الأجواء صغير وغير مريح للجلوس. الأصناف اللي طلبناها كان طعمه غريب ومو طازج. الخدمة كانت غير محترفة أبدا. تجربة محبطة من كل النواحي.,negative
زرنا مطعم المشويات أمس وندمنا. الخدمة بشكل عام كانت غير محترفة أبدا. الأرز ما كان فيه أي نكهة تذكر. تجربة محبطة من كل النواحي.,negative
تجربتنا في المطعم كانت محبطة. استقبال الموظفين أخذت وقت طويل جدا بدون داعي. العصائر كان جاهز مب طازج، حسيته مجمد. النظافة صغير وغير مريح للجلوس. قيمة الفلوس مقابل الأكل غالية جدا مقابل الجودة الرديئة. تجربة محبطة من كل النواحي.,negative
تجربتنا في المكان كانت محبطة. الديكور غير نظيف وفيه روائح مب مريحة. قيمة الفلوس مقابل الأكل كانت صادمة مقارنة بمستوى الأكل. الطعام وصل متأخر وكان بارد. تعامل النادل كانت غير محترفة أبدا. بصراحة ما راح أرجع مرة ثانية.,negative
المطعم الشعبي ما يستاهل كل هالمديح اللي أسمعه. الأصناف اللي طلبناها كانت الكمية قليلة جدا مقابل السعر. سرعة التقديم ما كان فيها أي اهتمام بالزبون. السعر مبالغ فيها بشكل غير منطقي. الجو العام مزدحم وصوته عالي جدا. تجربة محبطة من كل النواحي.,negative
جربنا المطعم أول مرة وللأسف ما عجبنا. سرعة التقديم ما كان فيها أي اهتمام بالزبون. الأرز كان جاهز مب طازج، حسيته مجمد. للأسف المكان لا يستاهل حتى زيارة واحدة.,negative
بصراحة المطعم خيب أملي. الوجبة الرئيسية كان بارد وطعمه مو زين. الترتيب الداخلي صغير وغير مريح للجلوس. الأسعار مقارنة بالكمية غالية جدا مقابل الجودة الرديئة. سرعة التقديم كانت سيئة جدا وبطيئة. ما أنصح أي أحد يجرب هالمكان.,negative
تجربتنا في مطعم المشويات كانت محبطة. قيمة الفلوس مقابل الأكل غالية جدا مقابل الجودة الرديئة. الأرز ما كان فيه أي نكهة تذكر. تجربة محبطة من كل النواحي.,negative
تجربتنا في مطعم الفطور كانت محبطة. الترتيب الداخلي غير نظيف وفيه روائح مب مريحة. الطعام ما كان فيه أي نكهة تذكر. تجربة محبطة من كل النواحي.,negative
زرت مطعم المشويات مع العائلة وكانت تجربة سيئة. الخدمة بشكل عام أخذت وقت طويل جدا بدون داعي. الأجواء غير نظيف وفيه روائح مب مريحة. الطعام كان مالح زيادة ومحروق شوي. بصراحة ما راح أرجع مرة ثانية.,negative
جربنا الكافيه أول مرة وللأسف ما عجبنا. سرعة التقديم كانت غير محترفة أبدا. الترتيب الداخلي قديم ومهمل. المشاوي كان دون المستوى المتوقع بكثير. تقييمي واحد من خمسة، للأسف.,negative
مطعم البرجر ما يستاهل كل هالمديح اللي أسمعه. الخدمة كانت سيئة جدا وبطيئة. البيتزا ما كان فيه أي نكهة تذكر. قيمة الفلوس مقابل الأكل مبالغ فيها بشكل غير منطقي. خيبة أمل كبيرة بصراحة.,negative
للأسف مطعم البيتزا تحت المستوى. الأسعار مقارنة بالكمية كانت صادمة مقارنة بمستوى الأكل. الأرز ما كان فيه أي نكهة تذكر. سرعة التقديم ما كان فيها أي اهتمام بالزبون. أضعت وقتي وفلوسي على هالمطعم.,negative
جربنا مطعم الفطور أول مرة وللأسف ما عجبنا. الطعام كان مالح زيادة ومحروق شوي. الخدمة كانت سيئة جدا وبطيئة. الجو العام غير نظيف وفيه روائح مب مريحة. للأسف المكان لا يستاهل حتى زيارة واحدة.,negative
زرنا المكان أمس وندمنا. الأسعار مقارنة بالكمية ما تستاهل أبدا الكمية والجودة المقدمة. الحلا كان بارد وطعمه مو زين. استقبال الموظفين ما كان فيها أي اهتمام بالزبون. بصراحة ما راح أرجع مرة ثانية.,negative
ما أنصح أحد يروح المطعم. الديكور غير نظيف وفيه روائح مب مريحة. السلطة كانت الكمية قليلة جدا مقابل السعر. السعر كانت صادمة مقارنة بمستوى الأكل. تعامل النادل ما كان فيها أي اهتمام بالزبون. خيبة أمل كبيرة بصراحة.,negative
بصراحة مطعم الفطور خيب أملي. النظافة غير نظيف وفيه روائح مب مريحة. الأسعار كانت صادمة مقارنة بمستوى الأكل. الوجبة كان جاهز مب طازج، حسيته مجمد. استقبال الموظفين كانت مستفزة، الموظفين متضايقين وغير متعاونين. تقييمي واحد من خمسة، للأسف.,negative
تجربتنا في مطعم الأكل الإيطالي كانت محبطة. سرعة التقديم ما كان فيها أي اهتمام بالزبون. السعر ما تستاهل أبدا الكمية والجودة المقدمة. البيتزا كان مالح زيادة ومحروق شوي. الديكور مزدحم وصوته عالي جدا. للأسف المكان لا يستاهل حتى زيارة واحدة.,negative
الكافيه ما يستاهل كل هالمديح اللي أسمعه. الجو العام قديم ومهمل. الطعام كان بارد وطعمه مو زين. الخدمة كانت سيئة جدا وبطيئة. خيبة أمل كبيرة بصراحة.,negative
زرت الكافيه مع العائلة وكانت تجربة سيئة. الأصناف اللي طلبناها وصل متأخر وكان بارد. الأسعار كانت صادمة مقارنة بمستوى الأكل. المكان غير نظيف وفيه روائح مب مريحة. تعامل النادل أخذت وقت طويل جدا بدون داعي. ما أنصح أي أحد يجرب هالمكان.,negative
تجربتنا في الفرع كانت محبطة. استقبال الموظفين كانت سيئة جدا وبطيئة. قيمة الفلوس مقابل الأكل مبالغ فيها بشكل غير منطقي. العصائر كان مالح زيادة ومحروق شوي. تقييمي واحد من خمسة، للأسف.,negative
من أسوأ تجاربي مع مطعم البيتزا. البرجر كان طعمه غريب ومو طازج. استقبال الموظفين أخذت وقت طويل جدا بدون داعي. ما أنصح أي أحد يجرب هالمكان.,negative
تجربتنا في مطعم البيتزا كانت محبطة. استقبال الموظفين ما كان فيها أي اهتمام بالزبون. البرجر ما كان فيه أي نكهة تذكر. الترتيب الداخلي غير نظيف وفيه روائح مب مريحة. تجربة محبطة من كل النواحي.,negative
ما أنصح أحد يروح الكافيه. الأسعار مقارنة بالكمية ما تستاهل أبدا الكمية والجودة المقدمة. السلطة كان مالح زيادة ومحروق شوي. الترتيب الداخلي صغير وغير مريح للجلوس. مو التجربة اللي توقعتها أبدا.,negative
كنت مع أصحابي في مطعم المشويات والتجربة كانت زفت. الأكل كان طعمه غريب ومو طازج. الديكور غير نظيف وفيه روائح مب مريحة. للأسف المكان لا يستاهل حتى زيارة واحدة.,negative
زرنا مطعم المشويات أمس وندمنا. الترتيب الداخلي صغير وغير مريح للجلوس. البيتزا كان دون المستوى المتوقع بكثير. الأسعار مقارنة بالكمية ما تستاهل أبدا الكمية والجودة المقدمة. الخدمة بشكل عام كانت سيئة جدا وبطيئة. تجربة محبطة من كل النواحي.,negative
بصراحة مطعم البرجر خيب أملي. المشاوي كان مالح زيادة ومحروق شوي. الأسعار مقارنة بالكمية مبالغ فيها بشكل غير منطقي. تعامل النادل كانت غير محترفة أبدا. بصراحة ما راح أرجع مرة ثانية.,negative
زرت المطعم الجديد مع العائلة وكانت تجربة سيئة. الوجبة الرئيسية كان طعمه غريب ومو طازج. بصراحة ما راح أرجع مرة ثانية.,negative
من أسوأ تجاربي مع مطعم الأكل الإيطالي. الأسعار ما تستاهل أبدا الكمية والجودة المقدمة. الخدمة بشكل عام أخذت وقت طويل جدا بدون داعي. المكان مزدحم وصوته عالي جدا. البيتزا وصل متأخر وكان بارد. تجربة محبطة من كل النواحي.,negative
تجربتنا في مطعم الأكل الإيطالي كانت محبطة. تعامل النادل كانت غير محترفة أبدا. السلطة كان بارد وطعمه مو زين. الجو العام مزدحم وصوته عالي جدا. مو التجربة اللي توقعتها أبدا.,negative
كنت مع أصحابي في مطعم البيتزا والتجربة كانت زفت. السعر كانت صادمة مقارنة بمستوى الأكل. الترتيب الداخلي قديم ومهمل. الطعام كان طعمه غريب ومو طازج. استقبال الموظفين كانت غير محترفة أبدا. خيبة أمل كبيرة بصراحة.,negative
من أسوأ تجاربي مع المطعم الشعبي. الخدمة ما كان فيها أي اهتمام بالزبون. الطعام كان دون المستوى المتوقع بكثير. بصراحة ما راح أرجع مرة ثانية.,negative
زرت مطعم البيتزا مع العائلة وكانت تجربة سيئة. الخدمة بشكل عام كانت سيئة جدا وبطيئة. البيتزا كان بارد وطعمه مو زين. الديكور صغير وغير مريح للجلوس. بصراحة ما راح أرجع مرة ثانية.,negative
جربنا الكافيه أول مرة وللأسف ما عجبنا. الأسعار مقارنة بالكمية غالية جدا مقابل الجودة الرديئة. الوجبة كان طعمه غريب ومو طازج. تعامل النادل كانت غير محترفة أبدا. بصراحة ما راح أرجع مرة ثانية.,negative
للأسف المكان تحت المستوى. قيمة الفلوس مقابل الأكل كانت صادمة مقارنة بمستوى الأكل. الخدمة كانت غير محترفة أبدا. المشاوي كان دون المستوى المتوقع بكثير. بصراحة ما راح أرجع مرة ثانية.,negative
زرنا الفرع أمس وندمنا. تعامل النادل كانت سيئة جدا وبطيئة. الطعام وصل متأخر وكان بارد. تقييمي واحد من خمسة، للأسف.,negative
زرنا المكان أمس وندمنا. الحلا كان دون المستوى المتوقع بكثير. الأجواء مزدحم وصوته عالي جدا. خيبة أمل كبيرة بصراحة.,negative
بصراحة مطعم الفطور خيب أملي. المقبلات كان جاهز مب طازج، حسيته مجمد. تعامل النادل كانت غير محترفة أبدا. المكان قديم ومهمل. ما أنصح أي أحد يجرب هالمكان.,negative
المطعم الجديد ما يستاهل كل هالمديح اللي أسمعه. المكان غير نظيف وفيه روائح مب مريحة. الوجبة كان دون المستوى المتوقع بكثير. الخدمة أخذت وقت طويل جدا بدون داعي. أضعت وقتي وفلوسي على هالمطعم.,negative
جربنا المطعم اللي جربناه أول مرة وللأسف ما عجبنا. العصائر وصل متأخر وكان بارد. الخدمة كانت سيئة جدا وبطيئة. خيبة أمل كبيرة بصراحة.,negative
كنت مع أصحابي في المكان والتجربة كانت زفت. تعامل النادل ما كان فيها أي اهتمام بالزبون. الديكور غير نظيف وفيه روائح مب مريحة. الأرز كان دون المستوى المتوقع بكثير. خيبة أمل كبيرة بصراحة.,negative
تجربتنا في مطعم البرجر كانت محبطة. الترتيب الداخلي غير نظيف وفيه روائح مب مريحة. الوجبة كان جاهز مب طازج، حسيته مجمد. سرعة التقديم ما كان فيها أي اهتمام بالزبون. قيمة الفلوس مقابل الأكل كانت صادمة مقارنة بمستوى الأكل. تجربة محبطة من كل النواحي.,negative
من أسوأ تجاربي مع مطعم الأكل الإيطالي. الخدمة ما كان فيها أي اهتمام بالزبون. البيتزا وصل متأخر وكان بارد. للأسف المكان لا يستاهل حتى زيارة واحدة.,negative
المطعم الجديد ما يستاهل كل هالمديح اللي أسمعه. الأسعار ما تستاهل أبدا الكمية والجودة المقدمة. المكان قديم ومهمل. المقبلات كان طعمه غريب ومو طازج. سرعة التقديم ما كان فيها أي اهتمام بالزبون. ما أنصح أي أحد يجرب هالمكان.,negative
زرت مطعم الوجبات السريعة مع العائلة وكانت تجربة سيئة. الوجبة الرئيسية كان مالح زيادة ومحروق شوي. أضعت وقتي وفلوسي على هالمطعم.,negative
كنت مع أصحابي في مطعم الأكل الإيطالي والتجربة كانت زفت. الحلا كان دون المستوى المتوقع بكثير. الخدمة بشكل عام أخذت وقت طويل جدا بدون داعي. الأسعار مقارنة بالكمية مبالغ فيها بشكل غير منطقي. النظافة مزدحم وصوته عالي جدا. للأسف المكان لا يستاهل حتى زيارة واحدة.,negative
كنت مع أصحابي في مطعم المشويات والتجربة كانت زفت. استقبال الموظفين كانت غير محترفة أبدا. الترتيب الداخلي قديم ومهمل. الحلا وصل متأخر وكان بارد. مو التجربة اللي توقعتها أبدا.,negative
الفرع ما يستاهل كل هالمديح اللي أسمعه. الوجبة كان دون المستوى المتوقع بكثير. أضعت وقتي وفلوسي على هالمطعم.,negative
للأسف المطعم الشعبي تحت المستوى. الخدمة بشكل عام ما كان فيها أي اهتمام بالزبون. الأكل وصل متأخر وكان بارد. السعر غالية جدا مقابل الجودة الرديئة. أضعت وقتي وفلوسي على هالمطعم.,negative
بصراحة المطعم الجديد خيب أملي. الوجبة الرئيسية كانت الكمية قليلة جدا مقابل السعر. استقبال الموظفين ما كان فيها أي اهتمام بالزبون. السعر كانت صادمة مقارنة بمستوى الأكل. المكان مزدحم وصوته عالي جدا. للأسف المكان لا يستاهل حتى زيارة واحدة.,negative
الفرع ما يستاهل كل هالمديح اللي أسمعه. الترتيب الداخلي مزدحم وصوته عالي جدا. استقبال الموظفين كانت غير محترفة أبدا. السلطة كان مالح زيادة ومحروق شوي. الأسعار مقارنة بالكمية مبالغ فيها بشكل غير منطقي. بصراحة ما راح أرجع مرة ثانية.,negative
من أسوأ تجاربي مع المطعم الجديد. استقبال الموظفين كانت غير محترفة أبدا. النظافة غير نظيف وفيه روائح مب مريحة. السعر مبالغ فيها بشكل غير منطقي. الأكل كان دون المستوى المتوقع بكثير. مو التجربة اللي توقعتها أبدا.,negative
جربنا مطعم البرجر أول مرة وللأسف ما عجبنا. الوجبة الرئيسية وصل متأخر وكان بارد. الأجواء غير نظيف وفيه روائح مب مريحة. للأسف المكان لا يستاهل حتى زيارة واحدة.,negative
بصراحة مطعم الوجبات السريعة خيب أملي. العصائر ما كان فيه أي نكهة تذكر. الترتيب الداخلي غير نظيف وفيه روائح مب مريحة. استقبال الموظفين كانت سيئة جدا وبطيئة. أضعت وقتي وفلوسي على هالمطعم.,negative
ما أنصح أحد يروح مطعم المأكولات البحرية. الأرز كان بارد وطعمه مو زين. المكان قديم ومهمل. الخدمة أخذت وقت طويل جدا بدون داعي. تجربة محبطة من كل النواحي.,negative
بصراحة المكان خيب أملي. استقبال الموظفين أخذت وقت طويل جدا بدون داعي. الأسعار مقارنة بالكمية كانت صادمة مقارنة بمستوى الأكل. الأرز كان مالح زيادة ومحروق شوي. ما أنصح أي أحد يجرب هالمكان.,negative
كنت مع أصحابي في مطعم الوجبات السريعة والتجربة كانت زفت. الأسعار مقارنة بالكمية كانت صادمة مقارنة بمستوى الأكل. الترتيب الداخلي مزدحم وصوته عالي جدا. المقبلات كانت الكمية قليلة جدا مقابل السعر. للأسف المكان لا يستاهل حتى زيارة واحدة.,negative
تجربتنا في المطعم اللي جربناه كانت محبطة. سرعة التقديم ما كان فيها أي اهتمام بالزبون. الوجبة الرئيسية كان جاهز مب طازج، حسيته مجمد. تجربة محبطة من كل النواحي.,negative
ما أنصح أحد يروح مطعم البرجر. الأسعار مقارنة بالكمية ما تستاهل أبدا الكمية والجودة المقدمة. المشاوي كان بارد وطعمه مو زين. تقييمي واحد من خمسة، للأسف.,negative
جربنا المطعم أول مرة وللأسف ما عجبنا. الأكل كان مالح زيادة ومحروق شوي. الأسعار ما تستاهل أبدا الكمية والجودة المقدمة. الخدمة بشكل عام كانت غير محترفة أبدا. الأجواء قديم ومهمل. تقييمي واحد من خمسة، للأسف.,negative
للأسف الكافيه تحت المستوى. الخدمة بشكل عام كانت سيئة جدا وبطيئة. الحلا كانت الكمية قليلة جدا مقابل السعر. الأسعار مقارنة بالكمية كانت صادمة مقارنة بمستوى الأكل. مو التجربة اللي توقعتها أبدا.,negative
بصراحة الكافيه خيب أملي. الطعام ما كان فيه أي نكهة تذكر. قيمة الفلوس مقابل الأكل كانت صادمة مقارنة بمستوى الأكل. سرعة التقديم أخذت وقت طويل جدا بدون داعي. الترتيب الداخلي غير نظيف وفيه روائح مب مريحة. خيبة أمل كبيرة بصراحة.,negative
الكافيه ما يستاهل كل هالمديح اللي أسمعه. الجو العام صغير وغير مريح للجلوس. المقبلات ما كان فيه أي نكهة تذكر. خيبة أمل كبيرة بصراحة.,negative
بصراحة المطعم الجديد خيب أملي. السعر كانت صادمة مقارنة بمستوى الأكل. المشاوي كان جاهز مب طازج، حسيته مجمد. تجربة محبطة من كل النواحي.,negative
جربنا الكافيه أول مرة وللأسف ما عجبنا. النظافة صغير وغير مريح للجلوس. المقبلات كانت الكمية قليلة جدا مقابل السعر. مو التجربة اللي توقعتها أبدا.,negative
ما أنصح أحد يروح المطعم الشعبي. الجو العام قديم ومهمل. البيتزا كان جاهز مب طازج، حسيته مجمد. تجربة محبطة من كل النواحي.,negative
زرت مطعم البيتزا مع العائلة وكانت تجربة سيئة. المكان مزدحم وصوته عالي جدا. الخدمة بشكل عام ما كان فيها أي اهتمام بالزبون. البرجر كان بارد وطعمه مو زين. بصراحة ما راح أرجع مرة ثانية.,negative
من أسوأ تجاربي مع مطعم الوجبات السريعة. النظافة صغير وغير مريح للجلوس. العصائر كان طعمه غريب ومو طازج. استقبال الموظفين كانت سيئة جدا وبطيئة. للأسف المكان لا يستاهل حتى زيارة واحدة.,negative
بصراحة المطعم اللي جربناه خيب أملي. الأسعار مقارنة بالكمية كانت صادمة مقارنة بمستوى الأكل. تعامل النادل كانت غير محترفة أبدا. الحلا كان طعمه غريب ومو طازج. ما أنصح أي أحد يجرب هالمكان.,negative
المكان ما يستاهل كل هالمديح اللي أسمعه. البرجر كان جاهز مب طازج، حسيته مجمد. الأسعار مقارنة بالكمية ما تستاهل أبدا الكمية والجودة المقدمة. بصراحة ما راح أرجع مرة ثانية.,negative
كنت مع أصحابي في المطعم الجديد والتجربة كانت زفت. استقبال الموظفين كانت غير محترفة أبدا. المقبلات كانت الكمية قليلة جدا مقابل السعر. الترتيب الداخلي قديم ومهمل. الأسعار مبالغ فيها بشكل غير منطقي. خيبة أمل كبيرة بصراحة.,negative
بصراحة المطعم خيب أملي. تعامل النادل كانت سيئة جدا وبطيئة. الوجبة الرئيسية وصل متأخر وكان بارد. أضعت وقتي وفلوسي على هالمطعم.,negative
كنت مع أصحابي في مطعم الفطور والتجربة كانت زفت. الوجبة ما كان فيه أي نكهة تذكر. الخدمة كانت سيئة جدا وبطيئة. الأسعار مبالغ فيها بشكل غير منطقي. أضعت وقتي وفلوسي على هالمطعم.,negative
زرت مطعم البيتزا مع العائلة وكانت تجربة سيئة. استقبال الموظفين ما كان فيها أي اهتمام بالزبون. المقبلات كان جاهز مب طازج، حسيته مجمد. خيبة أمل كبيرة بصراحة.,negative
الكافيه ما يستاهل كل هالمديح اللي أسمعه. الأصناف اللي طلبناها وصل متأخر وكان بارد. سرعة التقديم كانت سيئة جدا وبطيئة. ما أنصح أي أحد يجرب هالمكان.,negative
من أسوأ تجاربي مع المطعم الشعبي. الجو العام غير نظيف وفيه روائح مب مريحة. العصائر كان جاهز مب طازج، حسيته مجمد. الأسعار ما تستاهل أبدا الكمية والجودة المقدمة. استقبال الموظفين أخذت وقت طويل جدا بدون داعي. ما أنصح أي أحد يجرب هالمكان.,negative
بصراحة مطعم المأكولات البحرية خيب أملي. تعامل النادل كانت مستفزة، الموظفين متضايقين وغير متعاونين. البرجر كان طعمه غريب ومو طازج. السعر غالية جدا مقابل الجودة الرديئة. تقييمي واحد من خمسة، للأسف.,negative
بصراحة الفرع خيب أملي. الوجبة ما كان فيه أي نكهة تذكر. النظافة قديم ومهمل. تعامل النادل كانت غير محترفة أبدا. للأسف المكان لا يستاهل حتى زيارة واحدة.,negative
للأسف المكان تحت المستوى. السعر ما تستاهل أبدا الكمية والجودة المقدمة. تعامل النادل ما كان فيها أي اهتمام بالزبون. السلطة وصل متأخر وكان بارد. تجربة محبطة من كل النواحي.,negative
بصراحة مطعم البيتزا خيب أملي. الأرز ما كان فيه أي نكهة تذكر. تقييمي واحد من خمسة، للأسف.,negative
من أسوأ تجاربي مع المطعم. قيمة الفلوس مقابل الأكل غالية جدا مقابل الجودة الرديئة. الطعام كان طعمه غريب ومو طازج. سرعة التقديم أخذت وقت طويل جدا بدون داعي. خيبة أمل كبيرة بصراحة.,negative
زرنا مطعم الوجبات السريعة أمس وندمنا. الخدمة كانت مستفزة، الموظفين متضايقين وغير متعاونين. الوجبة الرئيسية وصل متأخر وكان بارد. الديكور غير نظيف وفيه روائح مب مريحة. ما أنصح أي أحد يجرب هالمكان.,negative
ما أنصح أحد يروح مطعم المأكولات البحرية. الوجبة الرئيسية كان جاهز مب طازج، حسيته مجمد. الأسعار مقارنة بالكمية كانت صادمة مقارنة بمستوى الأكل. النظافة مزدحم وصوته عالي جدا. مو التجربة اللي توقعتها أبدا.,negative
من أسوأ تجاربي مع المطعم الجديد. الوجبة الرئيسية كانت الكمية قليلة جدا مقابل السعر. السعر ما تستاهل أبدا الكمية والجودة المقدمة. الخدمة بشكل عام كانت سيئة جدا وبطيئة. بصراحة ما راح أرجع مرة ثانية.,negative
للأسف مطعم الوجبات السريعة تحت المستوى. السعر غالية جدا مقابل الجودة الرديئة. الوجبة ما كان فيه أي نكهة تذكر. الخدمة كانت سيئة جدا وبطيئة. أضعت وقتي وفلوسي على هالمطعم.,negative
بصراحة المطعم الشعبي خيب أملي. سرعة التقديم أخذت وقت طويل جدا بدون داعي. الأسعار مبالغ فيها بشكل غير منطقي. الديكور صغير وغير مريح للجلوس. الأصناف اللي طلبناها ما كان فيه أي نكهة تذكر. للأسف المكان لا يستاهل حتى زيارة واحدة.,negative
ما أنصح أحد يروح مطعم البيتزا. السلطة ما كان فيه أي نكهة تذكر. السعر مبالغ فيها بشكل غير منطقي. سرعة التقديم أخذت وقت طويل جدا بدون داعي. المكان غير نظيف وفيه روائح مب مريحة. تجربة محبطة من كل النواحي.,negative
بصراحة مطعم الأكل الإيطالي خيب أملي. سرعة التقديم كانت سيئة جدا وبطيئة. الأسعار مبالغ فيها بشكل غير منطقي. الجو العام مزدحم وصوته عالي جدا. الأكل كانت الكمية قليلة جدا مقابل السعر. أضعت وقتي وفلوسي على هالمطعم.,negative
كنت مع أصحابي في الكافيه والتجربة كانت زفت. قيمة الفلوس مقابل الأكل كانت صادمة مقارنة بمستوى الأكل. البرجر كان جاهز مب طازج، حسيته مجمد. النظافة قديم ومهمل. استقبال الموظفين كانت غير محترفة أبدا. للأسف المكان لا يستاهل حتى زيارة واحدة.,negative
للأسف المطعم الجديد تحت المستوى. المشاوي كانت الكمية قليلة جدا مقابل السعر. الأسعار مقارنة بالكمية كانت صادمة مقارنة بمستوى الأكل. خيبة أمل كبيرة بصراحة.,negative
تجربتنا في المطعم اللي جربناه كانت محبطة. سرعة التقديم كانت سيئة جدا وبطيئة. الأرز وصل متأخر وكان بارد. الديكور مزدحم وصوته عالي جدا. السعر مبالغ فيها بشكل غير منطقي. ما أنصح أي أحد يجرب هالمكان.,negative
زرنا مطعم البرجر أمس وندمنا. الطعام كان طعمه غريب ومو طازج. الخدمة كانت مستفزة، الموظفين متضايقين وغير متعاونين. تجربة محبطة من كل النواحي.,negative
زرت المكان مع العائلة وكانت تجربة سيئة. البرجر كان بارد وطعمه مو زين. النظافة غير نظيف وفيه روائح مب مريحة. للأسف المكان لا يستاهل حتى زيارة واحدة.,negative
ما أنصح أحد يروح مطعم الوجبات السريعة. الخدمة كانت غير محترفة أبدا. العصائر كان بارد وطعمه مو زين. الجو العام مزدحم وصوته عالي جدا. تقييمي واحد من خمسة، للأسف.,negative
زرت مطعم المشويات مع العائلة وكانت تجربة سيئة. استقبال الموظفين أخذت وقت طويل جدا بدون داعي. الأكل وصل متأخر وكان بارد. الأسعار مقارنة بالكمية غالية جدا مقابل الجودة الرديئة. أضعت وقتي وفلوسي على هالمطعم.,negative
زرت مطعم البيتزا مع العائلة وكانت تجربة سيئة. تعامل النادل كانت غير محترفة أبدا. الترتيب الداخلي قديم ومهمل. الطعام كان مالح زيادة ومحروق شوي. قيمة الفلوس مقابل الأكل غالية جدا مقابل الجودة الرديئة. للأسف المكان لا يستاهل حتى زيارة واحدة.,negative
بصراحة مطعم البرجر خيب أملي. الأرز ما كان فيه أي نكهة تذكر. قيمة الفلوس مقابل الأكل ما تستاهل أبدا الكمية والجودة المقدمة. تجربة محبطة من كل النواحي.,negative
من أسوأ تجاربي مع مطعم المشويات. السعر مبالغ فيها بشكل غير منطقي. استقبال الموظفين كانت غير محترفة أبدا. السلطة كان بارد وطعمه مو زين. مو التجربة اللي توقعتها أبدا.,negative
زرنا مطعم الفطور أمس وندمنا. السلطة كانت الكمية قليلة جدا مقابل السعر. الأسعار مبالغ فيها بشكل غير منطقي. الخدمة بشكل عام كانت غير محترفة أبدا. تقييمي واحد من خمسة، للأسف.,negative
زرنا المطعم الجديد أمس وندمنا. المكان غير نظيف وفيه روائح مب مريحة. الخدمة بشكل عام كانت سيئة جدا وبطيئة. الوجبة ما كان فيه أي نكهة تذكر. خيبة أمل كبيرة بصراحة.,negative
زرنا مطعم المشويات أمس وندمنا. الأسعار مقارنة بالكمية كانت صادمة مقارنة بمستوى الأكل. الترتيب الداخلي صغير وغير مريح للجلوس. الطعام كان دون المستوى المتوقع بكثير. أضعت وقتي وفلوسي على هالمطعم.,negative
المطعم ما يستاهل كل هالمديح اللي أسمعه. الوجبة كانت الكمية قليلة جدا مقابل السعر. الخدمة ما كان فيها أي اهتمام بالزبون. النظافة قديم ومهمل. مو التجربة اللي توقعتها أبدا.,negative
للأسف مطعم المأكولات البحرية تحت المستوى. قيمة الفلوس مقابل الأكل كانت صادمة مقارنة بمستوى الأكل. العصائر كان طعمه غريب ومو طازج. الخدمة بشكل عام أخذت وقت طويل جدا بدون داعي. المكان قديم ومهمل. خيبة أمل كبيرة بصراحة.,negative
مطعم المأكولات البحرية ما يستاهل كل هالمديح اللي أسمعه. سرعة التقديم كانت مستفزة، الموظفين متضايقين وغير متعاونين. الجو العام مزدحم وصوته عالي جدا. الأصناف اللي طلبناها كان طعمه غريب ومو طازج. خيبة أمل كبيرة بصراحة.,negative
ما أنصح أحد يروح المطعم الجديد. الأكل وصل متأخر وكان بارد. النظافة قديم ومهمل. السعر كانت صادمة مقارنة بمستوى الأكل. استقبال الموظفين كانت سيئة جدا وبطيئة. بصراحة ما راح أرجع مرة ثانية.,negative
للأسف مطعم البيتزا تحت المستوى. المقبلات ما كان فيه أي نكهة تذكر. الخدمة أخذت وقت طويل جدا بدون داعي. الأسعار كانت صادمة مقارنة بمستوى الأكل. خيبة أمل كبيرة بصراحة.,negative
كنت مع أصحابي في المطعم الشعبي والتجربة كانت زفت. الحلا كان بارد وطعمه مو زين. الديكور غير نظيف وفيه روائح مب مريحة. تعامل النادل كانت مستفزة، الموظفين متضايقين وغير متعاونين. بصراحة ما راح أرجع مرة ثانية.,negative
تجربتنا في مطعم الأكل الإيطالي كانت محبطة. الأسعار كانت صادمة مقارنة بمستوى الأكل. الخدمة كانت غير محترفة أبدا. البرجر كانت الكمية قليلة جدا مقابل السعر. المكان صغير وغير مريح للجلوس. خيبة أمل كبيرة بصراحة.,negative
جربنا المطعم أول مرة وللأسف ما عجبنا. الطعام كان بارد وطعمه مو زين. استقبال الموظفين ما كان فيها أي اهتمام بالزبون. قيمة الفلوس مقابل الأكل كانت صادمة مقارنة بمستوى الأكل. تقييمي واحد من خمسة، للأسف.,negative
من أسوأ تجاربي مع المطعم اللي جربناه. الأسعار مقارنة بالكمية غالية جدا مقابل الجودة الرديئة. الديكور غير نظيف وفيه روائح مب مريحة. سرعة التقديم كانت مستفزة، الموظفين متضايقين وغير متعاونين. المقبلات كان مالح زيادة ومحروق شوي. بصراحة ما راح أرجع مرة ثانية.,negative
زرت المطعم الجديد مع العائلة وكانت تجربة سيئة. قيمة الفلوس مقابل الأكل كانت صادمة مقارنة بمستوى الأكل. الخدمة بشكل عام كانت غير محترفة أبدا. الأصناف اللي طلبناها ما كان فيه أي نكهة تذكر. الأجواء صغير وغير مريح للجلوس. ما أنصح أي أحد يجرب هالمكان.,negative
كنت مع أصحابي في مطعم المأكولات البحرية والتجربة كانت زفت. الأصناف اللي طلبناها كان طعمه غريب ومو طازج. الأسعار مقارنة بالكمية مبالغ فيها بشكل غير منطقي. سرعة التقديم كانت مستفزة، الموظفين متضايقين وغير متعاونين. خيبة أمل كبيرة بصراحة.,negative
تجربتنا في مطعم البرجر كانت محبطة. الوجبة كان طعمه غريب ومو طازج. سرعة التقديم كانت سيئة جدا وبطيئة. السعر مبالغ فيها بشكل غير منطقي. مو التجربة اللي توقعتها أبدا.,negative
من أسوأ تجاربي مع مطعم البرجر. قيمة الفلوس مقابل الأكل مبالغ فيها بشكل غير منطقي. استقبال الموظفين ما كان فيها أي اهتمام بالزبون. الأصناف اللي طلبناها كان مالح زيادة ومحروق شوي. للأسف المكان لا يستاهل حتى زيارة واحدة.,negative
زرت الفرع مع العائلة وكانت تجربة سيئة. المكان مزدحم وصوته عالي جدا. الخدمة كانت سيئة جدا وبطيئة. المقبلات وصل متأخر وكان بارد. أضعت وقتي وفلوسي على هالمطعم.,negative
جربنا مطعم المأكولات البحرية أول مرة وللأسف ما عجبنا. البيتزا كان دون المستوى المتوقع بكثير. الخدمة ما كان فيها أي اهتمام بالزبون. خيبة أمل كبيرة بصراحة.,negative
للأسف المطعم تحت المستوى. استقبال الموظفين كانت مستفزة، الموظفين متضايقين وغير متعاونين. الأكل كان جاهز مب طازج، حسيته مجمد. مو التجربة اللي توقعتها أبدا.,negative
للأسف المطعم تحت المستوى. تعامل النادل كانت مستفزة، الموظفين متضايقين وغير متعاونين. المقبلات كان مالح زيادة ومحروق شوي. الأسعار غالية جدا مقابل الجودة الرديئة. خيبة أمل كبيرة بصراحة.,negative
للأسف مطعم المأكولات البحرية تحت المستوى. سرعة التقديم أخذت وقت طويل جدا بدون داعي. المشاوي كان دون المستوى المتوقع بكثير. خيبة أمل كبيرة بصراحة.,negative
بصراحة المكان خيب أملي. المقبلات كان جاهز مب طازج، حسيته مجمد. الخدمة بشكل عام أخذت وقت طويل جدا بدون داعي. تقييمي واحد من خمسة، للأسف.,negative
للأسف مطعم البيتزا تحت المستوى. استقبال الموظفين ما كان فيها أي اهتمام بالزبون. الحلا وصل متأخر وكان بارد. تجربة محبطة من كل النواحي.,negative
زرت المكان مع العائلة وكانت تجربة سيئة. المكان قديم ومهمل. السلطة ما كان فيه أي نكهة تذكر. خيبة أمل كبيرة بصراحة.,negative
من أسوأ تجاربي مع مطعم الفطور. تعامل النادل كانت مستفزة، الموظفين متضايقين وغير متعاونين. المشاوي كان جاهز مب طازج، حسيته مجمد. بصراحة ما راح أرجع مرة ثانية.,negative
ما أنصح أحد يروح المطعم اللي جربناه. الأسعار مقارنة بالكمية ما تستاهل أبدا الكمية والجودة المقدمة. الخدمة أخذت وقت طويل جدا بدون داعي. السلطة ما كان فيه أي نكهة تذكر. الترتيب الداخلي غير نظيف وفيه روائح مب مريحة. للأسف المكان لا يستاهل حتى زيارة واحدة.,negative
زرنا الفرع أمس وندمنا. الأسعار مبالغ فيها بشكل غير منطقي. سرعة التقديم أخذت وقت طويل جدا بدون داعي. النظافة غير نظيف وفيه روائح مب مريحة. المشاوي كان دون المستوى المتوقع بكثير. بصراحة ما راح أرجع مرة ثانية.,negative
من أسوأ تجاربي مع المطعم. المقبلات كان مالح زيادة ومحروق شوي. الترتيب الداخلي غير نظيف وفيه روائح مب مريحة. تعامل النادل كانت مستفزة، الموظفين متضايقين وغير متعاونين. أضعت وقتي وفلوسي على هالمطعم.,negative
من أسوأ تجاربي مع مطعم الفطور. الترتيب الداخلي صغير وغير مريح للجلوس. تعامل النادل كانت مستفزة، الموظفين متضايقين وغير متعاونين. الحلا كان مالح زيادة ومحروق شوي. تقييمي واحد من خمسة، للأسف.,negative
زرنا المطعم اللي جربناه أمس وندمنا. قيمة الفلوس مقابل الأكل مبالغ فيها بشكل غير منطقي. الخدمة كانت مستفزة، الموظفين متضايقين وغير متعاونين. البرجر كان طعمه غريب ومو طازج. الجو العام مزدحم وصوته عالي جدا. مو التجربة اللي توقعتها أبدا.,negative
كنت مع أصحابي في مطعم الوجبات السريعة والتجربة كانت زفت. تعامل النادل كانت سيئة جدا وبطيئة. السعر غالية جدا مقابل الجودة الرديئة. الوجبة كان طعمه غريب ومو طازج. تقييمي واحد من خمسة، للأسف.,negative
زرنا الفرع أمس وندمنا. المقبلات كانت الكمية قليلة جدا مقابل السعر. الخدمة كانت غير محترفة أبدا. النظافة مزدحم وصوته عالي جدا. ما أنصح أي أحد يجرب هالمكان.,negative
مطعم الفطور ما يستاهل كل هالمديح اللي أسمعه. البيتزا كانت الكمية قليلة جدا مقابل السعر. الخدمة بشكل عام كانت مستفزة، الموظفين متضايقين وغير متعاونين. للأسف المكان لا يستاهل حتى زيارة واحدة.,negative
للأسف المطعم الجديد تحت المستوى. الخدمة بشكل عام كانت سيئة جدا وبطيئة. البرجر وصل متأخر وكان بارد. أضعت وقتي وفلوسي على هالمطعم.,negative
للأسف مطعم الوجبات السريعة تحت المستوى. الأسعار مقارنة بالكمية كانت صادمة مقارنة بمستوى الأكل. الطعام كان مالح زيادة ومحروق شوي. الخدمة بشكل عام ما كان فيها أي اهتمام بالزبون. خيبة أمل كبيرة بصراحة.,negative
للأسف المطعم تحت المستوى. الخدمة بشكل عام أخذت وقت طويل جدا بدون داعي. الوجبة الرئيسية كان جاهز مب طازج، حسيته مجمد. الأسعار مقارنة بالكمية مبالغ فيها بشكل غير منطقي. للأسف المكان لا يستاهل حتى زيارة واحدة.,negative
زرنا مطعم الفطور أمس وندمنا. الأكل ما كان فيه أي نكهة تذكر. الأسعار ما تستاهل أبدا الكمية والجودة المقدمة. تعامل النادل كانت غير محترفة أبدا. تقييمي واحد من خمسة، للأسف.,negative
ما أنصح أحد يروح مطعم البيتزا. السلطة كان جاهز مب طازج، حسيته مجمد. الجو العام صغير وغير مريح للجلوس. تقييمي واحد من خمسة، للأسف.,negative
كنت مع أصحابي في مطعم المأكولات البحرية والتجربة كانت زفت. الوجبة كانت الكمية قليلة جدا مقابل السعر. الأسعار ما تستاهل أبدا الكمية والجودة المقدمة. للأسف المكان لا يستاهل حتى زيارة واحدة.,negative
جربنا الكافيه أول مرة وللأسف ما عجبنا. الوجبة الرئيسية كان جاهز مب طازج، حسيته مجمد. مو التجربة اللي توقعتها أبدا.,negative
بصراحة مطعم الأكل الإيطالي خيب أملي. الطعام ما كان فيه أي نكهة تذكر. السعر ما تستاهل أبدا الكمية والجودة المقدمة. الديكور صغير وغير مريح للجلوس. تعامل النادل كانت سيئة جدا وبطيئة. تقييمي واحد من خمسة، للأسف.,negative
زرت مطعم البيتزا مع العائلة وكانت تجربة سيئة. تعامل النادل كانت غير محترفة أبدا. الترتيب الداخلي صغير وغير مريح للجلوس. الأسعار ما تستاهل أبدا الكمية والجودة المقدمة. الحلا كان مالح زيادة ومحروق شوي. خيبة أمل كبيرة بصراحة.,negative
للأسف المطعم تحت المستوى. النظافة صغير وغير مريح للجلوس. البرجر كان جاهز مب طازج، حسيته مجمد. الخدمة كانت سيئة جدا وبطيئة. تجربة محبطة من كل النواحي.,negative
بصراحة الكافيه خيب أملي. الأسعار غالية جدا مقابل الجودة الرديئة. السلطة كان جاهز مب طازج، حسيته مجمد. سرعة التقديم كانت سيئة جدا وبطيئة. أضعت وقتي وفلوسي على هالمطعم.,negative
كنت مع أصحابي في الفرع والتجربة كانت زفت. الأرز كان طعمه غريب ومو طازج. النظافة مزدحم وصوته عالي جدا. الأسعار مقارنة بالكمية كانت صادمة مقارنة بمستوى الأكل. سرعة التقديم أخذت وقت طويل جدا بدون داعي. تجربة محبطة من كل النواحي.,negative
تجربتنا في مطعم المشويات كانت محبطة. سرعة التقديم كانت مستفزة، الموظفين متضايقين وغير متعاونين. المكان قديم ومهمل. السلطة كان بارد وطعمه مو زين. السعر ما تستاهل أبدا الكمية والجودة المقدمة. خيبة أمل كبيرة بصراحة.,negative
من أسوأ تجاربي مع المطعم الشعبي. الأسعار مقارنة بالكمية ما تستاهل أبدا الكمية والجودة المقدمة. الطعام كان طعمه غريب ومو طازج. الخدمة بشكل عام أخذت وقت طويل جدا بدون داعي. ما أنصح أي أحد يجرب هالمكان.,negative
جربنا مطعم المشويات أول مرة وللأسف ما عجبنا. استقبال الموظفين أخذت وقت طويل جدا بدون داعي. المكان صغير وغير مريح للجلوس. السلطة كان مالح زيادة ومحروق شوي. قيمة الفلوس مقابل الأكل كانت صادمة مقارنة بمستوى الأكل. للأسف المكان لا يستاهل حتى زيارة واحدة.,negative
جربنا المطعم الجديد أول مرة وللأسف ما عجبنا. المشاوي كانت الكمية قليلة جدا مقابل السعر. الأسعار ما تستاهل أبدا الكمية والجودة المقدمة. سرعة التقديم كانت مستفزة، الموظفين متضايقين وغير متعاونين. تقييمي واحد من خمسة، للأسف.,negative
تجربتنا في مطعم البيتزا كانت محبطة. الحلا كان بارد وطعمه مو زين. تعامل النادل ما كان فيها أي اهتمام بالزبون. الأسعار ما تستاهل أبدا الكمية والجودة المقدمة. ما أنصح أي أحد يجرب هالمكان.,negative
زرت المطعم اللي جربناه مع العائلة وكانت تجربة سيئة. سرعة التقديم أخذت وقت طويل جدا بدون داعي. السلطة كان جاهز مب طازج، حسيته مجمد. بصراحة ما راح أرجع مرة ثانية.,negative
بصراحة المطعم اللي جربناه خيب أملي. البرجر كان طعمه غريب ومو طازج. الأسعار غالية جدا مقابل الجودة الرديئة. ما أنصح أي أحد يجرب هالمكان.,negative
زرنا الفرع أمس وندمنا. العصائر كان جاهز مب طازج، حسيته مجمد. استقبال الموظفين ما كان فيها أي اهتمام بالزبون. السعر مبالغ فيها بشكل غير منطقي. خيبة أمل كبيرة بصراحة.,negative
الكافيه ما يستاهل كل هالمديح اللي أسمعه. استقبال الموظفين أخذت وقت طويل جدا بدون داعي. الترتيب الداخلي قديم ومهمل. المشاوي كانت الكمية قليلة جدا مقابل السعر. تقييمي واحد من خمسة، للأسف.,negative
تجربتنا في مطعم المأكولات البحرية كانت محبطة. المقبلات كان دون المستوى المتوقع بكثير. المكان صغير وغير مريح للجلوس. تعامل النادل أخذت وقت طويل جدا بدون داعي. تجربة محبطة من كل النواحي.,negative
المكان ما يستاهل كل هالمديح اللي أسمعه. البيتزا كان جاهز مب طازج، حسيته مجمد. الأجواء غير نظيف وفيه روائح مب مريحة. استقبال الموظفين كانت سيئة جدا وبطيئة. قيمة الفلوس مقابل الأكل ما تستاهل أبدا الكمية والجودة المقدمة. مو التجربة اللي توقعتها أبدا.,negative
كنت مع أصحابي في المطعم الجديد والتجربة كانت زفت. استقبال الموظفين كانت مستفزة، الموظفين متضايقين وغير متعاونين. الجو العام مزدحم وصوته عالي جدا. الأسعار مبالغ فيها بشكل غير منطقي. البرجر كان مالح زيادة ومحروق شوي. ما أنصح أي أحد يجرب هالمكان.,negative
المطعم اللي جربناه ما يستاهل كل هالمديح اللي أسمعه. الأكل وصل متأخر وكان بارد. سرعة التقديم كانت سيئة جدا وبطيئة. للأسف المكان لا يستاهل حتى زيارة واحدة.,negative
من أسوأ تجاربي مع مطعم الأكل الإيطالي. الخدمة بشكل عام أخذت وقت طويل جدا بدون داعي. المشاوي كان طعمه غريب ومو طازج. قيمة الفلوس مقابل الأكل ما تستاهل أبدا الكمية والجودة المقدمة. أضعت وقتي وفلوسي على هالمطعم.,negative
زرت الكافيه مع العائلة وكانت تجربة سيئة. الأكل ما كان فيه أي نكهة تذكر. استقبال الموظفين ما كان فيها أي اهتمام بالزبون. خيبة أمل كبيرة بصراحة.,negative
كنت مع أصحابي في الكافيه والتجربة كانت زفت. العصائر كانت الكمية قليلة جدا مقابل السعر. للأسف المكان لا يستاهل حتى زيارة واحدة.,negative
من أسوأ تجاربي مع الفرع. الطعام ما كان فيه أي نكهة تذكر. السعر ما تستاهل أبدا الكمية والجودة المقدمة. تجربة محبطة من كل النواحي.,negative
زرنا مطعم البيتزا أمس وندمنا. المشاوي كان دون المستوى المتوقع بكثير. مو التجربة اللي توقعتها أبدا.,negative
من أسوأ تجاربي مع المطعم الشعبي. الخدمة كانت مستفزة، الموظفين متضايقين وغير متعاونين. الوجبة كان دون المستوى المتوقع بكثير. الأسعار مقارنة بالكمية مبالغ فيها بشكل غير منطقي. المكان مزدحم وصوته عالي جدا. أضعت وقتي وفلوسي على هالمطعم.,negative
جربنا المكان أول مرة وللأسف ما عجبنا. الخدمة بشكل عام كانت مستفزة، الموظفين متضايقين وغير متعاونين. الأصناف اللي طلبناها كان جاهز مب طازج، حسيته مجمد. السعر مبالغ فيها بشكل غير منطقي. الديكور قديم ومهمل. ما أنصح أي أحد يجرب هالمكان.,negative
جربنا مطعم المشويات أول مرة وللأسف ما عجبنا. السلطة كان بارد وطعمه مو زين. قيمة الفلوس مقابل الأكل غالية جدا مقابل الجودة الرديئة. استقبال الموظفين ما كان فيها أي اهتمام بالزبون. مو التجربة اللي توقعتها أبدا.,negative
زرت مطعم الوجبات السريعة مع العائلة وكانت تجربة سيئة. استقبال الموظفين أخذت وقت طويل جدا بدون داعي. الحلا كان جاهز مب طازج، حسيته مجمد. بصراحة ما راح أرجع مرة ثانية.,negative
ما أنصح أحد يروح الكافيه. البيتزا كان طعمه غريب ومو طازج. استقبال الموظفين كانت سيئة جدا وبطيئة. ما أنصح أي أحد يجرب هالمكان.,negative
تجربتنا في مطعم البيتزا كانت محبطة. الجو العام قديم ومهمل. تعامل النادل كانت سيئة جدا وبطيئة. المقبلات ما كان فيه أي نكهة تذكر. تجربة محبطة من كل النواحي.,negative
زرنا الفرع أمس وندمنا. الوجبة الرئيسية كان دون المستوى المتوقع بكثير. قيمة الفلوس مقابل الأكل غالية جدا مقابل الجودة الرديئة. تجربة محبطة من كل النواحي.,negative
زرنا مطعم المأكولات البحرية أمس وندمنا. الوجبة كان بارد وطعمه مو زين. الأسعار غالية جدا مقابل الجودة الرديئة. استقبال الموظفين أخذت وقت طويل جدا بدون داعي. مو التجربة اللي توقعتها أبدا.,negative
بصراحة مطعم البرجر خيب أملي. العصائر كان جاهز مب طازج، حسيته مجمد. الخدمة بشكل عام أخذت وقت طويل جدا بدون داعي. الجو العام قديم ومهمل. بصراحة ما راح أرجع مرة ثانية.,negative
مطعم المأكولات البحرية ما يستاهل كل هالمديح اللي أسمعه. تعامل النادل أخذت وقت طويل جدا بدون داعي. البيتزا ما كان فيه أي نكهة تذكر. الديكور مزدحم وصوته عالي جدا. بصراحة ما راح أرجع مرة ثانية.,negative
من أسوأ تجاربي مع المطعم اللي جربناه. الأسعار غالية جدا مقابل الجودة الرديئة. الخدمة بشكل عام كانت غير محترفة أبدا. الأرز كان بارد وطعمه مو زين. ما أنصح أي أحد يجرب هالمكان.,negative
للأسف المطعم اللي جربناه تحت المستوى. السعر مبالغ فيها بشكل غير منطقي. الأكل ما كان فيه أي نكهة تذكر. الديكور صغير وغير مريح للجلوس. تقييمي واحد من خمسة، للأسف.,negative
ما أنصح أحد يروح مطعم الوجبات السريعة. تعامل النادل ما كان فيها أي اهتمام بالزبون. العصائر كانت الكمية قليلة جدا مقابل السعر. السعر غالية جدا مقابل الجودة الرديئة. الجو العام صغير وغير مريح للجلوس. تقييمي واحد من خمسة، للأسف.,negative
زرت الكافيه مع العائلة وكانت تجربة سيئة. النظافة غير نظيف وفيه روائح مب مريحة. الأكل كان دون المستوى المتوقع بكثير. الخدمة ما كان فيها أي اهتمام بالزبون. أضعت وقتي وفلوسي على هالمطعم.,negative
بصراحة الكافيه خيب أملي. قيمة الفلوس مقابل الأكل مبالغ فيها بشكل غير منطقي. البيتزا وصل متأخر وكان بارد. بصراحة ما راح أرجع مرة ثانية.,negative
جربنا المكان أول مرة وللأسف ما عجبنا. السعر مبالغ فيها بشكل غير منطقي. الأجواء مزدحم وصوته عالي جدا. سرعة التقديم ما كان فيها أي اهتمام بالزبون. البرجر ما كان فيه أي نكهة تذكر. تقييمي واحد من خمسة، للأسف.,negative
بصراحة مطعم المأكولات البحرية خيب أملي. الحلا ما كان فيه أي نكهة تذكر. الخدمة كانت سيئة جدا وبطيئة. الأسعار ما تستاهل أبدا الكمية والجودة المقدمة. المكان مزدحم وصوته عالي جدا. تقييمي واحد من خمسة، للأسف.,negative
مطعم البيتزا ما يستاهل كل هالمديح اللي أسمعه. سرعة التقديم كانت غير محترفة أبدا. الأسعار مقارنة بالكمية مبالغ فيها بشكل غير منطقي. النظافة غير نظيف وفيه روائح مب مريحة. السلطة كان بارد وطعمه مو زين. للأسف المكان لا يستاهل حتى زيارة واحدة.,negative
ما أنصح أحد يروح مطعم المأكولات البحرية. الأصناف اللي طلبناها وصل متأخر وكان بارد. الأسعار كانت صادمة مقارنة بمستوى الأكل. مو التجربة اللي توقعتها أبدا.,negative
زرنا مطعم الأكل الإيطالي أمس وندمنا. الخدمة بشكل عام كانت غير محترفة أبدا. السعر مبالغ فيها بشكل غير منطقي. العصائر كان بارد وطعمه مو زين. للأسف المكان لا يستاهل حتى زيارة واحدة.,negative
زرنا المطعم الجديد أمس وندمنا. السعر ما تستاهل أبدا الكمية والجودة المقدمة. سرعة التقديم أخذت وقت طويل جدا بدون داعي. السلطة كان جاهز مب طازج، حسيته مجمد. تجربة محبطة من كل النواحي.,negative
جربنا مطعم الفطور أول مرة وللأسف ما عجبنا. الخدمة كانت غير محترفة أبدا. قيمة الفلوس مقابل الأكل غالية جدا مقابل الجودة الرديئة. العصائر كان طعمه غريب ومو طازج. الترتيب الداخلي قديم ومهمل. مو التجربة اللي توقعتها أبدا.,negative
كنت مع أصحابي في مطعم الفطور والتجربة كانت زفت. السعر كانت صادمة مقارنة بمستوى الأكل. الأرز كان جاهز مب طازج، حسيته مجمد. خيبة أمل كبيرة بصراحة.,negative
بصراحة مطعم البرجر خيب أملي. المكان صغير وغير مريح للجلوس. السلطة كان دون المستوى المتوقع بكثير. تجربة محبطة من كل النواحي.,negative
ما أنصح أحد يروح مطعم الفطور. البرجر وصل متأخر وكان بارد. تعامل النادل ما كان فيها أي اهتمام بالزبون. تقييمي واحد من خمسة، للأسف.,negative
كنت مع أصحابي في مطعم البيتزا والتجربة كانت زفت. الأسعار غالية جدا مقابل الجودة الرديئة. الأكل كانت الكمية قليلة جدا مقابل السعر. تعامل النادل ما كان فيها أي اهتمام بالزبون. مو التجربة اللي توقعتها أبدا.,negative
من أسوأ تجاربي مع مطعم المشويات. المكان غير نظيف وفيه روائح مب مريحة. الخدمة بشكل عام كانت سيئة جدا وبطيئة. الأرز كان طعمه غريب ومو طازج. قيمة الفلوس مقابل الأكل غالية جدا مقابل الجودة الرديئة. بصراحة ما راح أرجع مرة ثانية.,negative
جربنا مطعم الأكل الإيطالي أول مرة وللأسف ما عجبنا. الأسعار مقارنة بالكمية كانت صادمة مقارنة بمستوى الأكل. المقبلات كان جاهز مب طازج، حسيته مجمد. الترتيب الداخلي قديم ومهمل. الخدمة بشكل عام كانت غير محترفة أبدا. ما أنصح أي أحد يجرب هالمكان.,negative
للأسف المطعم تحت المستوى. الأجواء قديم ومهمل. الخدمة كانت غير محترفة أبدا. العصائر كان بارد وطعمه مو زين. قيمة الفلوس مقابل الأكل غالية جدا مقابل الجودة الرديئة. أضعت وقتي وفلوسي على هالمطعم.,negative
زرنا مطعم البرجر أمس وندمنا. البيتزا كان مالح زيادة ومحروق شوي. خيبة أمل كبيرة بصراحة.,negative
زرنا الكافيه أمس وندمنا. المشاوي ما كان فيه أي نكهة تذكر. تعامل النادل ما كان فيها أي اهتمام بالزبون. للأسف المكان لا يستاهل حتى زيارة واحدة.,negative
زرت المطعم اللي جربناه مع العائلة وكانت تجربة سيئة. العصائر كان بارد وطعمه مو زين. خيبة أمل كبيرة بصراحة.,negative
تجربتنا في مطعم الأكل الإيطالي كانت محبطة. السعر مبالغ فيها بشكل غير منطقي. الخدمة بشكل عام كانت غير محترفة أبدا. الأرز وصل متأخر وكان بارد. ما أنصح أي أحد يجرب هالمكان.,negative
كنت مع أصحابي في مطعم البيتزا والتجربة كانت زفت. الخدمة بشكل عام ما كان فيها أي اهتمام بالزبون. الحلا كان جاهز مب طازج، حسيته مجمد. الأسعار مقارنة بالكمية كانت صادمة مقارنة بمستوى الأكل. للأسف المكان لا يستاهل حتى زيارة واحدة.,negative
جربنا مطعم الفطور أول مرة وللأسف ما عجبنا. الأصناف اللي طلبناها كانت الكمية قليلة جدا مقابل السعر. استقبال الموظفين كانت مستفزة، الموظفين متضايقين وغير متعاونين. أضعت وقتي وفلوسي على هالمطعم.,negative
الفرع ما يستاهل كل هالمديح اللي أسمعه. الأرز كان بارد وطعمه مو زين. تجربة محبطة من كل النواحي.,negative
زرنا الكافيه أمس وندمنا. الخدمة كانت سيئة جدا وبطيئة. الديكور غير نظيف وفيه روائح مب مريحة. الأسعار مقارنة بالكمية غالية جدا مقابل الجودة الرديئة. البرجر كان جاهز مب طازج، حسيته مجمد. للأسف المكان لا يستاهل حتى زيارة واحدة.,negative
من أسوأ تجاربي مع مطعم الفطور. السعر غالية جدا مقابل الجودة الرديئة. المشاوي كان جاهز مب طازج، حسيته مجمد. ما أنصح أي أحد يجرب هالمكان.,negative
للأسف مطعم المشويات تحت المستوى. البيتزا كان بارد وطعمه مو زين. سرعة التقديم أخذت وقت طويل جدا بدون داعي. ما أنصح أي أحد يجرب هالمكان.,negative
تجربتنا في مطعم البرجر كانت محبطة. الوجبة الرئيسية وصل متأخر وكان بارد. قيمة الفلوس مقابل الأكل مبالغ فيها بشكل غير منطقي. بصراحة ما راح أرجع مرة ثانية.,negative
زرنا الفرع أمس وندمنا. الطعام كان جاهز مب طازج، حسيته مجمد. سرعة التقديم كانت غير محترفة أبدا. مو التجربة اللي توقعتها أبدا.,negative
من أسوأ تجاربي مع مطعم الفطور. الخدمة بشكل عام أخذت وقت طويل جدا بدون داعي. الأصناف اللي طلبناها ما كان فيه أي نكهة تذكر. للأسف المكان لا يستاهل حتى زيارة واحدة.,negative
جربنا مطعم الفطور أول مرة وللأسف ما عجبنا. الوجبة كانت الكمية قليلة جدا مقابل السعر. الخدمة بشكل عام ما كان فيها أي اهتمام بالزبون. تجربة محبطة من كل النواحي.,negative
زرت مطعم البيتزا مع العائلة وكانت تجربة سيئة. الوجبة كان مالح زيادة ومحروق شوي. الأسعار مقارنة بالكمية مبالغ فيها بشكل غير منطقي. الخدمة أخذت وقت طويل جدا بدون داعي. الديكور مزدحم وصوته عالي جدا. أضعت وقتي وفلوسي على هالمطعم.,negative
من أسوأ تجاربي مع مطعم الوجبات السريعة. الوجبة كان طعمه غريب ومو طازج. الخدمة كانت غير محترفة أبدا. الأسعار كانت صادمة مقارنة بمستوى الأكل. تجربة محبطة من كل النواحي.,negative
بصراحة المطعم اللي جربناه خيب أملي. الديكور صغير وغير مريح للجلوس. السعر مبالغ فيها بشكل غير منطقي. الحلا كان مالح زيادة ومحروق شوي. الخدمة بشكل عام كانت مستفزة، الموظفين متضايقين وغير متعاونين. أضعت وقتي وفلوسي على هالمطعم.,negative
زرت مطعم المأكولات البحرية مع العائلة وكانت تجربة سيئة. الأجواء صغير وغير مريح للجلوس. الأكل كان طعمه غريب ومو طازج. ما أنصح أي أحد يجرب هالمكان.,negative
المطعم اللي جربناه ما يستاهل كل هالمديح اللي أسمعه. الأسعار ما تستاهل أبدا الكمية والجودة المقدمة. الخدمة أخذت وقت طويل جدا بدون داعي. المقبلات كان بارد وطعمه مو زين. للأسف المكان لا يستاهل حتى زيارة واحدة.,negative
بصراحة الفرع خيب أملي. الأصناف اللي طلبناها كان بارد وطعمه مو زين. تجربة محبطة من كل النواحي.,negative
ما أنصح أحد يروح مطعم البيتزا. الجو العام غير نظيف وفيه روائح مب مريحة. الأسعار ما تستاهل أبدا الكمية والجودة المقدمة. الحلا ما كان فيه أي نكهة تذكر. تعامل النادل كانت سيئة جدا وبطيئة. للأسف المكان لا يستاهل حتى زيارة واحدة.,negative
مطعم الأكل الإيطالي ما يستاهل كل هالمديح اللي أسمعه. الأكل كان جاهز مب طازج، حسيته مجمد. الترتيب الداخلي صغير وغير مريح للجلوس. استقبال الموظفين أخذت وقت طويل جدا بدون داعي. للأسف المكان لا يستاهل حتى زيارة واحدة.,negative
كنت مع أصحابي في مطعم المأكولات البحرية والتجربة كانت زفت. قيمة الفلوس مقابل الأكل كانت صادمة مقارنة بمستوى الأكل. سرعة التقديم كانت مستفزة، الموظفين متضايقين وغير متعاونين. الأكل كان مالح زيادة ومحروق شوي. تقييمي واحد من خمسة، للأسف.,negative
من أسوأ تجاربي مع مطعم البرجر. الأسعار غالية جدا مقابل الجودة الرديئة. الترتيب الداخلي مزدحم وصوته عالي جدا. الخدمة ما كان فيها أي اهتمام بالزبون. الأرز كان طعمه غريب ومو طازج. ما أنصح أي أحد يجرب هالمكان.,negative
بصراحة المطعم الجديد خيب أملي. السلطة كان مالح زيادة ومحروق شوي. سرعة التقديم أخذت وقت طويل جدا بدون داعي. قيمة الفلوس مقابل الأكل مبالغ فيها بشكل غير منطقي. ما أنصح أي أحد يجرب هالمكان.,negative
من أسوأ تجاربي مع مطعم البيتزا. الأسعار غالية جدا مقابل الجودة الرديئة. المقبلات ما كان فيه أي نكهة تذكر. الخدمة بشكل عام كانت سيئة جدا وبطيئة. خيبة أمل كبيرة بصراحة.,negative
زرنا المكان أمس وندمنا. سرعة التقديم كانت غير محترفة أبدا. السلطة وصل متأخر وكان بارد. الجو العام غير نظيف وفيه روائح مب مريحة. للأسف المكان لا يستاهل حتى زيارة واحدة.,negative
زرت مطعم البيتزا مع العائلة وكانت تجربة سيئة. المقبلات كان طعمه غريب ومو طازج. مو التجربة اللي توقعتها أبدا.,negative
ما أنصح أحد يروح المطعم اللي جربناه. الوجبة الرئيسية وصل متأخر وكان بارد. السعر كانت صادمة مقارنة بمستوى الأكل. استقبال الموظفين أخذت وقت طويل جدا بدون داعي. الديكور مزدحم وصوته عالي جدا. أضعت وقتي وفلوسي على هالمطعم.,negative
زرت مطعم الفطور مع العائلة وكانت تجربة سيئة. البرجر كان مالح زيادة ومحروق شوي. استقبال الموظفين كانت سيئة جدا وبطيئة. تجربة محبطة من كل النواحي.,negative
بصراحة المطعم الجديد خيب أملي. قيمة الفلوس مقابل الأكل غالية جدا مقابل الجودة الرديئة. الأصناف اللي طلبناها ما كان فيه أي نكهة تذكر. الديكور غير نظيف وفيه روائح مب مريحة. مو التجربة اللي توقعتها أبدا.,negative
للأسف مطعم المشويات تحت المستوى. الطعام كان دون المستوى المتوقع بكثير. سرعة التقديم كانت سيئة جدا وبطيئة. أضعت وقتي وفلوسي على هالمطعم.,negative
زرت مطعم الفطور مع العائلة وكانت تجربة سيئة. الخدمة بشكل عام كانت سيئة جدا وبطيئة. البيتزا وصل متأخر وكان بارد. بصراحة ما راح أرجع مرة ثانية.,negative
من أسوأ تجاربي مع مطعم المأكولات البحرية. الحلا كان دون المستوى المتوقع بكثير. قيمة الفلوس مقابل الأكل كانت صادمة مقارنة بمستوى الأكل. الخدمة بشكل عام كانت مستفزة، الموظفين متضايقين وغير متعاونين. تجربة محبطة من كل النواحي.,negative
زرت المكان مع العائلة وكانت تجربة سيئة. استقبال الموظفين كانت غير محترفة أبدا. النظافة صغير وغير مريح للجلوس. السلطة كان دون المستوى المتوقع بكثير. بصراحة ما راح أرجع مرة ثانية.,negative
زرنا المكان أمس وندمنا. الوجبة كان دون المستوى المتوقع بكثير. استقبال الموظفين كانت غير محترفة أبدا. الأسعار مقارنة بالكمية مبالغ فيها بشكل غير منطقي. تجربة محبطة من كل النواحي.,negative
المكان ما يستاهل كل هالمديح اللي أسمعه. المقبلات كان مالح زيادة ومحروق شوي. استقبال الموظفين كانت غير محترفة أبدا. مو التجربة اللي توقعتها أبدا.,negative
جربنا المطعم أول مرة وللأسف ما عجبنا. الجو العام مزدحم وصوته عالي جدا. الوجبة كان جاهز مب طازج، حسيته مجمد. تعامل النادل ما كان فيها أي اهتمام بالزبون. تقييمي واحد من خمسة، للأسف.,negative
بصراحة مطعم البرجر خيب أملي. سرعة التقديم كانت مستفزة، الموظفين متضايقين وغير متعاونين. المقبلات كان دون المستوى المتوقع بكثير. الأجواء قديم ومهمل. السعر ما تستاهل أبدا الكمية والجودة المقدمة. بصراحة ما راح أرجع مرة ثانية.,negative
زرنا الكافيه أمس وندمنا. الأجواء مزدحم وصوته عالي جدا. المشاوي وصل متأخر وكان بارد. الخدمة بشكل عام أخذت وقت طويل جدا بدون داعي. أضعت وقتي وفلوسي على هالمطعم.,negative
كنت مع أصحابي في مطعم الوجبات السريعة والتجربة كانت زفت. الأسعار غالية جدا مقابل الجودة الرديئة. الأكل كان بارد وطعمه مو زين. للأسف المكان لا يستاهل حتى زيارة واحدة.,negative
زرنا المطعم الجديد أمس وندمنا. الأسعار مقارنة بالكمية كانت صادمة مقارنة بمستوى الأكل. الأجواء صغير وغير مريح للجلوس. تعامل النادل كانت سيئة جدا وبطيئة. الحلا ما كان فيه أي نكهة تذكر. خيبة أمل كبيرة بصراحة.,negative
ما أنصح أحد يروح مطعم الفطور. سرعة التقديم كانت غير محترفة أبدا. الأسعار مقارنة بالكمية غالية جدا مقابل الجودة الرديئة. المقبلات كان بارد وطعمه مو زين. تجربة محبطة من كل النواحي.,negative
زرت مطعم الأكل الإيطالي مع العائلة وكانت تجربة سيئة. الوجبة كان دون المستوى المتوقع بكثير. استقبال الموظفين كانت مستفزة، الموظفين متضايقين وغير متعاونين. خيبة أمل كبيرة بصراحة.,negative
زرنا الكافيه أمس وندمنا. الخدمة بشكل عام كانت سيئة جدا وبطيئة. المشاوي ما كان فيه أي نكهة تذكر. قيمة الفلوس مقابل الأكل مبالغ فيها بشكل غير منطقي. للأسف المكان لا يستاهل حتى زيارة واحدة.,negative
جربنا المطعم الجديد أول مرة وللأسف ما عجبنا. الخدمة بشكل عام أخذت وقت طويل جدا بدون داعي. البيتزا كان جاهز مب طازج، حسيته مجمد. للأسف المكان لا يستاهل حتى زيارة واحدة.,negative
مطعم المشويات ما يستاهل كل هالمديح اللي أسمعه. المقبلات كانت الكمية قليلة جدا مقابل السعر. تعامل النادل كانت مستفزة، الموظفين متضايقين وغير متعاونين. بصراحة ما راح أرجع مرة ثانية.,negative
من أسوأ تجاربي مع المكان. الأكل وصل متأخر وكان بارد. الأسعار مبالغ فيها بشكل غير منطقي. بصراحة ما راح أرجع مرة ثانية.,negative
بصراحة المطعم خيب أملي. تعامل النادل أخذت وقت طويل جدا بدون داعي. الديكور صغير وغير مريح للجلوس. السلطة كانت الكمية قليلة جدا مقابل السعر. للأسف المكان لا يستاهل حتى زيارة واحدة.,negative
بصراحة مطعم المشويات خيب أملي. الطعام كانت الكمية قليلة جدا مقابل السعر. السعر كانت صادمة مقارنة بمستوى الأكل. الخدمة بشكل عام كانت غير محترفة أبدا. ما أنصح أي أحد يجرب هالمكان.,negative
بصراحة مطعم البيتزا خيب أملي. المقبلات كان دون المستوى المتوقع بكثير. الأسعار مقارنة بالكمية كانت صادمة مقارنة بمستوى الأكل. تعامل النادل كانت مستفزة، الموظفين متضايقين وغير متعاونين. الديكور غير نظيف وفيه روائح مب مريحة. تجربة محبطة من كل النواحي.,negative
من أسوأ تجاربي مع المطعم. المشاوي ما كان فيه أي نكهة تذكر. السعر ما تستاهل أبدا الكمية والجودة المقدمة. الخدمة ما كان فيها أي اهتمام بالزبون. الأجواء صغير وغير مريح للجلوس. تجربة محبطة من كل النواحي.,negative
بصراحة مطعم المأكولات البحرية خيب أملي. السعر كانت صادمة مقارنة بمستوى الأكل. العصائر كانت الكمية قليلة جدا مقابل السعر. الترتيب الداخلي صغير وغير مريح للجلوس. الخدمة بشكل عام كانت مستفزة، الموظفين متضايقين وغير متعاونين. بصراحة ما راح أرجع مرة ثانية.,negative
زرت الفرع مع العائلة وكانت تجربة سيئة. الأجواء مزدحم وصوته عالي جدا. الأرز كان جاهز مب طازج، حسيته مجمد. سرعة التقديم كانت غير محترفة أبدا. ما أنصح أي أحد يجرب هالمكان.,negative
تجربتنا في المطعم كانت محبطة. الخدمة بشكل عام كانت سيئة جدا وبطيئة. الأسعار مقارنة بالكمية مبالغ فيها بشكل غير منطقي. الحلا ما كان فيه أي نكهة تذكر. ما أنصح أي أحد يجرب هالمكان.,negative
زرنا مطعم البرجر أمس وندمنا. العصائر وصل متأخر وكان بارد. سرعة التقديم ما كان فيها أي اهتمام بالزبون. ما أنصح أي أحد يجرب هالمكان.,negative
زرت المطعم مع العائلة وكانت تجربة سيئة. الأرز كان طعمه غريب ومو طازج. استقبال الموظفين كانت سيئة جدا وبطيئة. مو التجربة اللي توقعتها أبدا.,negative
ما أنصح أحد يروح الكافيه. المقبلات كانت الكمية قليلة جدا مقابل السعر. سرعة التقديم ما كان فيها أي اهتمام بالزبون. أضعت وقتي وفلوسي على هالمطعم.,negative
زرت مطعم الفطور مع العائلة وكانت تجربة سيئة. الأسعار غالية جدا مقابل الجودة الرديئة. الترتيب الداخلي صغير وغير مريح للجلوس. الوجبة الرئيسية كان جاهز مب طازج، حسيته مجمد. أضعت وقتي وفلوسي على هالمطعم.,negative
زرت مطعم الوجبات السريعة مع العائلة وكانت تجربة سيئة. السلطة كان مالح زيادة ومحروق شوي. النظافة صغير وغير مريح للجلوس. الخدمة كانت سيئة جدا وبطيئة. ما أنصح أي أحد يجرب هالمكان.,negative
جربنا المطعم أول مرة وللأسف ما عجبنا. الأصناف اللي طلبناها كان دون المستوى المتوقع بكثير. الأسعار مقارنة بالكمية كانت صادمة مقارنة بمستوى الأكل. الديكور غير نظيف وفيه روائح مب مريحة. استقبال الموظفين كانت مستفزة، الموظفين متضايقين وغير متعاونين. ما أنصح أي أحد يجرب هالمكان.,negative
كنت مع أصحابي في الكافيه والتجربة كانت زفت. تعامل النادل ما كان فيها أي اهتمام بالزبون. الأسعار مبالغ فيها بشكل غير منطقي. المقبلات كان طعمه غريب ومو طازج. تقييمي واحد من خمسة، للأسف.,negative
كنت مع أصحابي في المطعم الجديد والتجربة كانت زفت. العصائر كان بارد وطعمه مو زين. سرعة التقديم كانت غير محترفة أبدا. الأجواء قديم ومهمل. السعر كانت صادمة مقارنة بمستوى الأكل. ما أنصح أي أحد يجرب هالمكان.,negative
بصراحة المطعم الجديد خيب أملي. استقبال الموظفين كانت غير محترفة أبدا. السعر مبالغ فيها بشكل غير منطقي. البرجر ما كان فيه أي نكهة تذكر. الديكور صغير وغير مريح للجلوس. بصراحة ما راح أرجع مرة ثانية.,negative
المطعم ما يستاهل كل هالمديح اللي أسمعه. تعامل النادل كانت سيئة جدا وبطيئة. الوجبة الرئيسية كان دون المستوى المتوقع بكثير. تقييمي واحد من خمسة، للأسف.,negative
للأسف المطعم الشعبي تحت المستوى. الوجبة وصل متأخر وكان بارد. استقبال الموظفين كانت غير محترفة أبدا. الأسعار ما تستاهل أبدا الكمية والجودة المقدمة. تقييمي واحد من خمسة، للأسف.,negative
ما أنصح أحد يروح مطعم البيتزا. استقبال الموظفين كانت مستفزة، الموظفين متضايقين وغير متعاونين. العصائر كان دون المستوى المتوقع بكثير. خيبة أمل كبيرة بصراحة.,negative
بصراحة مطعم البيتزا خيب أملي. الخدمة كانت غير محترفة أبدا. الأرز كان مالح زيادة ومحروق شوي. تقييمي واحد من خمسة، للأسف.,negative
ما أنصح أحد يروح المطعم اللي جربناه. استقبال الموظفين كانت مستفزة، الموظفين متضايقين وغير متعاونين. قيمة الفلوس مقابل الأكل كانت صادمة مقارنة بمستوى الأكل. الأرز كانت الكمية قليلة جدا مقابل السعر. خيبة أمل كبيرة بصراحة.,negative
بصراحة الكافيه خيب أملي. تعامل النادل كانت سيئة جدا وبطيئة. المقبلات كانت الكمية قليلة جدا مقابل السعر. أضعت وقتي وفلوسي على هالمطعم.,negative
للأسف مطعم الفطور تحت المستوى. الأرز كان مالح زيادة ومحروق شوي. الخدمة بشكل عام كانت سيئة جدا وبطيئة. الأسعار ما تستاهل أبدا الكمية والجودة المقدمة. للأسف المكان لا يستاهل حتى زيارة واحدة.,negative
للأسف مطعم الأكل الإيطالي تحت المستوى. الخدمة أخذت وقت طويل جدا بدون داعي. السعر كانت صادمة مقارنة بمستوى الأكل. المقبلات كان بارد وطعمه مو زين. النظافة مزدحم وصوته عالي جدا. بصراحة ما راح أرجع مرة ثانية.,negative
ما أنصح أحد يروح المطعم الشعبي. الجو العام غير نظيف وفيه روائح مب مريحة. قيمة الفلوس مقابل الأكل ما تستاهل أبدا الكمية والجودة المقدمة. استقبال الموظفين كانت مستفزة، الموظفين متضايقين وغير متعاونين. الأرز كانت الكمية قليلة جدا مقابل السعر. أضعت وقتي وفلوسي على هالمطعم.,negative
جربنا المطعم الشعبي أول مرة وللأسف ما عجبنا. الحلا ما كان فيه أي نكهة تذكر. الخدمة كانت مستفزة، الموظفين متضايقين وغير متعاونين. للأسف المكان لا يستاهل حتى زيارة واحدة.,negative
جربنا المطعم أول مرة وللأسف ما عجبنا. الحلا وصل متأخر وكان بارد. الأسعار مقارنة بالكمية كانت صادمة مقارنة بمستوى الأكل. تعامل النادل كانت غير محترفة أبدا. مو التجربة اللي توقعتها أبدا.,negative
مطعم البرجر ما يستاهل كل هالمديح اللي أسمعه. الترتيب الداخلي قديم ومهمل. الحلا كان بارد وطعمه مو زين. تقييمي واحد من خمسة، للأسف.,negative
كنت مع أصحابي في مطعم البرجر والتجربة كانت زفت. الطعام كان دون المستوى المتوقع بكثير. السعر مبالغ فيها بشكل غير منطقي. تقييمي واحد من خمسة، للأسف.,negative
المكان ما يستاهل كل هالمديح اللي أسمعه. السلطة كان بارد وطعمه مو زين. الديكور غير نظيف وفيه روائح مب مريحة. استقبال الموظفين كانت مستفزة، الموظفين متضايقين وغير متعاونين. الأسعار ما تستاهل أبدا الكمية والجودة المقدمة. بصراحة ما راح أرجع مرة ثانية.,negative
زرت مطعم الفطور مع العائلة وكانت تجربة سيئة. البرجر كانت الكمية قليلة جدا مقابل السعر. تعامل النادل كانت غير محترفة أبدا. للأسف المكان لا يستاهل حتى زيارة واحدة.,negative
ما أنصح أحد يروح مطعم البيتزا. الأسعار غالية جدا مقابل الجودة الرديئة. الحلا كان جاهز مب طازج، حسيته مجمد. الخدمة كانت سيئة جدا وبطيئة. بصراحة ما راح أرجع مرة ثانية.,negative
زرنا المطعم الشعبي أمس وندمنا. تعامل النادل كانت سيئة جدا وبطيئة. قيمة الفلوس مقابل الأكل غالية جدا مقابل الجودة الرديئة. النظافة صغير وغير مريح للجلوس. البيتزا كان دون المستوى المتوقع بكثير. تجربة محبطة من كل النواحي.,negative
مطعم المأكولات البحرية ما يستاهل كل هالمديح اللي أسمعه. السلطة ما كان فيه أي نكهة تذكر. الترتيب الداخلي قديم ومهمل. الخدمة كانت مستفزة، الموظفين متضايقين وغير متعاونين. الأسعار كانت صادمة مقارنة بمستوى الأكل. مو التجربة اللي توقعتها أبدا.,negative
بصراحة مطعم الفطور خيب أملي. المكان غير نظيف وفيه روائح مب مريحة. استقبال الموظفين كانت مستفزة، الموظفين متضايقين وغير متعاونين. السعر مبالغ فيها بشكل غير منطقي. البيتزا كانت الكمية قليلة جدا مقابل السعر. خيبة أمل كبيرة بصراحة.,negative
للأسف مطعم الأكل الإيطالي تحت المستوى. المشاوي ما كان فيه أي نكهة تذكر. الخدمة كانت مستفزة، الموظفين متضايقين وغير متعاونين. الديكور مزدحم وصوته عالي جدا. الأسعار مقارنة بالكمية كانت صادمة مقارنة بمستوى الأكل. خيبة أمل كبيرة بصراحة.,negative
من أسوأ تجاربي مع مطعم الوجبات السريعة. سرعة التقديم كانت غير محترفة أبدا. المكان قديم ومهمل. الأسعار كانت صادمة مقارنة بمستوى الأكل. الأرز كان جاهز مب طازج، حسيته مجمد. مو التجربة اللي توقعتها أبدا.,negative
زرت المكان مع العائلة وكانت تجربة سيئة. الحلا كان بارد وطعمه مو زين. استقبال الموظفين كانت سيئة جدا وبطيئة. الأسعار كانت صادمة مقارنة بمستوى الأكل. للأسف المكان لا يستاهل حتى زيارة واحدة.,negative
للأسف مطعم الفطور تحت المستوى. المقبلات كان دون المستوى المتوقع بكثير. للأسف المكان لا يستاهل حتى زيارة واحدة.,negative
كنت مع أصحابي في مطعم الأكل الإيطالي والتجربة كانت زفت. الوجبة كان طعمه غريب ومو طازج. سرعة التقديم كانت سيئة جدا وبطيئة. تقييمي واحد من خمسة، للأسف.,negative
جربنا مطعم البرجر أول مرة وللأسف ما عجبنا. النظافة مزدحم وصوته عالي جدا. سرعة التقديم أخذت وقت طويل جدا بدون داعي. قيمة الفلوس مقابل الأكل كانت صادمة مقارنة بمستوى الأكل. الوجبة الرئيسية ما كان فيه أي نكهة تذكر. مو التجربة اللي توقعتها أبدا.,negative
كنت مع أصحابي في الكافيه والتجربة كانت زفت. السلطة كان دون المستوى المتوقع بكثير. استقبال الموظفين أخذت وقت طويل جدا بدون داعي. الأجواء مزدحم وصوته عالي جدا. الأسعار غالية جدا مقابل الجودة الرديئة. ما أنصح أي أحد يجرب هالمكان.,negative
تجربتنا في المطعم الجديد كانت محبطة. الخدمة أخذت وقت طويل جدا بدون داعي. البرجر كانت الكمية قليلة جدا مقابل السعر. السعر ما تستاهل أبدا الكمية والجودة المقدمة. أضعت وقتي وفلوسي على هالمطعم.,negative
ما أنصح أحد يروح المطعم. سرعة التقديم ما كان فيها أي اهتمام بالزبون. المكان صغير وغير مريح للجلوس. قيمة الفلوس مقابل الأكل مبالغ فيها بشكل غير منطقي. المشاوي كانت الكمية قليلة جدا مقابل السعر. أضعت وقتي وفلوسي على هالمطعم.,negative
كنت مع أصحابي في المكان والتجربة كانت زفت. الأكل كان بارد وطعمه مو زين. الخدمة بشكل عام كانت مستفزة، الموظفين متضايقين وغير متعاونين. تقييمي واحد من خمسة، للأسف.,negative
تجربتنا في مطعم المشويات كانت محبطة. الحلا كان دون المستوى المتوقع بكثير. تقييمي واحد من خمسة، للأسف.,negative
مطعم الفطور ما يستاهل كل هالمديح اللي أسمعه. الأجواء قديم ومهمل. سرعة التقديم كانت غير محترفة أبدا. المقبلات وصل متأخر وكان بارد. تقييمي واحد من خمسة، للأسف.,negative
الكافيه ما يستاهل كل هالمديح اللي أسمعه. الطعام ما كان فيه أي نكهة تذكر. قيمة الفلوس مقابل الأكل غالية جدا مقابل الجودة الرديئة. تقييمي واحد من خمسة، للأسف.,negative
ما أنصح أحد يروح المطعم اللي جربناه. الأجواء مزدحم وصوته عالي جدا. الوجبة كان طعمه غريب ومو طازج. الخدمة بشكل عام ما كان فيها أي اهتمام بالزبون. للأسف المكان لا يستاهل حتى زيارة واحدة.,negative
تجربتنا في مطعم البيتزا كانت محبطة. الأجواء غير نظيف وفيه روائح مب مريحة. البيتزا كان مالح زيادة ومحروق شوي. الخدمة ما كان فيها أي اهتمام بالزبون. الأسعار مقارنة بالكمية غالية جدا مقابل الجودة الرديئة. خيبة أمل كبيرة بصراحة.,negative
للأسف الكافيه تحت المستوى. العصائر وصل متأخر وكان بارد. السعر غالية جدا مقابل الجودة الرديئة. المكان صغير وغير مريح للجلوس. خيبة أمل كبيرة بصراحة.,negative
جربنا المطعم الشعبي أول مرة وللأسف ما عجبنا. تعامل النادل كانت مستفزة، الموظفين متضايقين وغير متعاونين. العصائر كان بارد وطعمه مو زين. الأسعار مقارنة بالكمية غالية جدا مقابل الجودة الرديئة. للأسف المكان لا يستاهل حتى زيارة واحدة.,negative
زرت المطعم مع العائلة وكانت تجربة سيئة. الأصناف اللي طلبناها كان بارد وطعمه مو زين. الخدمة بشكل عام كانت مستفزة، الموظفين متضايقين وغير متعاونين. الأجواء مزدحم وصوته عالي جدا. تقييمي واحد من خمسة، للأسف.,negative
كنت مع أصحابي في مطعم المشويات والتجربة كانت زفت. الأسعار ما تستاهل أبدا الكمية والجودة المقدمة. الخدمة كانت غير محترفة أبدا. العصائر كان طعمه غريب ومو طازج. تقييمي واحد من خمسة، للأسف.,negative
ما أنصح أحد يروح مطعم البرجر. المكان قديم ومهمل. الأصناف اللي طلبناها كانت الكمية قليلة جدا مقابل السعر. قيمة الفلوس مقابل الأكل كانت صادمة مقارنة بمستوى الأكل. الخدمة كانت غير محترفة أبدا. بصراحة ما راح أرجع مرة ثانية.,negative
للأسف المطعم تحت المستوى. الحلا كان بارد وطعمه مو زين. بصراحة ما راح أرجع مرة ثانية.,negative
زرت مطعم المأكولات البحرية مع العائلة وكانت تجربة سيئة. تعامل النادل ما كان فيها أي اهتمام بالزبون. الجو العام مزدحم وصوته عالي جدا. قيمة الفلوس مقابل الأكل مبالغ فيها بشكل غير منطقي. الأكل كان جاهز مب طازج، حسيته مجمد. بصراحة ما راح أرجع مرة ثانية.,negative
كنت مع أصحابي في مطعم الفطور والتجربة كانت زفت. تعامل النادل أخذت وقت طويل جدا بدون داعي. قيمة الفلوس مقابل الأكل ما تستاهل أبدا الكمية والجودة المقدمة. الحلا كان مالح زيادة ومحروق شوي. تجربة محبطة من كل النواحي.,negative
زرت مطعم الوجبات السريعة مع العائلة وكانت تجربة سيئة. قيمة الفلوس مقابل الأكل ما تستاهل أبدا الكمية والجودة المقدمة. الوجبة الرئيسية كان مالح زيادة ومحروق شوي. تعامل النادل كانت غير محترفة أبدا. خيبة أمل كبيرة بصراحة.,negative
زرت المطعم الجديد مع العائلة وكانت تجربة سيئة. الوجبة الرئيسية كان طعمه غريب ومو طازج. قيمة الفلوس مقابل الأكل مبالغ فيها بشكل غير منطقي. تعامل النادل ما كان فيها أي اهتمام بالزبون. للأسف المكان لا يستاهل حتى زيارة واحدة.,negative
جربنا الكافيه أول مرة وللأسف ما عجبنا. استقبال الموظفين ما كان فيها أي اهتمام بالزبون. الأصناف اللي طلبناها كان طعمه غريب ومو طازج. تقييمي واحد من خمسة، للأسف.,negative
المطعم ما يستاهل كل هالمديح اللي أسمعه. الأكل كان دون المستوى المتوقع بكثير. الخدمة ما كان فيها أي اهتمام بالزبون. الأسعار مقارنة بالكمية كانت صادمة مقارنة بمستوى الأكل. للأسف المكان لا يستاهل حتى زيارة واحدة.,negative
كنت مع أصحابي في المطعم اللي جربناه والتجربة كانت زفت. تعامل النادل كانت مستفزة، الموظفين متضايقين وغير متعاونين. البيتزا كان مالح زيادة ومحروق شوي. للأسف المكان لا يستاهل حتى زيارة واحدة.,negative
جربنا مطعم المشويات أول مرة وللأسف ما عجبنا. استقبال الموظفين أخذت وقت طويل جدا بدون داعي. الديكور قديم ومهمل. الأصناف اللي طلبناها كان مالح زيادة ومحروق شوي. السعر مبالغ فيها بشكل غير منطقي. تقييمي واحد من خمسة، للأسف.,negative
كنت مع أصحابي في المطعم والتجربة كانت زفت. النظافة مزدحم وصوته عالي جدا. الأسعار مقارنة بالكمية كانت صادمة مقارنة بمستوى الأكل. المقبلات كانت الكمية قليلة جدا مقابل السعر. مو التجربة اللي توقعتها أبدا.,negative
جربنا المكان أول مرة وللأسف ما عجبنا. استقبال الموظفين كانت مستفزة، الموظفين متضايقين وغير متعاونين. السعر مبالغ فيها بشكل غير منطقي. الديكور صغير وغير مريح للجلوس. السلطة كان جاهز مب طازج، حسيته مجمد. مو التجربة اللي توقعتها أبدا.,negative
للأسف مطعم البرجر تحت المستوى. المقبلات كان جاهز مب طازج، حسيته مجمد. الترتيب الداخلي غير نظيف وفيه روائح مب مريحة. الخدمة بشكل عام كانت سيئة جدا وبطيئة. خيبة أمل كبيرة بصراحة.,negative
جربنا المطعم اللي جربناه أول مرة وللأسف ما عجبنا. الجو العام غير نظيف وفيه روائح مب مريحة. الطعام كان جاهز مب طازج، حسيته مجمد. استقبال الموظفين كانت غير محترفة أبدا. أضعت وقتي وفلوسي على هالمطعم.,negative
زرت مطعم الفطور مع العائلة وكانت تجربة سيئة. السعر غالية جدا مقابل الجودة الرديئة. البيتزا كان مالح زيادة ومحروق شوي. الجو العام قديم ومهمل. سرعة التقديم ما كان فيها أي اهتمام بالزبون. بصراحة ما راح أرجع مرة ثانية.,negative
من أسوأ تجاربي مع مطعم الفطور. الحلا كان مالح زيادة ومحروق شوي. الأجواء غير نظيف وفيه روائح مب مريحة. بصراحة ما راح أرجع مرة ثانية.,negative
تجربتنا في المطعم الجديد كانت محبطة. العصائر كانت الكمية قليلة جدا مقابل السعر. الخدمة بشكل عام كانت سيئة جدا وبطيئة. تجربة محبطة من كل النواحي.,negative
للأسف مطعم البرجر تحت المستوى. قيمة الفلوس مقابل الأكل غالية جدا مقابل الجودة الرديئة. العصائر وصل متأخر وكان بارد. تعامل النادل ما كان فيها أي اهتمام بالزبون. للأسف المكان لا يستاهل حتى زيارة واحدة.,negative
جربنا مطعم الوجبات السريعة أول مرة وللأسف ما عجبنا. الطعام كان طعمه غريب ومو طازج. النظافة غير نظيف وفيه روائح مب مريحة. استقبال الموظفين كانت مستفزة، الموظفين متضايقين وغير متعاونين. بصراحة ما راح أرجع مرة ثانية.,negative
ما أنصح أحد يروح مطعم المأكولات البحرية. الوجبة كان طعمه غريب ومو طازج. الأسعار مقارنة بالكمية كانت صادمة مقارنة بمستوى الأكل. استقبال الموظفين أخذت وقت طويل جدا بدون داعي. تقييمي واحد من خمسة، للأسف.,negative
زرت المطعم الشعبي مع العائلة وكانت تجربة سيئة. الخدمة بشكل عام كانت غير محترفة أبدا. الأسعار مقارنة بالكمية ما تستاهل أبدا الكمية والجودة المقدمة. المشاوي كان طعمه غريب ومو طازج. ما أنصح أي أحد يجرب هالمكان.,negative
تجربتنا في مطعم البرجر كانت محبطة. الخدمة كانت غير محترفة أبدا. الوجبة الرئيسية وصل متأخر وكان بارد. مو التجربة اللي توقعتها أبدا.,negative
زرنا مطعم الفطور أمس وندمنا. الديكور قديم ومهمل. استقبال الموظفين أخذت وقت طويل جدا بدون داعي. المقبلات كان بارد وطعمه مو زين. ما أنصح أي أحد يجرب هالمكان.,negative
ما أنصح أحد يروح الكافيه. الخدمة أخذت وقت طويل جدا بدون داعي. البرجر وصل متأخر وكان بارد. خيبة أمل كبيرة بصراحة.,negative
المكان ما يستاهل كل هالمديح اللي أسمعه. الخدمة بشكل عام كانت سيئة جدا وبطيئة. المشاوي كان دون المستوى المتوقع بكثير. بصراحة ما راح أرجع مرة ثانية.,negative
جربنا المطعم الشعبي أول مرة وللأسف ما عجبنا. الوجبة كان طعمه غريب ومو طازج. الخدمة بشكل عام ما كان فيها أي اهتمام بالزبون. السعر كانت صادمة مقارنة بمستوى الأكل. مو التجربة اللي توقعتها أبدا.,negative
للأسف الفرع تحت المستوى. قيمة الفلوس مقابل الأكل كانت صادمة مقارنة بمستوى الأكل. المقبلات كان بارد وطعمه مو زين. مو التجربة اللي توقعتها أبدا.,negative
ما أنصح أحد يروح المطعم. النظافة صغير وغير مريح للجلوس. الخدمة كانت غير محترفة أبدا. الوجبة كان مالح زيادة ومحروق شوي. السعر مبالغ فيها بشكل غير منطقي. تقييمي واحد من خمسة، للأسف.,negative
زرنا الفرع أمس وندمنا. الديكور غير نظيف وفيه روائح مب مريحة. الأصناف اللي طلبناها ما كان فيه أي نكهة تذكر. سرعة التقديم كانت غير محترفة أبدا. خيبة أمل كبيرة بصراحة.,negative
زرنا الكافيه أمس وندمنا. الأجواء صغير وغير مريح للجلوس. قيمة الفلوس مقابل الأكل كانت صادمة مقارنة بمستوى الأكل. الخدمة كانت مستفزة، الموظفين متضايقين وغير متعاونين. الأكل كان دون المستوى المتوقع بكثير. ما أنصح أي أحد يجرب هالمكان.,negative
زرت مطعم المشويات مع العائلة وكانت تجربة سيئة. السلطة كان جاهز مب طازج، حسيته مجمد. الخدمة أخذت وقت طويل جدا بدون داعي. السعر مبالغ فيها بشكل غير منطقي. تجربة محبطة من كل النواحي.,negative
للأسف مطعم المأكولات البحرية تحت المستوى. الخدمة بشكل عام كانت غير محترفة أبدا. الوجبة كان دون المستوى المتوقع بكثير. الترتيب الداخلي صغير وغير مريح للجلوس. بصراحة ما راح أرجع مرة ثانية.,negative
من أسوأ تجاربي مع المطعم الجديد. الجو العام غير نظيف وفيه روائح مب مريحة. السعر كانت صادمة مقارنة بمستوى الأكل. الأصناف اللي طلبناها كان بارد وطعمه مو زين. الخدمة كانت سيئة جدا وبطيئة. أضعت وقتي وفلوسي على هالمطعم.,negative
ما أنصح أحد يروح مطعم المأكولات البحرية. المشاوي كانت الكمية قليلة جدا مقابل السعر. أضعت وقتي وفلوسي على هالمطعم.,negative
من أسوأ تجاربي مع الكافيه. الوجبة كانت الكمية قليلة جدا مقابل السعر. استقبال الموظفين كانت مستفزة، الموظفين متضايقين وغير متعاونين. تجربة محبطة من كل النواحي.,negative
جربنا المكان أول مرة وللأسف ما عجبنا. الجو العام قديم ومهمل. السعر غالية جدا مقابل الجودة الرديئة. المشاوي كانت الكمية قليلة جدا مقابل السعر. للأسف المكان لا يستاهل حتى زيارة واحدة.,negative
بصراحة المطعم الجديد خيب أملي. المكان غير نظيف وفيه روائح مب مريحة. العصائر كانت الكمية قليلة جدا مقابل السعر. الخدمة ما كان فيها أي اهتمام بالزبون. السعر ما تستاهل أبدا الكمية والجودة المقدمة. تقييمي واحد من خمسة، للأسف.,negative
تجربتنا في المكان كانت محبطة. الخدمة كانت مستفزة، الموظفين متضايقين وغير متعاونين. الحلا كانت الكمية قليلة جدا مقابل السعر. مو التجربة اللي توقعتها أبدا.,negative
مطعم البيتزا ما يستاهل كل هالمديح اللي أسمعه. المشاوي كان جاهز مب طازج، حسيته مجمد. تعامل النادل ما كان فيها أي اهتمام بالزبون. تجربة محبطة من كل النواحي.,negative
زرنا مطعم الفطور أمس وندمنا. العصائر كان دون المستوى المتوقع بكثير. الخدمة كانت غير محترفة أبدا. النظافة مزدحم وصوته عالي جدا. أضعت وقتي وفلوسي على هالمطعم.,negative
تجربتنا في المطعم اللي جربناه كانت محبطة. السعر كانت صادمة مقارنة بمستوى الأكل. الخدمة بشكل عام كانت غير محترفة أبدا. الديكور قديم ومهمل. المقبلات كان دون المستوى المتوقع بكثير. مو التجربة اللي توقعتها أبدا.,negative
مطعم الأكل الإيطالي ما يستاهل كل هالمديح اللي أسمعه. الأجواء صغير وغير مريح للجلوس. استقبال الموظفين كانت سيئة جدا وبطيئة. الأكل وصل متأخر وكان بارد. أضعت وقتي وفلوسي على هالمطعم.,negative
جربنا الفرع أول مرة وللأسف ما عجبنا. الأكل كان طعمه غريب ومو طازج. تعامل النادل كانت مستفزة، الموظفين متضايقين وغير متعاونين. الأسعار ما تستاهل أبدا الكمية والجودة المقدمة. تقييمي واحد من خمسة، للأسف.,negative
جربنا مطعم البيتزا أول مرة وللأسف ما عجبنا. الأصناف اللي طلبناها وصل متأخر وكان بارد. الخدمة أخذت وقت طويل جدا بدون داعي. الترتيب الداخلي مزدحم وصوته عالي جدا. للأسف المكان لا يستاهل حتى زيارة واحدة.,negative
كنت مع أصحابي في مطعم الفطور والتجربة كانت زفت. الحلا كانت الكمية قليلة جدا مقابل السعر. الأسعار مقارنة بالكمية ما تستاهل أبدا الكمية والجودة المقدمة. الترتيب الداخلي قديم ومهمل. مو التجربة اللي توقعتها أبدا.,negative
مطعم البيتزا ما يستاهل كل هالمديح اللي أسمعه. الوجبة الرئيسية كان مالح زيادة ومحروق شوي. تعامل النادل كانت سيئة جدا وبطيئة. السعر مبالغ فيها بشكل غير منطقي. خيبة أمل كبيرة بصراحة.,negative
للأسف المطعم الجديد تحت المستوى. الأسعار ما تستاهل أبدا الكمية والجودة المقدمة. استقبال الموظفين أخذت وقت طويل جدا بدون داعي. العصائر كان دون المستوى المتوقع بكثير. للأسف المكان لا يستاهل حتى زيارة واحدة.,negative
من أسوأ تجاربي مع مطعم الأكل الإيطالي. الوجبة كان دون المستوى المتوقع بكثير. تعامل النادل ما كان فيها أي اهتمام بالزبون. الأسعار مقارنة بالكمية كانت صادمة مقارنة بمستوى الأكل. تقييمي واحد من خمسة، للأسف.,negative
كنت مع أصحابي في مطعم الفطور والتجربة كانت زفت. قيمة الفلوس مقابل الأكل مبالغ فيها بشكل غير منطقي. الخدمة بشكل عام كانت سيئة جدا وبطيئة. السلطة وصل متأخر وكان بارد. الأجواء مزدحم وصوته عالي جدا. أضعت وقتي وفلوسي على هالمطعم.,negative
كنت مع أصحابي في مطعم الأكل الإيطالي والتجربة كانت زفت. المقبلات ما كان فيه أي نكهة تذكر. تعامل النادل كانت سيئة جدا وبطيئة. الأجواء قديم ومهمل. بصراحة ما راح أرجع مرة ثانية.,negative
زرنا المطعم أمس وندمنا. الخدمة بشكل عام أخذت وقت طويل جدا بدون داعي. الأسعار غالية جدا مقابل الجودة الرديئة. الأكل كانت الكمية قليلة جدا مقابل السعر. خيبة أمل كبيرة بصراحة.,negative
جربنا مطعم الأكل الإيطالي أول مرة وللأسف ما عجبنا. الوجبة الرئيسية كان جاهز مب طازج، حسيته مجمد. الخدمة أخذت وقت طويل جدا بدون داعي. الجو العام قديم ومهمل. ما أنصح أي أحد يجرب هالمكان.,negative
جربنا المكان أول مرة وللأسف ما عجبنا. النظافة قديم ومهمل. الحلا كان دون المستوى المتوقع بكثير. الخدمة بشكل عام كانت سيئة جدا وبطيئة. السعر كانت صادمة مقارنة بمستوى الأكل. تقييمي واحد من خمسة، للأسف.,negative
بصراحة مطعم المشويات خيب أملي. المقبلات كان دون المستوى المتوقع بكثير. تعامل النادل كانت سيئة جدا وبطيئة. النظافة مزدحم وصوته عالي جدا. مو التجربة اللي توقعتها أبدا.,negative
جربنا مطعم الفطور أول مرة وللأسف ما عجبنا. استقبال الموظفين كانت سيئة جدا وبطيئة. الوجبة الرئيسية وصل متأخر وكان بارد. ما أنصح أي أحد يجرب هالمكان.,negative
للأسف مطعم الفطور تحت المستوى. تعامل النادل كانت غير محترفة أبدا. السعر مبالغ فيها بشكل غير منطقي. الأجواء مزدحم وصوته عالي جدا. السلطة وصل متأخر وكان بارد. خيبة أمل كبيرة بصراحة.,negative
من أسوأ تجاربي مع مطعم البرجر. سرعة التقديم كانت سيئة جدا وبطيئة. الأسعار مقارنة بالكمية كانت صادمة مقارنة بمستوى الأكل. الطعام كان جاهز مب طازج، حسيته مجمد. ما أنصح أي أحد يجرب هالمكان.,negative
من أسوأ تجاربي مع المكان. الطعام كان بارد وطعمه مو زين. سرعة التقديم ما كان فيها أي اهتمام بالزبون. بصراحة ما راح أرجع مرة ثانية.,negative
بصراحة مطعم الفطور خيب أملي. تعامل النادل ما كان فيها أي اهتمام بالزبون. المقبلات كان مالح زيادة ومحروق شوي. تجربة محبطة من كل النواحي.,negative
مطعم الأكل الإيطالي ما يستاهل كل هالمديح اللي أسمعه. الترتيب الداخلي غير نظيف وفيه روائح مب مريحة. السعر كانت صادمة مقارنة بمستوى الأكل. استقبال الموظفين كانت سيئة جدا وبطيئة. المقبلات كان طعمه غريب ومو طازج. مو التجربة اللي توقعتها أبدا.,negative
ما أنصح أحد يروح مطعم الأكل الإيطالي. المشاوي كان مالح زيادة ومحروق شوي. السعر غالية جدا مقابل الجودة الرديئة. تجربة محبطة من كل النواحي.,negative
تجربتنا في المكان كانت محبطة. المشاوي كان مالح زيادة ومحروق شوي. أضعت وقتي وفلوسي على هالمطعم.,negative
كنت مع أصحابي في مطعم البيتزا والتجربة كانت زفت. المقبلات كان دون المستوى المتوقع بكثير. السعر ما تستاهل أبدا الكمية والجودة المقدمة. الخدمة كانت مستفزة، الموظفين متضايقين وغير متعاونين. ما أنصح أي أحد يجرب هالمكان.,negative
زرت مطعم المشويات مع العائلة وكانت تجربة سيئة. المشاوي ما كان فيه أي نكهة تذكر. الأسعار كانت صادمة مقارنة بمستوى الأكل. استقبال الموظفين كانت سيئة جدا وبطيئة. تقييمي واحد من خمسة، للأسف.,negative
ما أنصح أحد يروح مطعم البرجر. الوجبة ما كان فيه أي نكهة تذكر. الأجواء قديم ومهمل. بصراحة ما راح أرجع مرة ثانية.,negative
المطعم الجديد ما يستاهل كل هالمديح اللي أسمعه. الوجبة الرئيسية وصل متأخر وكان بارد. استقبال الموظفين ما كان فيها أي اهتمام بالزبون. السعر غالية جدا مقابل الجودة الرديئة. تقييمي واحد من خمسة، للأسف.,negative
جربنا مطعم البيتزا أول مرة وللأسف ما عجبنا. قيمة الفلوس مقابل الأكل غالية جدا مقابل الجودة الرديئة. المقبلات كان بارد وطعمه مو زين. النظافة مزدحم وصوته عالي جدا. ما أنصح أي أحد يجرب هالمكان.,negative
للأسف مطعم الوجبات السريعة تحت المستوى. تعامل النادل ما كان فيها أي اهتمام بالزبون. العصائر كانت الكمية قليلة جدا مقابل السعر. تجربة محبطة من كل النواحي.,negative
للأسف مطعم المشويات تحت المستوى. النظافة غير نظيف وفيه روائح مب مريحة. الخدمة ما كان فيها أي اهتمام بالزبون. البيتزا كانت الكمية قليلة جدا مقابل السعر. للأسف المكان لا يستاهل حتى زيارة واحدة.,negative
زرت مطعم المشويات مع العائلة وكانت تجربة سيئة. الأسعار مقارنة بالكمية ما تستاهل أبدا الكمية والجودة المقدمة. الأصناف اللي طلبناها كانت الكمية قليلة جدا مقابل السعر. الجو العام قديم ومهمل. تجربة محبطة من كل النواحي.,negative
للأسف الفرع تحت المستوى. المكان مزدحم وصوته عالي جدا. الحلا ما كان فيه أي نكهة تذكر. سرعة التقديم كانت مستفزة، الموظفين متضايقين وغير متعاونين. ما أنصح أي أحد يجرب هالمكان.,negative
زرت مطعم الوجبات السريعة مع العائلة وكانت تجربة سيئة. استقبال الموظفين كانت مستفزة، الموظفين متضايقين وغير متعاونين. البرجر كان بارد وطعمه مو زين. الجو العام قديم ومهمل. بصراحة ما راح أرجع مرة ثانية.,negative
من أسوأ تجاربي مع مطعم الفطور. الأسعار مقارنة بالكمية غالية جدا مقابل الجودة الرديئة. استقبال الموظفين كانت غير محترفة أبدا. الحلا كان دون المستوى المتوقع بكثير. للأسف المكان لا يستاهل حتى زيارة واحدة.,negative
زرت مطعم المأكولات البحرية مع العائلة وكانت تجربة سيئة. السعر ما تستاهل أبدا الكمية والجودة المقدمة. الديكور صغير وغير مريح للجلوس. المشاوي كان طعمه غريب ومو طازج. سرعة التقديم كانت سيئة جدا وبطيئة. للأسف المكان لا يستاهل حتى زيارة واحدة.,negative
زرنا المطعم الشعبي أمس وندمنا. الديكور صغير وغير مريح للجلوس. البرجر كان طعمه غريب ومو طازج. سرعة التقديم أخذت وقت طويل جدا بدون داعي. الأسعار مقارنة بالكمية كانت صادمة مقارنة بمستوى الأكل. للأسف المكان لا يستاهل حتى زيارة واحدة.,negative
للأسف مطعم البيتزا تحت المستوى. سرعة التقديم ما كان فيها أي اهتمام بالزبون. الأصناف اللي طلبناها كان جاهز مب طازج، حسيته مجمد. الأجواء مزدحم وصوته عالي جدا. تقييمي واحد من خمسة، للأسف.,negative
الفرع ما يستاهل كل هالمديح اللي أسمعه. الخدمة كانت مستفزة، الموظفين متضايقين وغير متعاونين. الطعام كان جاهز مب طازج، حسيته مجمد. الأسعار غالية جدا مقابل الجودة الرديئة. ما أنصح أي أحد يجرب هالمكان.,negative
ما أنصح أحد يروح مطعم الوجبات السريعة. الوجبة الرئيسية ما كان فيه أي نكهة تذكر. سرعة التقديم ما كان فيها أي اهتمام بالزبون. قيمة الفلوس مقابل الأكل كانت صادمة مقارنة بمستوى الأكل. ما أنصح أي أحد يجرب هالمكان.,negative
من أسوأ تجاربي مع المطعم الجديد. تعامل النادل ما كان فيها أي اهتمام بالزبون. السعر كانت صادمة مقارنة بمستوى الأكل. الوجبة الرئيسية كان مالح زيادة ومحروق شوي. تقييمي واحد من خمسة، للأسف.,negative
من أسوأ تجاربي مع مطعم المأكولات البحرية. تعامل النادل كانت غير محترفة أبدا. قيمة الفلوس مقابل الأكل مبالغ فيها بشكل غير منطقي. المقبلات ما كان فيه أي نكهة تذكر. الجو العام غير نظيف وفيه روائح مب مريحة. أضعت وقتي وفلوسي على هالمطعم.,negative
الكافيه ما يستاهل كل هالمديح اللي أسمعه. الخدمة بشكل عام كانت مستفزة، الموظفين متضايقين وغير متعاونين. الحلا كان جاهز مب طازج، حسيته مجمد. السعر مبالغ فيها بشكل غير منطقي. خيبة أمل كبيرة بصراحة.,negative
ما أنصح أحد يروح مطعم الأكل الإيطالي. النظافة قديم ومهمل. تعامل النادل كانت مستفزة، الموظفين متضايقين وغير متعاونين. الأصناف اللي طلبناها كان دون المستوى المتوقع بكثير. خيبة أمل كبيرة بصراحة.,negative
ما أنصح أحد يروح مطعم الوجبات السريعة. الأصناف اللي طلبناها ما كان فيه أي نكهة تذكر. تجربة محبطة من كل النواحي.,negative
ما أنصح أحد يروح المطعم الجديد. سرعة التقديم كانت مستفزة، الموظفين متضايقين وغير متعاونين. الأسعار غالية جدا مقابل الجودة الرديئة. الديكور مزدحم وصوته عالي جدا. الوجبة الرئيسية كان بارد وطعمه مو زين. ما أنصح أي أحد يجرب هالمكان.,negative
المطعم ما يستاهل كل هالمديح اللي أسمعه. المشاوي كانت الكمية قليلة جدا مقابل السعر. استقبال الموظفين كانت سيئة جدا وبطيئة. مو التجربة اللي توقعتها أبدا.,negative
زرنا مطعم الفطور أمس وندمنا. سرعة التقديم كانت غير محترفة أبدا. المقبلات كان دون المستوى المتوقع بكثير. تقييمي واحد من خمسة، للأسف.,negative
جربنا المكان أول مرة وللأسف ما عجبنا. الأسعار مقارنة بالكمية مبالغ فيها بشكل غير منطقي. الطعام كان بارد وطعمه مو زين. النظافة قديم ومهمل. تجربة محبطة من كل النواحي.,negative
ما أنصح أحد يروح مطعم البرجر. الترتيب الداخلي غير نظيف وفيه روائح مب مريحة. البرجر كان مالح زيادة ومحروق شوي. الخدمة بشكل عام ما كان فيها أي اهتمام بالزبون. مو التجربة اللي توقعتها أبدا.,negative
من أسوأ تجاربي مع مطعم البيتزا. استقبال الموظفين كانت غير محترفة أبدا. المشاوي كان طعمه غريب ومو طازج. الأسعار ما تستاهل أبدا الكمية والجودة المقدمة. خيبة أمل كبيرة بصراحة.,negative
زرنا مطعم الأكل الإيطالي أمس وندمنا. استقبال الموظفين كانت سيئة جدا وبطيئة. الأجواء صغير وغير مريح للجلوس. الأسعار مقارنة بالكمية كانت صادمة مقارنة بمستوى الأكل. المقبلات وصل متأخر وكان بارد. بصراحة ما راح أرجع مرة ثانية.,negative
المطعم اللي جربناه ما يستاهل كل هالمديح اللي أسمعه. سرعة التقديم كانت سيئة جدا وبطيئة. الأصناف اللي طلبناها ما كان فيه أي نكهة تذكر. ما أنصح أي أحد يجرب هالمكان.,negative
بصراحة الكافيه خيب أملي. الخدمة كانت غير محترفة أبدا. النظافة صغير وغير مريح للجلوس. الأسعار مقارنة بالكمية كانت صادمة مقارنة بمستوى الأكل. الأكل كانت الكمية قليلة جدا مقابل السعر. خيبة أمل كبيرة بصراحة.,negative
للأسف مطعم المشويات تحت المستوى. الخدمة بشكل عام ما كان فيها أي اهتمام بالزبون. الأسعار غالية جدا مقابل الجودة الرديئة. الوجبة الرئيسية كان طعمه غريب ومو طازج. ما أنصح أي أحد يجرب هالمكان.,negative
زرنا المطعم الشعبي أمس وندمنا. الخدمة بشكل عام كانت غير محترفة أبدا. النظافة صغير وغير مريح للجلوس. الحلا كان بارد وطعمه مو زين. للأسف المكان لا يستاهل حتى زيارة واحدة.,negative
للأسف مطعم الوجبات السريعة تحت المستوى. الأرز وصل متأخر وكان بارد. السعر ما تستاهل أبدا الكمية والجودة المقدمة. الخدمة ما كان فيها أي اهتمام بالزبون. تقييمي واحد من خمسة، للأسف.,negative
للأسف مطعم الوجبات السريعة تحت المستوى. الأسعار ما تستاهل أبدا الكمية والجودة المقدمة. الخدمة كانت غير محترفة أبدا. الأكل وصل متأخر وكان بارد. النظافة صغير وغير مريح للجلوس. بصراحة ما راح أرجع مرة ثانية.,negative
زرنا المطعم الجديد أمس وندمنا. قيمة الفلوس مقابل الأكل مبالغ فيها بشكل غير منطقي. البيتزا كان طعمه غريب ومو طازج. الخدمة أخذت وقت طويل جدا بدون داعي. تجربة محبطة من كل النواحي.,negative
تجربتنا في مطعم البيتزا كانت محبطة. السلطة كان بارد وطعمه مو زين. الخدمة بشكل عام كانت غير محترفة أبدا. النظافة صغير وغير مريح للجلوس. تقييمي واحد من خمسة، للأسف.,negative
ما أنصح أحد يروح مطعم الوجبات السريعة. الخدمة بشكل عام كانت مستفزة، الموظفين متضايقين وغير متعاونين. الوجبة الرئيسية كانت الكمية قليلة جدا مقابل السعر. تجربة محبطة من كل النواحي.,negative
بصراحة مطعم المأكولات البحرية خيب أملي. الخدمة كانت سيئة جدا وبطيئة. الأكل كانت الكمية قليلة جدا مقابل السعر. أضعت وقتي وفلوسي على هالمطعم.,negative
بصراحة المطعم خيب أملي. الأسعار مقارنة بالكمية كانت صادمة مقارنة بمستوى الأكل. تعامل النادل كانت سيئة جدا وبطيئة. الأرز ما كان فيه أي نكهة تذكر. تجربة محبطة من كل النواحي.,negative
المطعم الشعبي ما يستاهل كل هالمديح اللي أسمعه. البيتزا وصل متأخر وكان بارد. الخدمة بشكل عام ما كان فيها أي اهتمام بالزبون. للأسف المكان لا يستاهل حتى زيارة واحدة.,negative
المكان ما يستاهل كل هالمديح اللي أسمعه. الحلا وصل متأخر وكان بارد. السعر ما تستاهل أبدا الكمية والجودة المقدمة. الخدمة بشكل عام كانت سيئة جدا وبطيئة. تجربة محبطة من كل النواحي.,negative
بصراحة المكان خيب أملي. استقبال الموظفين ما كان فيها أي اهتمام بالزبون. الأسعار مقارنة بالكمية مبالغ فيها بشكل غير منطقي. الوجبة كان طعمه غريب ومو طازج. بصراحة ما راح أرجع مرة ثانية.,negative
زرت مطعم المأكولات البحرية مع العائلة وكانت تجربة سيئة. الخدمة ما كان فيها أي اهتمام بالزبون. السعر كانت صادمة مقارنة بمستوى الأكل. الوجبة وصل متأخر وكان بارد. تقييمي واحد من خمسة، للأسف.,negative
كنت مع أصحابي في المكان والتجربة كانت زفت. الخدمة بشكل عام كانت مستفزة، الموظفين متضايقين وغير متعاونين. السلطة كان بارد وطعمه مو زين. قيمة الفلوس مقابل الأكل مبالغ فيها بشكل غير منطقي. مو التجربة اللي توقعتها أبدا.,negative
من أسوأ تجاربي مع مطعم المشويات. الحلا ما كان فيه أي نكهة تذكر. استقبال الموظفين ما كان فيها أي اهتمام بالزبون. للأسف المكان لا يستاهل حتى زيارة واحدة.,negative
زرت المكان مع العائلة وكانت تجربة سيئة. البيتزا كان بارد وطعمه مو زين. استقبال الموظفين أخذت وقت طويل جدا بدون داعي. الأسعار مقارنة بالكمية غالية جدا مقابل الجودة الرديئة. المكان قديم ومهمل. أضعت وقتي وفلوسي على هالمطعم.,negative
من أسوأ تجاربي مع المطعم اللي جربناه. قيمة الفلوس مقابل الأكل ما تستاهل أبدا الكمية والجودة المقدمة. الأكل كان جاهز مب طازج، حسيته مجمد. سرعة التقديم كانت غير محترفة أبدا. أضعت وقتي وفلوسي على هالمطعم.,negative
ما أنصح أحد يروح الفرع. الخدمة بشكل عام ما كان فيها أي اهتمام بالزبون. الترتيب الداخلي قديم ومهمل. الأكل وصل متأخر وكان بارد. للأسف المكان لا يستاهل حتى زيارة واحدة.,negative
كنت مع أصحابي في مطعم البيتزا والتجربة كانت زفت. الخدمة بشكل عام كانت مستفزة، الموظفين متضايقين وغير متعاونين. الأسعار مقارنة بالكمية كانت صادمة مقارنة بمستوى الأكل. المشاوي كان مالح زيادة ومحروق شوي. بصراحة ما راح أرجع مرة ثانية.,negative
زرنا المطعم أمس وندمنا. الوجبة وصل متأخر وكان بارد. سرعة التقديم ما كان فيها أي اهتمام بالزبون. أضعت وقتي وفلوسي على هالمطعم.,negative
جربنا المطعم الجديد أول مرة وللأسف ما عجبنا. الخدمة بشكل عام كانت غير محترفة أبدا. الأجواء مزدحم وصوته عالي جدا. الحلا وصل متأخر وكان بارد. ما أنصح أي أحد يجرب هالمكان.,negative
زرت المطعم اللي جربناه مع العائلة وكانت تجربة سيئة. الأجواء صغير وغير مريح للجلوس. الطعام كان جاهز مب طازج، حسيته مجمد. الخدمة ما كان فيها أي اهتمام بالزبون. خيبة أمل كبيرة بصراحة.,negative
تجربتنا في المطعم الجديد كانت محبطة. الخدمة بشكل عام ما كان فيها أي اهتمام بالزبون. قيمة الفلوس مقابل الأكل مبالغ فيها بشكل غير منطقي. الطعام كان جاهز مب طازج، حسيته مجمد. تجربة محبطة من كل النواحي.,negative
ما أنصح أحد يروح المطعم اللي جربناه. الوجبة الرئيسية كان بارد وطعمه مو زين. الخدمة ما كان فيها أي اهتمام بالزبون. الأجواء قديم ومهمل. تقييمي واحد من خمسة، للأسف.,negative
مطعم الفطور ما يستاهل كل هالمديح اللي أسمعه. البرجر وصل متأخر وكان بارد. الخدمة كانت غير محترفة أبدا. الأسعار ما تستاهل أبدا الكمية والجودة المقدمة. أضعت وقتي وفلوسي على هالمطعم.,negative
تجربتنا في الكافيه كانت محبطة. تعامل النادل أخذت وقت طويل جدا بدون داعي. السعر مبالغ فيها بشكل غير منطقي. البرجر كان جاهز مب طازج، حسيته مجمد. الترتيب الداخلي غير نظيف وفيه روائح مب مريحة. خيبة أمل كبيرة بصراحة.,negative
المطعم ما يستاهل كل هالمديح اللي أسمعه. الأرز كان بارد وطعمه مو زين. استقبال الموظفين ما كان فيها أي اهتمام بالزبون. خيبة أمل كبيرة بصراحة.,negative
تجربتنا في مطعم المأكولات البحرية كانت محبطة. الديكور صغير وغير مريح للجلوس. الأصناف اللي طلبناها كان بارد وطعمه مو زين. تعامل النادل ما كان فيها أي اهتمام بالزبون. تجربة محبطة من كل النواحي.,negative
بصراحة المطعم خيب أملي. الأرز كان بارد وطعمه مو زين. الخدمة بشكل عام ما كان فيها أي اهتمام بالزبون. خيبة أمل كبيرة بصراحة.,negative
زرت مطعم الوجبات السريعة مع العائلة وكانت تجربة سيئة. الأرز كان مالح زيادة ومحروق شوي. السعر كانت صادمة مقارنة بمستوى الأكل. الجو العام مزدحم وصوته عالي جدا. للأسف المكان لا يستاهل حتى زيارة واحدة.,negative
ما أنصح أحد يروح المطعم الجديد. الأكل ما كان فيه أي نكهة تذكر. الأسعار كانت صادمة مقارنة بمستوى الأكل. تقييمي واحد من خمسة، للأسف.,negative
تجربتنا في الكافيه كانت محبطة. المقبلات كانت الكمية قليلة جدا مقابل السعر. قيمة الفلوس مقابل الأكل مبالغ فيها بشكل غير منطقي. الخدمة بشكل عام كانت سيئة جدا وبطيئة. خيبة أمل كبيرة بصراحة.,negative
جربنا مطعم البيتزا أول مرة وللأسف ما عجبنا. المشاوي كان مالح زيادة ومحروق شوي. ما أنصح أي أحد يجرب هالمكان.,negative
من أسوأ تجاربي مع مطعم الفطور. المقبلات ما كان فيه أي نكهة تذكر. قيمة الفلوس مقابل الأكل مبالغ فيها بشكل غير منطقي. بصراحة ما راح أرجع مرة ثانية.,negative
ما أنصح أحد يروح المكان. المكان مزدحم وصوته عالي جدا. الطعام وصل متأخر وكان بارد. الخدمة بشكل عام كانت مستفزة، الموظفين متضايقين وغير متعاونين. ما أنصح أي أحد يجرب هالمكان.,negative
من أسوأ تجاربي مع مطعم الفطور. المشاوي كان دون المستوى المتوقع بكثير. الخدمة كانت غير محترفة أبدا. الترتيب الداخلي قديم ومهمل. ما أنصح أي أحد يجرب هالمكان.,negative
من أسوأ تجاربي مع المكان. البيتزا كان طعمه غريب ومو طازج. الخدمة بشكل عام كانت مستفزة، الموظفين متضايقين وغير متعاونين. تقييمي واحد من خمسة، للأسف.,negative
ما أنصح أحد يروح مطعم المشويات. الطعام كانت الكمية قليلة جدا مقابل السعر. الجو العام صغير وغير مريح للجلوس. تقييمي واحد من خمسة، للأسف.,negative
زرنا المطعم الجديد أمس وندمنا. الأصناف اللي طلبناها كان جاهز مب طازج، حسيته مجمد. الديكور غير نظيف وفيه روائح مب مريحة. ما أنصح أي أحد يجرب هالمكان.,negative
كنت مع أصحابي في مطعم الأكل الإيطالي والتجربة كانت زفت. الجو العام مزدحم وصوته عالي جدا. سرعة التقديم كانت مستفزة، الموظفين متضايقين وغير متعاونين. الأسعار مقارنة بالكمية غالية جدا مقابل الجودة الرديئة. المقبلات كان مالح زيادة ومحروق شوي. ما أنصح أي أحد يجرب هالمكان.,negative
تجربتنا في مطعم الفطور كانت محبطة. العصائر كانت الكمية قليلة جدا مقابل السعر. قيمة الفلوس مقابل الأكل كانت صادمة مقارنة بمستوى الأكل. ما أنصح أي أحد يجرب هالمكان.,negative
من أسوأ تجاربي مع المطعم. المكان قديم ومهمل. الخدمة بشكل عام كانت غير محترفة أبدا. السعر مبالغ فيها بشكل غير منطقي. الأرز كانت الكمية قليلة جدا مقابل السعر. تقييمي واحد من خمسة، للأسف.,negative
كنت مع أصحابي في الفرع والتجربة كانت زفت. النظافة صغير وغير مريح للجلوس. المشاوي كان طعمه غريب ومو طازج. قيمة الفلوس مقابل الأكل مبالغ فيها بشكل غير منطقي. الخدمة بشكل عام ما كان فيها أي اهتمام بالزبون. خيبة أمل كبيرة بصراحة.,negative
الكافيه ما يستاهل كل هالمديح اللي أسمعه. الخدمة كانت سيئة جدا وبطيئة. الأرز كان طعمه غريب ومو طازج. الترتيب الداخلي مزدحم وصوته عالي جدا. الأسعار مقارنة بالكمية غالية جدا مقابل الجودة الرديئة. بصراحة ما راح أرجع مرة ثانية.,negative
زرنا مطعم المأكولات البحرية أمس وندمنا. الأسعار مقارنة بالكمية ما تستاهل أبدا الكمية والجودة المقدمة. الحلا كان طعمه غريب ومو طازج. الخدمة بشكل عام ما كان فيها أي اهتمام بالزبون. تجربة محبطة من كل النواحي.,negative
زرت المكان مع العائلة وكانت تجربة سيئة. الأسعار كانت صادمة مقارنة بمستوى الأكل. الحلا كانت الكمية قليلة جدا مقابل السعر. تعامل النادل ما كان فيها أي اهتمام بالزبون. تقييمي واحد من خمسة، للأسف.,negative
زرت مطعم الفطور مع العائلة وكانت تجربة سيئة. المقبلات ما كان فيه أي نكهة تذكر. الخدمة أخذت وقت طويل جدا بدون داعي. الترتيب الداخلي قديم ومهمل. خيبة أمل كبيرة بصراحة.,negative
زرت مطعم البيتزا مع العائلة وكانت تجربة سيئة. المقبلات كان دون المستوى المتوقع بكثير. سرعة التقديم كانت سيئة جدا وبطيئة. ما أنصح أي أحد يجرب هالمكان.,negative
تجربتنا في مطعم الأكل الإيطالي كانت محبطة. الديكور مزدحم وصوته عالي جدا. الخدمة بشكل عام كانت غير محترفة أبدا. الوجبة كان مالح زيادة ومحروق شوي. ما أنصح أي أحد يجرب هالمكان.,negative
جربنا المطعم الجديد أول مرة وللأسف ما عجبنا. الترتيب الداخلي غير نظيف وفيه روائح مب مريحة. الطعام كان طعمه غريب ومو طازج. تقييمي واحد من خمسة، للأسف.,negative
للأسف الكافيه تحت المستوى. النظافة صغير وغير مريح للجلوس. الخدمة بشكل عام كانت مستفزة، الموظفين متضايقين وغير متعاونين. الوجبة الرئيسية وصل متأخر وكان بارد. خيبة أمل كبيرة بصراحة.,negative
كنت مع أصحابي في المكان والتجربة كانت زفت. الديكور قديم ومهمل. السعر غالية جدا مقابل الجودة الرديئة. استقبال الموظفين أخذت وقت طويل جدا بدون داعي. الوجبة الرئيسية كانت الكمية قليلة جدا مقابل السعر. أضعت وقتي وفلوسي على هالمطعم.,negative
مطعم الفطور ما يستاهل كل هالمديح اللي أسمعه. الأرز كان دون المستوى المتوقع بكثير. الأسعار غالية جدا مقابل الجودة الرديئة. الأجواء صغير وغير مريح للجلوس. سرعة التقديم ما كان فيها أي اهتمام بالزبون. تقييمي واحد من خمسة، للأسف.,negative
المطعم اللي جربناه ما يستاهل كل هالمديح اللي أسمعه. تعامل النادل كانت غير محترفة أبدا. السعر مبالغ فيها بشكل غير منطقي. الأرز كان بارد وطعمه مو زين. خيبة أمل كبيرة بصراحة.,negative
من أسوأ تجاربي مع المطعم الجديد. الأرز كان بارد وطعمه مو زين. الخدمة ما كان فيها أي اهتمام بالزبون. خيبة أمل كبيرة بصراحة.,negative
بصراحة الفرع خيب أملي. الخدمة بشكل عام ما كان فيها أي اهتمام بالزبون. الجو العام غير نظيف وفيه روائح مب مريحة. الحلا وصل متأخر وكان بارد. تقييمي واحد من خمسة، للأسف.,negative
للأسف الكافيه تحت المستوى. استقبال الموظفين كانت سيئة جدا وبطيئة. المكان قديم ومهمل. السعر غالية جدا مقابل الجودة الرديئة. البيتزا كان مالح زيادة ومحروق شوي. أضعت وقتي وفلوسي على هالمطعم.,negative
بصراحة مطعم المشويات خيب أملي. الطعام وصل متأخر وكان بارد. تعامل النادل كانت سيئة جدا وبطيئة. الديكور قديم ومهمل. الأسعار ما تستاهل أبدا الكمية والجودة المقدمة. ما أنصح أي أحد يجرب هالمكان.,negative
كنت مع أصحابي في الكافيه والتجربة كانت زفت. الأصناف اللي طلبناها كان بارد وطعمه مو زين. الأسعار مقارنة بالكمية كانت صادمة مقارنة بمستوى الأكل. الخدمة بشكل عام كانت سيئة جدا وبطيئة. تجربة محبطة من كل النواحي.,negative
تجربتنا في المطعم اللي جربناه كانت محبطة. الأصناف اللي طلبناها كان جاهز مب طازج، حسيته مجمد. أضعت وقتي وفلوسي على هالمطعم.,negative
من أسوأ تجاربي مع مطعم الأكل الإيطالي. الأكل كان جاهز مب طازج، حسيته مجمد. سرعة التقديم كانت سيئة جدا وبطيئة. بصراحة ما راح أرجع مرة ثانية.,negative
مطعم البيتزا ما يستاهل كل هالمديح اللي أسمعه. الأجواء صغير وغير مريح للجلوس. سرعة التقديم ما كان فيها أي اهتمام بالزبون. البيتزا كان دون المستوى المتوقع بكثير. السعر مبالغ فيها بشكل غير منطقي. تقييمي واحد من خمسة، للأسف.,negative
جربنا المطعم الجديد أول مرة وللأسف ما عجبنا. تعامل النادل كانت سيئة جدا وبطيئة. الطعام كان مالح زيادة ومحروق شوي. قيمة الفلوس مقابل الأكل غالية جدا مقابل الجودة الرديئة. مو التجربة اللي توقعتها أبدا.,negative
جربنا مطعم البرجر أول مرة وللأسف ما عجبنا. الأكل كان طعمه غريب ومو طازج. قيمة الفلوس مقابل الأكل ما تستاهل أبدا الكمية والجودة المقدمة. خيبة أمل كبيرة بصراحة.,negative
زرنا المطعم أمس وندمنا. تعامل النادل كانت غير محترفة أبدا. الأرز كان بارد وطعمه مو زين. الأسعار ما تستاهل أبدا الكمية والجودة المقدمة. أضعت وقتي وفلوسي على هالمطعم.,negative
زرنا الكافيه أمس وندمنا. الخدمة بشكل عام كانت سيئة جدا وبطيئة. الجو العام مزدحم وصوته عالي جدا. الأكل كان طعمه غريب ومو طازج. الأسعار مقارنة بالكمية غالية جدا مقابل الجودة الرديئة. خيبة أمل كبيرة بصراحة.,negative
جربنا الكافيه أول مرة وللأسف ما عجبنا. الأجواء صغير وغير مريح للجلوس. الأسعار ما تستاهل أبدا الكمية والجودة المقدمة. العصائر ما كان فيه أي نكهة تذكر. الخدمة بشكل عام ما كان فيها أي اهتمام بالزبون. تقييمي واحد من خمسة، للأسف.,negative
زرت الكافيه مع العائلة وكانت تجربة سيئة. الحلا ما كان فيه أي نكهة تذكر. للأسف المكان لا يستاهل حتى زيارة واحدة.,negative
بصراحة مطعم الفطور خيب أملي. قيمة الفلوس مقابل الأكل ما تستاهل أبدا الكمية والجودة المقدمة. الطعام كان بارد وطعمه مو زين. الخدمة بشكل عام كانت غير محترفة أبدا. أضعت وقتي وفلوسي على هالمطعم.,negative
مطعم البرجر ما يستاهل كل هالمديح اللي أسمعه. الديكور غير نظيف وفيه روائح مب مريحة. الوجبة الرئيسية كان طعمه غريب ومو طازج. الخدمة بشكل عام ما كان فيها أي اهتمام بالزبون. أضعت وقتي وفلوسي على هالمطعم.,negative
زرت مطعم الوجبات السريعة مع العائلة وكانت تجربة سيئة. الخدمة أخذت وقت طويل جدا بدون داعي. السلطة ما كان فيه أي نكهة تذكر. للأسف المكان لا يستاهل حتى زيارة واحدة.,negative
المطعم ما يستاهل كل هالمديح اللي أسمعه. المشاوي كان بارد وطعمه مو زين. استقبال الموظفين كانت سيئة جدا وبطيئة. النظافة غير نظيف وفيه روائح مب مريحة. تقييمي واحد من خمسة، للأسف.,negative
كنت مع أصحابي في المطعم اللي جربناه والتجربة كانت زفت. تعامل النادل كانت غير محترفة أبدا. الطعام كان بارد وطعمه مو زين. الأجواء صغير وغير مريح للجلوس. تقييمي واحد من خمسة، للأسف.,negative
من أسوأ تجاربي مع المطعم الجديد. سرعة التقديم كانت سيئة جدا وبطيئة. العصائر وصل متأخر وكان بارد. السعر مبالغ فيها بشكل غير منطقي. للأسف المكان لا يستاهل حتى زيارة واحدة.,negative
زرت مطعم المأكولات البحرية مع العائلة وكانت تجربة سيئة. قيمة الفلوس مقابل الأكل ما تستاهل أبدا الكمية والجودة المقدمة. استقبال الموظفين ما كان فيها أي اهتمام بالزبون. السلطة كان جاهز مب طازج، حسيته مجمد. خيبة أمل كبيرة بصراحة.,negative
بصراحة مطعم البرجر خيب أملي. العصائر كان مالح زيادة ومحروق شوي. السعر ما تستاهل أبدا الكمية والجودة المقدمة. تعامل النادل كانت غير محترفة أبدا. المكان صغير وغير مريح للجلوس. للأسف المكان لا يستاهل حتى زيارة واحدة.,negative
كنت مع أصحابي في المطعم والتجربة كانت زفت. الأرز وصل متأخر وكان بارد. الخدمة بشكل عام كانت سيئة جدا وبطيئة. تجربة محبطة من كل النواحي.,negative
بصراحة المطعم الجديد خيب أملي. سرعة التقديم أخذت وقت طويل جدا بدون داعي. الأسعار ما تستاهل أبدا الكمية والجودة المقدمة. الطعام كان جاهز مب طازج، حسيته مجمد. أضعت وقتي وفلوسي على هالمطعم.,negative
