review,label
جربنا مطعم الأكل الإيطالي أول مرة. الخدمة كانت متوسطة، انتظرنا وقت مو طويل بس مو سريع. الطعام طعمه عادي، ولا حلو ولا سيء. بشكل عام تجربة وسط، ممكن نرجع وممكن لا.,neutral
جربنا المكان أول مرة. ما في شي يشتكى منه بس ولا في شي يمدح. الأصناف اللي طلبناها حلو بس الكمية أقل من المتوقع. تعامل النادل مقبولة، ينقصها شوي احترافية. الأسعار معقولة نوعا ما مقارنة بالجودة. تقييمي للمكان ثلاثة من خمسة، عادي.,neutral
تجربتنا كانت متوسطة. الأسعار معقولة نوعا ما مقارنة بالجودة. المشاوي لا بأس فيه، وسط الوسط. الخدمة عادية، الموظفين متعاونين بس التنظيم يحتاج تحسين. أعطيه تقييم متوسط، لا أنصح بقوة ولا أثبط أحد.,neutral
جربنا المطعم الجديد أول مرة. الخدمة بشكل عام تمام، لا سيئة ولا ممتازة. المقبلات مقبول بس مو شي يخلي القلب يرجع. بالنسبة لي تجربة عادية جدا ولا فيها شي يذكر بالسلب ولا الإيجاب.,neutral
كنت مع أصحابي في المطعم الجديد. سرعة التقديم كانت متوسطة، انتظرنا وقت مو طويل بس مو سريع. توقعت الأرز أحسن شوي بس برضو مو سيء. أعطيه تقييم متوسط، لا أنصح بقوة ولا أثبط أحد.,neutral
زرت مطعم المأكولات البحرية مع العائلة. الأصناف اللي طلبناها حلو بس الكمية أقل من المتوقع. الانتظار كان طبيعي مو طويل ومو قصير. تعامل النادل كانت بطيئة شوي بس محترمين. مو التجربة اللي بتنسى بس ولا اللي بتندم عليها.,neutral
التجربة مع المكان كانت بين بين. الأصناف اللي طلبناها مثل أي مكان ثاني، ما فيه شي مميز. الديكور نظيف بشكل عام بس التصميم بسيط. ولا شي خاص يخليني أفضله على غيره. في النهاية تجربة مقبولة، ولا شي يستاهل يتحمس له أحد.,neutral
التجربة مع مطعم المشويات كانت بين بين. قيمة الفلوس مقابل الأكل متوسطة، مو غالية ومو رخيصة. تعامل النادل كانت عادية ما فيها شي يذكر. المشاوي مقبول بس مو شي يخلي القلب يرجع. بالنسبة لي تجربة عادية جدا ولا فيها شي يذكر بالسلب ولا الإيجاب.,neutral
بصراحة تجربة عادية. ولا شي خاص يخليني أفضله على غيره. الأرز مقبول بس مو شي يخلي القلب يرجع. الخدمة بشكل عام عادية، الموظفين متعاونين بس التنظيم يحتاج تحسين. ممكن يكون خيار مناسب لو كنت قريب بس ما يستاهل مشوار بعيد.,neutral
تجربتنا كانت متوسطة. سرعة التقديم عادية، الموظفين متعاونين بس التنظيم يحتاج تحسين. الوجبة الرئيسية كان تمام بس ينقصه شوي نكهة. الأجواء نظيف بشكل عام بس التصميم بسيط. في النهاية تجربة مقبولة، ولا شي يستاهل يتحمس له أحد.,neutral
زرت مطعم البرجر مع العائلة. الخدمة عادية، الموظفين متعاونين بس التنظيم يحتاج تحسين. توقعت الأرز أحسن شوي بس برضو مو سيء. الجو العام تمام، مساحة صغيرة بس مرتبة. لو تبي تجرب مرة وحدة ما فيها مانع، بس مو المكان اللي أرشحه بشدة.,neutral
رحنا مطعم الأكل الإيطالي على أساس المراجعات بس. ما شفت في الأرز شي يميزه عن باقي المطاعم. الخدمة بشكل عام تمام، لا سيئة ولا ممتازة. بالنسبة لي تجربة عادية جدا ولا فيها شي يذكر بالسلب ولا الإيجاب.,neutral
التجربة مع مطعم الأكل الإيطالي كانت بين بين. الانتظار كان طبيعي مو طويل ومو قصير. السعر متوسطة، مو غالية ومو رخيصة. المقبلات مقبول بس مو شي يخلي القلب يرجع. سرعة التقديم كانت عادية ما فيها شي يذكر. يستاهل يجرب بس متوقعاته لا تكون عالية.,neutral
التجربة مع المكان كانت بين بين. توقعت السلطة أحسن شوي بس برضو مو سيء. تعامل النادل كانت متوسطة، انتظرنا وقت مو طويل بس مو سريع. بالنسبة لي تجربة عادية جدا ولا فيها شي يذكر بالسلب ولا الإيجاب.,neutral
صراحة ما عندي رأي واضح عن المطعم اللي جربناه. الخدمة كانت متوسطة، انتظرنا وقت مو طويل بس مو سريع. السعر معقولة نوعا ما مقارنة بالجودة. الجو العام مقبول، الجلسات عادية. الطعام مثل أي مكان ثاني، ما فيه شي مميز. تقييمي للمكان ثلاثة من خمسة، عادي.,neutral
زرت الكافيه مع العائلة. السعر معقولة نوعا ما مقارنة بالجودة. الديكور عادي، ما فيه شي مميز. الأرز كان دافي مب حار زي ما نبيه. تعامل النادل كانت عادية ما فيها شي يذكر. ممكن يكون خيار مناسب لو كنت قريب بس ما يستاهل مشوار بعيد.,neutral
صراحة ما عندي رأي واضح عن مطعم البيتزا. ولا شي خاص يخليني أفضله على غيره. الديكور تمام، مساحة صغيرة بس مرتبة. الأصناف اللي طلبناها كان عادي مو أكثر ومو أقل. الأسعار مناسبة للي تشوفه بس مو أكثر. يستاهل يجرب بس متوقعاته لا تكون عالية.,neutral
رحنا المطعم على أساس المراجعات بس. السعر متوسطة، مو غالية ومو رخيصة. الأكل طعمه عادي، ولا حلو ولا سيء. الأجواء عادي، ما فيه شي مميز. الخدمة بشكل عام عادية، الموظفين متعاونين بس التنظيم يحتاج تحسين. في النهاية تجربة مقبولة، ولا شي يستاهل يتحمس له أحد.,neutral
تجربتنا كانت متوسطة. الحلا مثل أي مكان ثاني، ما فيه شي مميز. الأجواء مقبول، الجلسات عادية. ما في شي يشتكى منه بس ولا في شي يمدح. الأسعار تقريبا زي أي مطعم ثاني بنفس المستوى. الخدمة بشكل عام عادية، الموظفين متعاونين بس التنظيم يحتاج تحسين. ما راح أقول التجربة سيئة بس مو من الأماكن اللي تنصح فيها بقوة.,neutral
رحنا المطعم على أساس المراجعات بس. توقعت الأرز أحسن شوي بس برضو مو سيء. الخدمة بشكل عام تمام، لا سيئة ولا ممتازة. مو التجربة اللي بتنسى بس ولا اللي بتندم عليها.,neutral
رحنا الفرع على أساس المراجعات بس. الخدمة بشكل عام عادية، الموظفين متعاونين بس التنظيم يحتاج تحسين. المكان فيه صف بس ماشي الحال. الأسعار مقارنة بالكمية معقولة نوعا ما مقارنة بالجودة. الأرز كان عادي مو أكثر ومو أقل. مو التجربة اللي بتنسى بس ولا اللي بتندم عليها.,neutral
زرت المطعم الجديد مع العائلة. الحلا حلو بس الكمية أقل من المتوقع. يعتبر خيار متوسط بين المطاعم اللي جربتها. الأسعار مقارنة بالكمية مناسبة للي تشوفه بس مو أكثر. تعامل النادل كانت عادية ما فيها شي يذكر. لو تبي تجرب مرة وحدة ما فيها مانع، بس مو المكان اللي أرشحه بشدة.,neutral
بصراحة تجربة عادية. الخدمة بشكل عام كانت متوسطة، انتظرنا وقت مو طويل بس مو سريع. الأرز مقبول بس مو شي يخلي القلب يرجع. بالنسبة لي تجربة عادية جدا ولا فيها شي يذكر بالسلب ولا الإيجاب.,neutral
كنت مع أصحابي في الفرع. سرعة التقديم كانت متوسطة، انتظرنا وقت مو طويل بس مو سريع. الأسعار مقارنة بالكمية مناسبة للي تشوفه بس مو أكثر. توقعت الأكل أحسن شوي بس برضو مو سيء. لو تبي تجرب مرة وحدة ما فيها مانع، بس مو المكان اللي أرشحه بشدة.,neutral
جربنا مطعم المشويات أول مرة. التجربة كانت طبيعية بدون أي مفاجآت. الأكل كان تمام بس ينقصه شوي نكهة. تعامل النادل كانت متوسطة، انتظرنا وقت مو طويل بس مو سريع. الأسعار مقارنة بالكمية معقولة نوعا ما مقارنة بالجودة. تقييمي للمكان ثلاثة من خمسة، عادي.,neutral
زرت المطعم مع العائلة. المقبلات مقبول بس مو شي يخلي القلب يرجع. السعر مناسبة للي تشوفه بس مو أكثر. بشكل عام تجربة وسط، ممكن نرجع وممكن لا.,neutral
تجربتنا كانت متوسطة. نفس المستوى اللي شفته في أماكن ثانية مشابهة. تعامل النادل كانت متوسطة، انتظرنا وقت مو طويل بس مو سريع. ما شفت في البرجر شي يميزه عن باقي المطاعم. المكان عادي، ما فيه شي مميز. بشكل عام تجربة وسط، ممكن نرجع وممكن لا.,neutral
صراحة ما عندي رأي واضح عن الكافيه. العصائر مقبول بس مو شي يخلي القلب يرجع. ما راح أقول التجربة سيئة بس مو من الأماكن اللي تنصح فيها بقوة.,neutral
صراحة ما عندي رأي واضح عن مطعم المأكولات البحرية. البرجر لا بأس فيه، وسط الوسط. الترتيب الداخلي تمام، مساحة صغيرة بس مرتبة. الأسعار مقارنة بالكمية متوسطة، مو غالية ومو رخيصة. الخدمة بشكل عام كانت بطيئة شوي بس محترمين. بالنسبة لي تجربة عادية جدا ولا فيها شي يذكر بالسلب ولا الإيجاب.,neutral
صراحة ما عندي رأي واضح عن الكافيه. سرعة التقديم كانت بطيئة شوي بس محترمين. ما شفت في الأكل شي يميزه عن باقي المطاعم. الأسعار مقارنة بالكمية مناسبة للي تشوفه بس مو أكثر. ما راح أقول التجربة سيئة بس مو من الأماكن اللي تنصح فيها بقوة.,neutral
جربنا المطعم الجديد أول مرة. المكان تمام، مساحة صغيرة بس مرتبة. الأسعار مقارنة بالكمية معقولة نوعا ما مقارنة بالجودة. الخدمة بشكل عام تمام، لا سيئة ولا ممتازة. السلطة كان تمام بس ينقصه شوي نكهة. في النهاية تجربة مقبولة، ولا شي يستاهل يتحمس له أحد.,neutral
جربنا المطعم اللي جربناه أول مرة. الوجبة الرئيسية طعمه عادي، ولا حلو ولا سيء. استقبال الموظفين كانت عادية ما فيها شي يذكر. تقييمي للمكان ثلاثة من خمسة، عادي.,neutral
رحنا الفرع على أساس المراجعات بس. توقعت العصائر أحسن شوي بس برضو مو سيء. السعر متوسطة، مو غالية ومو رخيصة. ممكن يكون خيار مناسب لو كنت قريب بس ما يستاهل مشوار بعيد.,neutral
التجربة مع المطعم الشعبي كانت بين بين. الوجبة الرئيسية طعمه عادي، ولا حلو ولا سيء. السعر متوسطة، مو غالية ومو رخيصة. التجربة كانت طبيعية بدون أي مفاجآت. الخدمة بشكل عام مقبولة، ينقصها شوي احترافية. ما راح أقول التجربة سيئة بس مو من الأماكن اللي تنصح فيها بقوة.,neutral
كنت مع أصحابي في مطعم المأكولات البحرية. البرجر حلو بس الكمية أقل من المتوقع. تعامل النادل تمام، لا سيئة ولا ممتازة. ما في شي يشتكى منه بس ولا في شي يمدح. الأسعار مقارنة بالكمية متوسطة، مو غالية ومو رخيصة. بالنسبة لي تجربة عادية جدا ولا فيها شي يذكر بالسلب ولا الإيجاب.,neutral
بصراحة تجربة عادية. الأجواء تمام، مساحة صغيرة بس مرتبة. ما شفت في الأصناف اللي طلبناها شي يميزه عن باقي المطاعم. استقبال الموظفين كانت عادية ما فيها شي يذكر. ممكن يكون خيار مناسب لو كنت قريب بس ما يستاهل مشوار بعيد.,neutral
صراحة ما عندي رأي واضح عن المطعم اللي جربناه. استقبال الموظفين مقبولة، ينقصها شوي احترافية. البرجر لا بأس فيه، وسط الوسط. بالنسبة لي تجربة عادية جدا ولا فيها شي يذكر بالسلب ولا الإيجاب.,neutral
صراحة ما عندي رأي واضح عن المطعم الشعبي. الحلا طعمه عادي، ولا حلو ولا سيء. الترتيب الداخلي نظيف بشكل عام بس التصميم بسيط. الأسعار تقريبا زي أي مطعم ثاني بنفس المستوى. مو التجربة اللي بتنسى بس ولا اللي بتندم عليها.,neutral
بصراحة تجربة عادية. سرعة التقديم كانت بطيئة شوي بس محترمين. الأسعار معقولة نوعا ما مقارنة بالجودة. البيتزا حلو بس الكمية أقل من المتوقع. تقييمي للمكان ثلاثة من خمسة، عادي.,neutral
زرنا مطعم الوجبات السريعة أمس والتجربة كانت عادية. الخدمة بشكل عام عادية، الموظفين متعاونين بس التنظيم يحتاج تحسين. الديكور مقبول، الجلسات عادية. الأكل كان دافي مب حار زي ما نبيه. لو تبي تجرب مرة وحدة ما فيها مانع، بس مو المكان اللي أرشحه بشدة.,neutral
ودي أشارك رأيي عن المطعم الجديد. الخدمة بشكل عام كانت متوسطة، انتظرنا وقت مو طويل بس مو سريع. الجو العام مقبول، الجلسات عادية. الأسعار متوسطة، مو غالية ومو رخيصة. الطعام مثل أي مكان ثاني، ما فيه شي مميز. يستاهل يجرب بس متوقعاته لا تكون عالية.,neutral
كنت مع أصحابي في الكافيه. سرعة التقديم مقبولة، ينقصها شوي احترافية. البيتزا كان عادي مو أكثر ومو أقل. الأسعار تقريبا زي أي مطعم ثاني بنفس المستوى. بالنسبة لي تجربة عادية جدا ولا فيها شي يذكر بالسلب ولا الإيجاب.,neutral
رحنا الفرع على أساس المراجعات بس. الأسعار مقارنة بالكمية تقريبا زي أي مطعم ثاني بنفس المستوى. الخدمة بشكل عام كانت متوسطة، انتظرنا وقت مو طويل بس مو سريع. الوجبة الرئيسية كان دافي مب حار زي ما نبيه. ممكن يكون خيار مناسب لو كنت قريب بس ما يستاهل مشوار بعيد.,neutral
بصراحة تجربة عادية. السعر متوسطة، مو غالية ومو رخيصة. ولا شي خاص يخليني أفضله على غيره. الجو العام مقبول، الجلسات عادية. العصائر كان دافي مب حار زي ما نبيه. ما راح أقول التجربة سيئة بس مو من الأماكن اللي تنصح فيها بقوة.,neutral
جربنا المطعم اللي جربناه أول مرة. الوجبة الرئيسية كان دافي مب حار زي ما نبيه. السعر معقولة نوعا ما مقارنة بالجودة. الأجواء نظيف بشكل عام بس التصميم بسيط. استقبال الموظفين مقبولة، ينقصها شوي احترافية. ممكن يكون خيار مناسب لو كنت قريب بس ما يستاهل مشوار بعيد.,neutral
رحنا الكافيه على أساس المراجعات بس. السلطة لا بأس فيه، وسط الوسط. الترتيب الداخلي نظيف بشكل عام بس التصميم بسيط. السعر تقريبا زي أي مطعم ثاني بنفس المستوى. ما توقعت أكثر من كذا صراحة. سرعة التقديم مقبولة، ينقصها شوي احترافية. مو التجربة اللي بتنسى بس ولا اللي بتندم عليها.,neutral
جربنا مطعم المأكولات البحرية أول مرة. الحلا كان تمام بس ينقصه شوي نكهة. المكان عادي، ما فيه شي مميز. الأسعار مقارنة بالكمية متوسطة، مو غالية ومو رخيصة. الخدمة بشكل عام تمام، لا سيئة ولا ممتازة. ما راح أقول التجربة سيئة بس مو من الأماكن اللي تنصح فيها بقوة.,neutral
التجربة مع مطعم الوجبات السريعة كانت بين بين. الخدمة بشكل عام كانت عادية ما فيها شي يذكر. النظافة عادي، ما فيه شي مميز. الأسعار مقارنة بالكمية مناسبة للي تشوفه بس مو أكثر. الأكل كان دافي مب حار زي ما نبيه. لو تبي تجرب مرة وحدة ما فيها مانع، بس مو المكان اللي أرشحه بشدة.,neutral
جربنا الفرع أول مرة. العصائر مقبول بس مو شي يخلي القلب يرجع. ما في شي يشتكى منه بس ولا في شي يمدح. الخدمة بشكل عام مقبولة، ينقصها شوي احترافية. مو التجربة اللي بتنسى بس ولا اللي بتندم عليها.,neutral
ودي أشارك رأيي عن مطعم الوجبات السريعة. المكان فيه صف بس ماشي الحال. الأسعار مقارنة بالكمية متوسطة، مو غالية ومو رخيصة. الحلا كان عادي مو أكثر ومو أقل. استقبال الموظفين كانت متوسطة، انتظرنا وقت مو طويل بس مو سريع. أعطيه تقييم متوسط، لا أنصح بقوة ولا أثبط أحد.,neutral
ودي أشارك رأيي عن المكان. الخدمة تمام، لا سيئة ولا ممتازة. الوجبة كان دافي مب حار زي ما نبيه. السعر تقريبا زي أي مطعم ثاني بنفس المستوى. مو التجربة اللي بتنسى بس ولا اللي بتندم عليها.,neutral
تجربتنا كانت متوسطة. العصائر حلو بس الكمية أقل من المتوقع. ما توقعت أكثر من كذا صراحة. الخدمة بشكل عام تمام، لا سيئة ولا ممتازة. ممكن يكون خيار مناسب لو كنت قريب بس ما يستاهل مشوار بعيد.,neutral
رحنا المكان على أساس المراجعات بس. سرعة التقديم كانت عادية ما فيها شي يذكر. السعر مناسبة للي تشوفه بس مو أكثر. الأرز حلو بس الكمية أقل من المتوقع. تقييمي للمكان ثلاثة من خمسة، عادي.,neutral
زرت مطعم الأكل الإيطالي مع العائلة. الأسعار مناسبة للي تشوفه بس مو أكثر. الخدمة بشكل عام تمام، لا سيئة ولا ممتازة. ما شفت في الحلا شي يميزه عن باقي المطاعم. ما في شي يشتكى منه بس ولا في شي يمدح. يستاهل يجرب بس متوقعاته لا تكون عالية.,neutral
كنت مع أصحابي في مطعم المشويات. المشاوي مثل أي مكان ثاني، ما فيه شي مميز. الديكور عادي، ما فيه شي مميز. سرعة التقديم كانت بطيئة شوي بس محترمين. يستاهل يجرب بس متوقعاته لا تكون عالية.,neutral
رحنا المكان على أساس المراجعات بس. الأسعار مناسبة للي تشوفه بس مو أكثر. استقبال الموظفين تمام، لا سيئة ولا ممتازة. العصائر كان دافي مب حار زي ما نبيه. أعطيه تقييم متوسط، لا أنصح بقوة ولا أثبط أحد.,neutral
بصراحة تجربة عادية. استقبال الموظفين كانت متوسطة، انتظرنا وقت مو طويل بس مو سريع. السعر معقولة نوعا ما مقارنة بالجودة. ما شفت في البرجر شي يميزه عن باقي المطاعم. المكان فيه صف بس ماشي الحال. ممكن يكون خيار مناسب لو كنت قريب بس ما يستاهل مشوار بعيد.,neutral
التجربة مع مطعم المأكولات البحرية كانت بين بين. الخدمة بشكل عام عادية، الموظفين متعاونين بس التنظيم يحتاج تحسين. الأسعار مقارنة بالكمية متوسطة، مو غالية ومو رخيصة. البرجر كان دافي مب حار زي ما نبيه. مو التجربة اللي بتنسى بس ولا اللي بتندم عليها.,neutral
زرت مطعم الفطور مع العائلة. استقبال الموظفين كانت بطيئة شوي بس محترمين. العصائر كان عادي مو أكثر ومو أقل. ممكن يكون خيار مناسب لو كنت قريب بس ما يستاهل مشوار بعيد.,neutral
رحنا الكافيه على أساس المراجعات بس. ما في شي يشتكى منه بس ولا في شي يمدح. سرعة التقديم كانت بطيئة شوي بس محترمين. الأرز مثل أي مكان ثاني، ما فيه شي مميز. بشكل عام تجربة وسط، ممكن نرجع وممكن لا.,neutral
زرنا مطعم البرجر أمس والتجربة كانت عادية. الوجبة الرئيسية كان دافي مب حار زي ما نبيه. السعر تقريبا زي أي مطعم ثاني بنفس المستوى. ما راح أقول التجربة سيئة بس مو من الأماكن اللي تنصح فيها بقوة.,neutral
زرنا الكافيه أمس والتجربة كانت عادية. الأرز مقبول بس مو شي يخلي القلب يرجع. الخدمة كانت بطيئة شوي بس محترمين. قيمة الفلوس مقابل الأكل مناسبة للي تشوفه بس مو أكثر. يستاهل يجرب بس متوقعاته لا تكون عالية.,neutral
تجربتنا كانت متوسطة. استقبال الموظفين كانت بطيئة شوي بس محترمين. توقعت الوجبة الرئيسية أحسن شوي بس برضو مو سيء. ما راح أقول التجربة سيئة بس مو من الأماكن اللي تنصح فيها بقوة.,neutral
كنت مع أصحابي في مطعم البيتزا. سرعة التقديم كانت بطيئة شوي بس محترمين. الأسعار متوسطة، مو غالية ومو رخيصة. الوجبة كان عادي مو أكثر ومو أقل. لو تبي تجرب مرة وحدة ما فيها مانع، بس مو المكان اللي أرشحه بشدة.,neutral
ودي أشارك رأيي عن المكان. الحلا طعمه عادي، ولا حلو ولا سيء. قيمة الفلوس مقابل الأكل تقريبا زي أي مطعم ثاني بنفس المستوى. استقبال الموظفين كانت متوسطة، انتظرنا وقت مو طويل بس مو سريع. أعطيه تقييم متوسط، لا أنصح بقوة ولا أثبط أحد.,neutral
زرت الفرع مع العائلة. استقبال الموظفين مقبولة، ينقصها شوي احترافية. الأجواء تمام، مساحة صغيرة بس مرتبة. الطعام مثل أي مكان ثاني، ما فيه شي مميز. بالنسبة لي تجربة عادية جدا ولا فيها شي يذكر بالسلب ولا الإيجاب.,neutral
زرت المطعم الشعبي مع العائلة. المشاوي كان عادي مو أكثر ومو أقل. الترتيب الداخلي عادي، ما فيه شي مميز. مو التجربة اللي بتنسى بس ولا اللي بتندم عليها.,neutral
جربنا مطعم الفطور أول مرة. تعامل النادل كانت متوسطة، انتظرنا وقت مو طويل بس مو سريع. ما شفت في العصائر شي يميزه عن باقي المطاعم. المكان فيه صف بس ماشي الحال. مو التجربة اللي بتنسى بس ولا اللي بتندم عليها.,neutral
زرنا مطعم الفطور أمس والتجربة كانت عادية. الأرز مقبول بس مو شي يخلي القلب يرجع. الترتيب الداخلي نظيف بشكل عام بس التصميم بسيط. الأسعار مقارنة بالكمية مناسبة للي تشوفه بس مو أكثر. لو تبي تجرب مرة وحدة ما فيها مانع، بس مو المكان اللي أرشحه بشدة.,neutral
التجربة مع المطعم الجديد كانت بين بين. الأرز مقبول بس مو شي يخلي القلب يرجع. سرعة التقديم تمام، لا سيئة ولا ممتازة. ما راح أقول التجربة سيئة بس مو من الأماكن اللي تنصح فيها بقوة.,neutral
تجربتنا كانت متوسطة. البيتزا كان دافي مب حار زي ما نبيه. الخدمة كانت متوسطة، انتظرنا وقت مو طويل بس مو سريع. ما راح أقول التجربة سيئة بس مو من الأماكن اللي تنصح فيها بقوة.,neutral
رحنا مطعم الأكل الإيطالي على أساس المراجعات بس. الأصناف اللي طلبناها لا بأس فيه، وسط الوسط. الأسعار معقولة نوعا ما مقارنة بالجودة. بالنسبة لي تجربة عادية جدا ولا فيها شي يذكر بالسلب ولا الإيجاب.,neutral
التجربة مع المكان كانت بين بين. الأسعار مناسبة للي تشوفه بس مو أكثر. الوجبة مقبول بس مو شي يخلي القلب يرجع. الجو العام تمام، مساحة صغيرة بس مرتبة. الخدمة عادية، الموظفين متعاونين بس التنظيم يحتاج تحسين. ممكن يكون خيار مناسب لو كنت قريب بس ما يستاهل مشوار بعيد.,neutral
كنت مع أصحابي في المطعم الشعبي. توقعت البيتزا أحسن شوي بس برضو مو سيء. سرعة التقديم تمام، لا سيئة ولا ممتازة. الترتيب الداخلي مقبول، الجلسات عادية. بشكل عام تجربة وسط، ممكن نرجع وممكن لا.,neutral
تجربتنا كانت متوسطة. ما توقعت أكثر من كذا صراحة. النظافة مقبول، الجلسات عادية. توقعت البرجر أحسن شوي بس برضو مو سيء. تعامل النادل عادية، الموظفين متعاونين بس التنظيم يحتاج تحسين. في النهاية تجربة مقبولة، ولا شي يستاهل يتحمس له أحد.,neutral
بصراحة تجربة عادية. قيمة الفلوس مقابل الأكل متوسطة، مو غالية ومو رخيصة. الأصناف اللي طلبناها كان تمام بس ينقصه شوي نكهة. بشكل عام تجربة وسط، ممكن نرجع وممكن لا.,neutral
كنت مع أصحابي في الفرع. الأكل كان عادي مو أكثر ومو أقل. قيمة الفلوس مقابل الأكل مناسبة للي تشوفه بس مو أكثر. سرعة التقديم كانت عادية ما فيها شي يذكر. يستاهل يجرب بس متوقعاته لا تكون عالية.,neutral
جربنا الكافيه أول مرة. السعر مناسبة للي تشوفه بس مو أكثر. ما شفت في الحلا شي يميزه عن باقي المطاعم. الخدمة كانت متوسطة، انتظرنا وقت مو طويل بس مو سريع. التجربة كانت طبيعية بدون أي مفاجآت. ممكن يكون خيار مناسب لو كنت قريب بس ما يستاهل مشوار بعيد.,neutral
ودي أشارك رأيي عن مطعم المأكولات البحرية. الأرز طعمه عادي، ولا حلو ولا سيء. الخدمة كانت بطيئة شوي بس محترمين. في النهاية تجربة مقبولة، ولا شي يستاهل يتحمس له أحد.,neutral
تجربتنا كانت متوسطة. البرجر حلو بس الكمية أقل من المتوقع. المكان فيه صف بس ماشي الحال. استقبال الموظفين تمام، لا سيئة ولا ممتازة. المكان تمام، مساحة صغيرة بس مرتبة. السعر متوسطة، مو غالية ومو رخيصة. يستاهل يجرب بس متوقعاته لا تكون عالية.,neutral
تجربتنا كانت متوسطة. المقبلات مقبول بس مو شي يخلي القلب يرجع. استقبال الموظفين كانت متوسطة، انتظرنا وقت مو طويل بس مو سريع. ما راح أقول التجربة سيئة بس مو من الأماكن اللي تنصح فيها بقوة.,neutral
ودي أشارك رأيي عن مطعم المشويات. المشاوي كان تمام بس ينقصه شوي نكهة. استقبال الموظفين عادية، الموظفين متعاونين بس التنظيم يحتاج تحسين. المكان فيه صف بس ماشي الحال. الأسعار متوسطة، مو غالية ومو رخيصة. ما راح أقول التجربة سيئة بس مو من الأماكن اللي تنصح فيها بقوة.,neutral
رحنا مطعم الفطور على أساس المراجعات بس. ما شفت في البرجر شي يميزه عن باقي المطاعم. النظافة مقبول، الجلسات عادية. الخدمة بشكل عام كانت متوسطة، انتظرنا وقت مو طويل بس مو سريع. قيمة الفلوس مقابل الأكل تقريبا زي أي مطعم ثاني بنفس المستوى. بشكل عام تجربة وسط، ممكن نرجع وممكن لا.,neutral
زرنا الفرع أمس والتجربة كانت عادية. الخدمة بشكل عام عادية، الموظفين متعاونين بس التنظيم يحتاج تحسين. السعر مناسبة للي تشوفه بس مو أكثر. المكان نظيف بشكل عام بس التصميم بسيط. الوجبة كان عادي مو أكثر ومو أقل. يعتبر خيار متوسط بين المطاعم اللي جربتها. لو تبي تجرب مرة وحدة ما فيها مانع، بس مو المكان اللي أرشحه بشدة.,neutral
التجربة مع مطعم الفطور كانت بين بين. ما في شي يشتكى منه بس ولا في شي يمدح. الأسعار متوسطة، مو غالية ومو رخيصة. الخدمة مقبولة، ينقصها شوي احترافية. الحلا مثل أي مكان ثاني، ما فيه شي مميز. أعطيه تقييم متوسط، لا أنصح بقوة ولا أثبط أحد.,neutral
ودي أشارك رأيي عن مطعم الأكل الإيطالي. البرجر كان عادي مو أكثر ومو أقل. الخدمة كانت بطيئة شوي بس محترمين. يستاهل يجرب بس متوقعاته لا تكون عالية.,neutral
زرنا المكان أمس والتجربة كانت عادية. السعر تقريبا زي أي مطعم ثاني بنفس المستوى. استقبال الموظفين تمام، لا سيئة ولا ممتازة. الأكل مثل أي مكان ثاني، ما فيه شي مميز. الديكور عادي، ما فيه شي مميز. في النهاية تجربة مقبولة، ولا شي يستاهل يتحمس له أحد.,neutral
تجربتنا كانت متوسطة. السعر مناسبة للي تشوفه بس مو أكثر. استقبال الموظفين كانت بطيئة شوي بس محترمين. الحلا مثل أي مكان ثاني، ما فيه شي مميز. ما راح أقول التجربة سيئة بس مو من الأماكن اللي تنصح فيها بقوة.,neutral
تجربتنا كانت متوسطة. الأجواء نظيف بشكل عام بس التصميم بسيط. البيتزا مثل أي مكان ثاني، ما فيه شي مميز. المكان فيه صف بس ماشي الحال. يستاهل يجرب بس متوقعاته لا تكون عالية.,neutral
زرنا مطعم البرجر أمس والتجربة كانت عادية. الوجبة الرئيسية كان تمام بس ينقصه شوي نكهة. تعامل النادل عادية، الموظفين متعاونين بس التنظيم يحتاج تحسين. قيمة الفلوس مقابل الأكل معقولة نوعا ما مقارنة بالجودة. المكان تمام، مساحة صغيرة بس مرتبة. يستاهل يجرب بس متوقعاته لا تكون عالية.,neutral
زرت الفرع مع العائلة. النظافة عادي، ما فيه شي مميز. الخدمة كانت بطيئة شوي بس محترمين. السعر تقريبا زي أي مطعم ثاني بنفس المستوى. ولا شي خاص يخليني أفضله على غيره. الأرز كان تمام بس ينقصه شوي نكهة. ممكن يكون خيار مناسب لو كنت قريب بس ما يستاهل مشوار بعيد.,neutral
جربنا المطعم الشعبي أول مرة. الخدمة عادية، الموظفين متعاونين بس التنظيم يحتاج تحسين. الأجواء مقبول، الجلسات عادية. السعر معقولة نوعا ما مقارنة بالجودة. السلطة لا بأس فيه، وسط الوسط. بشكل عام تجربة وسط، ممكن نرجع وممكن لا.,neutral
رحنا المطعم اللي جربناه على أساس المراجعات بس. الأجواء مقبول، الجلسات عادية. استقبال الموظفين كانت بطيئة شوي بس محترمين. ما شفت في الوجبة الرئيسية شي يميزه عن باقي المطاعم. ما راح أقول التجربة سيئة بس مو من الأماكن اللي تنصح فيها بقوة.,neutral
زرت مطعم البرجر مع العائلة. السعر متوسطة، مو غالية ومو رخيصة. ما في شي يشتكى منه بس ولا في شي يمدح. ما شفت في الطعام شي يميزه عن باقي المطاعم. مو التجربة اللي بتنسى بس ولا اللي بتندم عليها.,neutral
رحنا الكافيه على أساس المراجعات بس. الترتيب الداخلي نظيف بشكل عام بس التصميم بسيط. البيتزا مقبول بس مو شي يخلي القلب يرجع. سرعة التقديم مقبولة، ينقصها شوي احترافية. قيمة الفلوس مقابل الأكل معقولة نوعا ما مقارنة بالجودة. تقييمي للمكان ثلاثة من خمسة، عادي.,neutral
رحنا الفرع على أساس المراجعات بس. الوجبة حلو بس الكمية أقل من المتوقع. الخدمة عادية، الموظفين متعاونين بس التنظيم يحتاج تحسين. الأسعار مقارنة بالكمية تقريبا زي أي مطعم ثاني بنفس المستوى. لو تبي تجرب مرة وحدة ما فيها مانع، بس مو المكان اللي أرشحه بشدة.,neutral
التجربة مع الفرع كانت بين بين. الوجبة كان عادي مو أكثر ومو أقل. الخدمة بشكل عام كانت متوسطة، انتظرنا وقت مو طويل بس مو سريع. تقييمي للمكان ثلاثة من خمسة، عادي.,neutral
كنت مع أصحابي في الكافيه. ما شفت في الأصناف اللي طلبناها شي يميزه عن باقي المطاعم. السعر تقريبا زي أي مطعم ثاني بنفس المستوى. لو تبي تجرب مرة وحدة ما فيها مانع، بس مو المكان اللي أرشحه بشدة.,neutral
بصراحة تجربة عادية. قيمة الفلوس مقابل الأكل معقولة نوعا ما مقارنة بالجودة. الأصناف اللي طلبناها كان دافي مب حار زي ما نبيه. مو التجربة اللي بتنسى بس ولا اللي بتندم عليها.,neutral
رحنا المكان على أساس المراجعات بس. النظافة تمام، مساحة صغيرة بس مرتبة. تعامل النادل كانت عادية ما فيها شي يذكر. العصائر طعمه عادي، ولا حلو ولا سيء. بشكل عام تجربة وسط، ممكن نرجع وممكن لا.,neutral
تجربتنا كانت متوسطة. سرعة التقديم كانت بطيئة شوي بس محترمين. السلطة لا بأس فيه، وسط الوسط. لو تبي تجرب مرة وحدة ما فيها مانع، بس مو المكان اللي أرشحه بشدة.,neutral
التجربة مع المطعم كانت بين بين. البرجر كان دافي مب حار زي ما نبيه. استقبال الموظفين كانت عادية ما فيها شي يذكر. قيمة الفلوس مقابل الأكل متوسطة، مو غالية ومو رخيصة. ما راح أقول التجربة سيئة بس مو من الأماكن اللي تنصح فيها بقوة.,neutral
بصراحة تجربة عادية. تعامل النادل عادية، الموظفين متعاونين بس التنظيم يحتاج تحسين. توقعت البرجر أحسن شوي بس برضو مو سيء. الأسعار مقارنة بالكمية معقولة نوعا ما مقارنة بالجودة. أعطيه تقييم متوسط، لا أنصح بقوة ولا أثبط أحد.,neutral
بصراحة تجربة عادية. الأسعار مقارنة بالكمية معقولة نوعا ما مقارنة بالجودة. ما شفت في الأصناف اللي طلبناها شي يميزه عن باقي المطاعم. تعامل النادل عادية، الموظفين متعاونين بس التنظيم يحتاج تحسين. الانتظار كان طبيعي مو طويل ومو قصير. بالنسبة لي تجربة عادية جدا ولا فيها شي يذكر بالسلب ولا الإيجاب.,neutral
كنت مع أصحابي في مطعم البرجر. توقعت البرجر أحسن شوي بس برضو مو سيء. المكان مقبول، الجلسات عادية. الأسعار مقارنة بالكمية تقريبا زي أي مطعم ثاني بنفس المستوى. الخدمة كانت متوسطة، انتظرنا وقت مو طويل بس مو سريع. ممكن يكون خيار مناسب لو كنت قريب بس ما يستاهل مشوار بعيد.,neutral
التجربة مع مطعم الأكل الإيطالي كانت بين بين. الوجبة كان عادي مو أكثر ومو أقل. تعامل النادل كانت عادية ما فيها شي يذكر. ولا شي خاص يخليني أفضله على غيره. أعطيه تقييم متوسط، لا أنصح بقوة ولا أثبط أحد.,neutral
كنت مع أصحابي في مطعم البيتزا. البرجر كان عادي مو أكثر ومو أقل. قيمة الفلوس مقابل الأكل معقولة نوعا ما مقارنة بالجودة. ممكن يكون خيار مناسب لو كنت قريب بس ما يستاهل مشوار بعيد.,neutral
التجربة مع مطعم المشويات كانت بين بين. المشاوي لا بأس فيه، وسط الوسط. السعر معقولة نوعا ما مقارنة بالجودة. ما توقعت أكثر من كذا صراحة. يستاهل يجرب بس متوقعاته لا تكون عالية.,neutral
التجربة مع المكان كانت بين بين. ما شفت في الطعام شي يميزه عن باقي المطاعم. الجو العام عادي، ما فيه شي مميز. سرعة التقديم تمام، لا سيئة ولا ممتازة. مو التجربة اللي بتنسى بس ولا اللي بتندم عليها.,neutral
صراحة ما عندي رأي واضح عن مطعم الأكل الإيطالي. الخدمة كانت متوسطة، انتظرنا وقت مو طويل بس مو سريع. التجربة كانت طبيعية بدون أي مفاجآت. العصائر لا بأس فيه، وسط الوسط. ما راح أقول التجربة سيئة بس مو من الأماكن اللي تنصح فيها بقوة.,neutral
ودي أشارك رأيي عن المطعم اللي جربناه. العصائر كان عادي مو أكثر ومو أقل. النظافة عادي، ما فيه شي مميز. سرعة التقديم كانت متوسطة، انتظرنا وقت مو طويل بس مو سريع. الأسعار مقارنة بالكمية تقريبا زي أي مطعم ثاني بنفس المستوى. مو التجربة اللي بتنسى بس ولا اللي بتندم عليها.,neutral
رحنا المطعم اللي جربناه على أساس المراجعات بس. الطعام مثل أي مكان ثاني، ما فيه شي مميز. قيمة الفلوس مقابل الأكل تقريبا زي أي مطعم ثاني بنفس المستوى. ولا شي خاص يخليني أفضله على غيره. تقييمي للمكان ثلاثة من خمسة، عادي.,neutral
التجربة مع المكان كانت بين بين. الوجبة مقبول بس مو شي يخلي القلب يرجع. الخدمة كانت بطيئة شوي بس محترمين. مو التجربة اللي بتنسى بس ولا اللي بتندم عليها.,neutral
جربنا مطعم الوجبات السريعة أول مرة. يعتبر خيار متوسط بين المطاعم اللي جربتها. الوجبة مقبول بس مو شي يخلي القلب يرجع. الأجواء تمام، مساحة صغيرة بس مرتبة. في النهاية تجربة مقبولة، ولا شي يستاهل يتحمس له أحد.,neutral
التجربة مع المكان كانت بين بين. الطعام حلو بس الكمية أقل من المتوقع. الترتيب الداخلي مقبول، الجلسات عادية. سرعة التقديم مقبولة، ينقصها شوي احترافية. أعطيه تقييم متوسط، لا أنصح بقوة ولا أثبط أحد.,neutral
صراحة ما عندي رأي واضح عن مطعم البرجر. ما توقعت أكثر من كذا صراحة. الوجبة حلو بس الكمية أقل من المتوقع. قيمة الفلوس مقابل الأكل معقولة نوعا ما مقارنة بالجودة. يستاهل يجرب بس متوقعاته لا تكون عالية.,neutral
رحنا الكافيه على أساس المراجعات بس. الخدمة كانت بطيئة شوي بس محترمين. البرجر كان تمام بس ينقصه شوي نكهة. الديكور نظيف بشكل عام بس التصميم بسيط. لو تبي تجرب مرة وحدة ما فيها مانع، بس مو المكان اللي أرشحه بشدة.,neutral
بصراحة تجربة عادية. الأجواء نظيف بشكل عام بس التصميم بسيط. الحلا كان عادي مو أكثر ومو أقل. الخدمة بشكل عام كانت متوسطة، انتظرنا وقت مو طويل بس مو سريع. ممكن يكون خيار مناسب لو كنت قريب بس ما يستاهل مشوار بعيد.,neutral
جربنا مطعم الأكل الإيطالي أول مرة. النظافة تمام، مساحة صغيرة بس مرتبة. سرعة التقديم كانت عادية ما فيها شي يذكر. السلطة مثل أي مكان ثاني، ما فيه شي مميز. في النهاية تجربة مقبولة، ولا شي يستاهل يتحمس له أحد.,neutral
زرنا الفرع أمس والتجربة كانت عادية. المكان فيه صف بس ماشي الحال. النظافة تمام، مساحة صغيرة بس مرتبة. سرعة التقديم كانت عادية ما فيها شي يذكر. الأسعار مقارنة بالكمية مناسبة للي تشوفه بس مو أكثر. المشاوي لا بأس فيه، وسط الوسط. تقييمي للمكان ثلاثة من خمسة، عادي.,neutral
زرنا مطعم الوجبات السريعة أمس والتجربة كانت عادية. الوجبة كان دافي مب حار زي ما نبيه. الأسعار مقارنة بالكمية تقريبا زي أي مطعم ثاني بنفس المستوى. الديكور عادي، ما فيه شي مميز. تقييمي للمكان ثلاثة من خمسة، عادي.,neutral
زرت المطعم اللي جربناه مع العائلة. المكان عادي، ما فيه شي مميز. الحلا كان دافي مب حار زي ما نبيه. سرعة التقديم كانت متوسطة، انتظرنا وقت مو طويل بس مو سريع. مو التجربة اللي بتنسى بس ولا اللي بتندم عليها.,neutral
صراحة ما عندي رأي واضح عن مطعم المأكولات البحرية. استقبال الموظفين تمام، لا سيئة ولا ممتازة. المشاوي كان عادي مو أكثر ومو أقل. المكان تمام، مساحة صغيرة بس مرتبة. الأسعار مقارنة بالكمية تقريبا زي أي مطعم ثاني بنفس المستوى. لو تبي تجرب مرة وحدة ما فيها مانع، بس مو المكان اللي أرشحه بشدة.,neutral
كنت مع أصحابي في المكان. البيتزا طعمه عادي، ولا حلو ولا سيء. سرعة التقديم عادية، الموظفين متعاونين بس التنظيم يحتاج تحسين. الأسعار مقارنة بالكمية معقولة نوعا ما مقارنة بالجودة. الأجواء نظيف بشكل عام بس التصميم بسيط. لو تبي تجرب مرة وحدة ما فيها مانع، بس مو المكان اللي أرشحه بشدة.,neutral
كنت مع أصحابي في المطعم الشعبي. السلطة طعمه عادي، ولا حلو ولا سيء. تعامل النادل عادية، الموظفين متعاونين بس التنظيم يحتاج تحسين. الأجواء مقبول، الجلسات عادية. في النهاية تجربة مقبولة، ولا شي يستاهل يتحمس له أحد.,neutral
تجربتنا كانت متوسطة. الأرز مثل أي مكان ثاني، ما فيه شي مميز. الخدمة كانت متوسطة، انتظرنا وقت مو طويل بس مو سريع. في النهاية تجربة مقبولة، ولا شي يستاهل يتحمس له أحد.,neutral
رحنا المطعم الشعبي على أساس المراجعات بس. التجربة كانت طبيعية بدون أي مفاجآت. الخدمة مقبولة، ينقصها شوي احترافية. ما شفت في الأصناف اللي طلبناها شي يميزه عن باقي المطاعم. الديكور عادي، ما فيه شي مميز. السعر متوسطة، مو غالية ومو رخيصة. تقييمي للمكان ثلاثة من خمسة، عادي.,neutral
بصراحة تجربة عادية. السلطة طعمه عادي، ولا حلو ولا سيء. الخدمة بشكل عام عادية، الموظفين متعاونين بس التنظيم يحتاج تحسين. السعر مناسبة للي تشوفه بس مو أكثر. ما توقعت أكثر من كذا صراحة. أعطيه تقييم متوسط، لا أنصح بقوة ولا أثبط أحد.,neutral
جربنا مطعم البرجر أول مرة. سرعة التقديم تمام، لا سيئة ولا ممتازة. المقبلات كان تمام بس ينقصه شوي نكهة. ممكن يكون خيار مناسب لو كنت قريب بس ما يستاهل مشوار بعيد.,neutral
تجربتنا كانت متوسطة. الجو العام مقبول، الجلسات عادية. سرعة التقديم مقبولة، ينقصها شوي احترافية. ما شفت في الأرز شي يميزه عن باقي المطاعم. بشكل عام تجربة وسط، ممكن نرجع وممكن لا.,neutral
زرت المطعم الجديد مع العائلة. الأسعار مقارنة بالكمية تقريبا زي أي مطعم ثاني بنفس المستوى. نفس المستوى اللي شفته في أماكن ثانية مشابهة. النظافة نظيف بشكل عام بس التصميم بسيط. الوجبة الرئيسية كان دافي مب حار زي ما نبيه. الخدمة عادية، الموظفين متعاونين بس التنظيم يحتاج تحسين. يستاهل يجرب بس متوقعاته لا تكون عالية.,neutral
رحنا مطعم المأكولات البحرية على أساس المراجعات بس. الخدمة مقبولة، ينقصها شوي احترافية. قيمة الفلوس مقابل الأكل متوسطة، مو غالية ومو رخيصة. ولا شي خاص يخليني أفضله على غيره. الأرز طعمه عادي، ولا حلو ولا سيء. أعطيه تقييم متوسط، لا أنصح بقوة ولا أثبط أحد.,neutral
زرنا مطعم المأكولات البحرية أمس والتجربة كانت عادية. النظافة مقبول، الجلسات عادية. قيمة الفلوس مقابل الأكل مناسبة للي تشوفه بس مو أكثر. الوجبة الرئيسية كان عادي مو أكثر ومو أقل. في النهاية تجربة مقبولة، ولا شي يستاهل يتحمس له أحد.,neutral
رحنا المطعم الشعبي على أساس المراجعات بس. النظافة نظيف بشكل عام بس التصميم بسيط. الطعام حلو بس الكمية أقل من المتوقع. سرعة التقديم تمام، لا سيئة ولا ممتازة. ممكن يكون خيار مناسب لو كنت قريب بس ما يستاهل مشوار بعيد.,neutral
كنت مع أصحابي في مطعم الأكل الإيطالي. الأسعار مناسبة للي تشوفه بس مو أكثر. تعامل النادل تمام، لا سيئة ولا ممتازة. البرجر كان تمام بس ينقصه شوي نكهة. ما راح أقول التجربة سيئة بس مو من الأماكن اللي تنصح فيها بقوة.,neutral
بصراحة تجربة عادية. الوجبة كان تمام بس ينقصه شوي نكهة. الانتظار كان طبيعي مو طويل ومو قصير. استقبال الموظفين مقبولة، ينقصها شوي احترافية. تقييمي للمكان ثلاثة من خمسة، عادي.,neutral
زرنا المطعم أمس والتجربة كانت عادية. المقبلات مثل أي مكان ثاني، ما فيه شي مميز. الخدمة كانت متوسطة، انتظرنا وقت مو طويل بس مو سريع. يستاهل يجرب بس متوقعاته لا تكون عالية.,neutral
زرنا المطعم الشعبي أمس والتجربة كانت عادية. تعامل النادل عادية، الموظفين متعاونين بس التنظيم يحتاج تحسين. قيمة الفلوس مقابل الأكل مناسبة للي تشوفه بس مو أكثر. الأصناف اللي طلبناها كان دافي مب حار زي ما نبيه. في النهاية تجربة مقبولة، ولا شي يستاهل يتحمس له أحد.,neutral
كنت مع أصحابي في مطعم الوجبات السريعة. العصائر مقبول بس مو شي يخلي القلب يرجع. السعر متوسطة، مو غالية ومو رخيصة. يعتبر خيار متوسط بين المطاعم اللي جربتها. ما راح أقول التجربة سيئة بس مو من الأماكن اللي تنصح فيها بقوة.,neutral
رحنا مطعم الأكل الإيطالي على أساس المراجعات بس. الخدمة بشكل عام مقبولة، ينقصها شوي احترافية. الأصناف اللي طلبناها كان دافي مب حار زي ما نبيه. المكان عادي، ما فيه شي مميز. السعر مناسبة للي تشوفه بس مو أكثر. بالنسبة لي تجربة عادية جدا ولا فيها شي يذكر بالسلب ولا الإيجاب.,neutral
صراحة ما عندي رأي واضح عن المطعم الجديد. التجربة كانت طبيعية بدون أي مفاجآت. تعامل النادل عادية، الموظفين متعاونين بس التنظيم يحتاج تحسين. الأكل لا بأس فيه، وسط الوسط. بالنسبة لي تجربة عادية جدا ولا فيها شي يذكر بالسلب ولا الإيجاب.,neutral
صراحة ما عندي رأي واضح عن الفرع. العصائر كان دافي مب حار زي ما نبيه. الجو العام نظيف بشكل عام بس التصميم بسيط. ما راح أقول التجربة سيئة بس مو من الأماكن اللي تنصح فيها بقوة.,neutral
جربنا الفرع أول مرة. قيمة الفلوس مقابل الأكل مناسبة للي تشوفه بس مو أكثر. استقبال الموظفين كانت بطيئة شوي بس محترمين. السلطة كان عادي مو أكثر ومو أقل. يستاهل يجرب بس متوقعاته لا تكون عالية.,neutral
صراحة ما عندي رأي واضح عن الفرع. تعامل النادل كانت عادية ما فيها شي يذكر. الأسعار معقولة نوعا ما مقارنة بالجودة. المكان عادي، ما فيه شي مميز. ما شفت في البرجر شي يميزه عن باقي المطاعم. بالنسبة لي تجربة عادية جدا ولا فيها شي يذكر بالسلب ولا الإيجاب.,neutral
زرنا مطعم البيتزا أمس والتجربة كانت عادية. الأصناف اللي طلبناها حلو بس الكمية أقل من المتوقع. قيمة الفلوس مقابل الأكل تقريبا زي أي مطعم ثاني بنفس المستوى. تقييمي للمكان ثلاثة من خمسة، عادي.,neutral
زرت المطعم الجديد مع العائلة. الوجبة كان تمام بس ينقصه شوي نكهة. الخدمة بشكل عام عادية، الموظفين متعاونين بس التنظيم يحتاج تحسين. أعطيه تقييم متوسط، لا أنصح بقوة ولا أثبط أحد.,neutral
كنت مع أصحابي في مطعم البيتزا. ما توقعت أكثر من كذا صراحة. سرعة التقديم كانت بطيئة شوي بس محترمين. السعر مناسبة للي تشوفه بس مو أكثر. الأكل مثل أي مكان ثاني، ما فيه شي مميز. الأجواء نظيف بشكل عام بس التصميم بسيط. بالنسبة لي تجربة عادية جدا ولا فيها شي يذكر بالسلب ولا الإيجاب.,neutral
زرت الكافيه مع العائلة. نفس المستوى اللي شفته في أماكن ثانية مشابهة. تعامل النادل كانت عادية ما فيها شي يذكر. توقعت السلطة أحسن شوي بس برضو مو سيء. بالنسبة لي تجربة عادية جدا ولا فيها شي يذكر بالسلب ولا الإيجاب.,neutral
جربنا مطعم الأكل الإيطالي أول مرة. الانتظار كان طبيعي مو طويل ومو قصير. الأسعار متوسطة، مو غالية ومو رخيصة. ما شفت في الحلا شي يميزه عن باقي المطاعم. الخدمة بشكل عام عادية، الموظفين متعاونين بس التنظيم يحتاج تحسين. ممكن يكون خيار مناسب لو كنت قريب بس ما يستاهل مشوار بعيد.,neutral
جربنا المطعم اللي جربناه أول مرة. قيمة الفلوس مقابل الأكل تقريبا زي أي مطعم ثاني بنفس المستوى. الوجبة الرئيسية حلو بس الكمية أقل من المتوقع. الخدمة بشكل عام كانت بطيئة شوي بس محترمين. النظافة مقبول، الجلسات عادية. ممكن يكون خيار مناسب لو كنت قريب بس ما يستاهل مشوار بعيد.,neutral
صراحة ما عندي رأي واضح عن مطعم الفطور. نفس المستوى اللي شفته في أماكن ثانية مشابهة. تعامل النادل تمام، لا سيئة ولا ممتازة. المشاوي كان عادي مو أكثر ومو أقل. الجو العام تمام، مساحة صغيرة بس مرتبة. في النهاية تجربة مقبولة، ولا شي يستاهل يتحمس له أحد.,neutral
التجربة مع مطعم الوجبات السريعة كانت بين بين. استقبال الموظفين كانت متوسطة، انتظرنا وقت مو طويل بس مو سريع. الجو العام تمام، مساحة صغيرة بس مرتبة. الانتظار كان طبيعي مو طويل ومو قصير. الأصناف اللي طلبناها كان دافي مب حار زي ما نبيه. بشكل عام تجربة وسط، ممكن نرجع وممكن لا.,neutral
زرنا مطعم المشويات أمس والتجربة كانت عادية. الأسعار مناسبة للي تشوفه بس مو أكثر. تعامل النادل مقبولة، ينقصها شوي احترافية. ما في شي يشتكى منه بس ولا في شي يمدح. الوجبة كان عادي مو أكثر ومو أقل. أعطيه تقييم متوسط، لا أنصح بقوة ولا أثبط أحد.,neutral
تجربتنا كانت متوسطة. ما في شي يشتكى منه بس ولا في شي يمدح. السعر تقريبا زي أي مطعم ثاني بنفس المستوى. الخدمة بشكل عام تمام، لا سيئة ولا ممتازة. الأكل مقبول بس مو شي يخلي القلب يرجع. ممكن يكون خيار مناسب لو كنت قريب بس ما يستاهل مشوار بعيد.,neutral
تجربتنا كانت متوسطة. الترتيب الداخلي عادي، ما فيه شي مميز. الأسعار مقارنة بالكمية مناسبة للي تشوفه بس مو أكثر. تعامل النادل مقبولة، ينقصها شوي احترافية. الأصناف اللي طلبناها كان عادي مو أكثر ومو أقل. يستاهل يجرب بس متوقعاته لا تكون عالية.,neutral
جربنا المطعم الشعبي أول مرة. الانتظار كان طبيعي مو طويل ومو قصير. الخدمة بشكل عام كانت عادية ما فيها شي يذكر. ما شفت في الطعام شي يميزه عن باقي المطاعم. بشكل عام تجربة وسط، ممكن نرجع وممكن لا.,neutral
زرت المطعم اللي جربناه مع العائلة. ما توقعت أكثر من كذا صراحة. تعامل النادل عادية، الموظفين متعاونين بس التنظيم يحتاج تحسين. المكان مقبول، الجلسات عادية. الحلا طعمه عادي، ولا حلو ولا سيء. بشكل عام تجربة وسط، ممكن نرجع وممكن لا.,neutral
ودي أشارك رأيي عن المكان. ما شفت في البيتزا شي يميزه عن باقي المطاعم. الجو العام مقبول، الجلسات عادية. الأسعار تقريبا زي أي مطعم ثاني بنفس المستوى. تقييمي للمكان ثلاثة من خمسة، عادي.,neutral
ودي أشارك رأيي عن مطعم البرجر. استقبال الموظفين عادية، الموظفين متعاونين بس التنظيم يحتاج تحسين. السلطة مثل أي مكان ثاني، ما فيه شي مميز. السعر متوسطة، مو غالية ومو رخيصة. ما توقعت أكثر من كذا صراحة. بالنسبة لي تجربة عادية جدا ولا فيها شي يذكر بالسلب ولا الإيجاب.,neutral
زرت مطعم البرجر مع العائلة. الخدمة كانت بطيئة شوي بس محترمين. الأسعار معقولة نوعا ما مقارنة بالجودة. المشاوي كان دافي مب حار زي ما نبيه. المكان تمام، مساحة صغيرة بس مرتبة. ما راح أقول التجربة سيئة بس مو من الأماكن اللي تنصح فيها بقوة.,neutral
بصراحة تجربة عادية. الخدمة كانت عادية ما فيها شي يذكر. السلطة كان تمام بس ينقصه شوي نكهة. في النهاية تجربة مقبولة، ولا شي يستاهل يتحمس له أحد.,neutral
زرت الكافيه مع العائلة. الديكور مقبول، الجلسات عادية. قيمة الفلوس مقابل الأكل مناسبة للي تشوفه بس مو أكثر. استقبال الموظفين تمام، لا سيئة ولا ممتازة. الوجبة كان تمام بس ينقصه شوي نكهة. تقييمي للمكان ثلاثة من خمسة، عادي.,neutral
تجربتنا كانت متوسطة. استقبال الموظفين مقبولة، ينقصها شوي احترافية. المقبلات طعمه عادي، ولا حلو ولا سيء. قيمة الفلوس مقابل الأكل مناسبة للي تشوفه بس مو أكثر. يعتبر خيار متوسط بين المطاعم اللي جربتها. مو التجربة اللي بتنسى بس ولا اللي بتندم عليها.,neutral
زرنا مطعم البرجر أمس والتجربة كانت عادية. الحلا مثل أي مكان ثاني، ما فيه شي مميز. السعر مناسبة للي تشوفه بس مو أكثر. بالنسبة لي تجربة عادية جدا ولا فيها شي يذكر بالسلب ولا الإيجاب.,neutral
ودي أشارك رأيي عن المطعم الجديد. استقبال الموظفين عادية، الموظفين متعاونين بس التنظيم يحتاج تحسين. توقعت العصائر أحسن شوي بس برضو مو سيء. الأسعار مقارنة بالكمية معقولة نوعا ما مقارنة بالجودة. ممكن يكون خيار مناسب لو كنت قريب بس ما يستاهل مشوار بعيد.,neutral
التجربة مع مطعم الفطور كانت بين بين. السعر متوسطة، مو غالية ومو رخيصة. الخدمة تمام، لا سيئة ولا ممتازة. البرجر طعمه عادي، ولا حلو ولا سيء. في النهاية تجربة مقبولة، ولا شي يستاهل يتحمس له أحد.,neutral
بصراحة تجربة عادية. استقبال الموظفين عادية، الموظفين متعاونين بس التنظيم يحتاج تحسين. الأجواء نظيف بشكل عام بس التصميم بسيط. الحلا لا بأس فيه، وسط الوسط. السعر معقولة نوعا ما مقارنة بالجودة. في النهاية تجربة مقبولة، ولا شي يستاهل يتحمس له أحد.,neutral
تجربتنا كانت متوسطة. الأسعار مقارنة بالكمية متوسطة، مو غالية ومو رخيصة. المقبلات كان عادي مو أكثر ومو أقل. النظافة تمام، مساحة صغيرة بس مرتبة. استقبال الموظفين تمام، لا سيئة ولا ممتازة. ممكن يكون خيار مناسب لو كنت قريب بس ما يستاهل مشوار بعيد.,neutral
زرنا المكان أمس والتجربة كانت عادية. البرجر لا بأس فيه، وسط الوسط. المكان فيه صف بس ماشي الحال. استقبال الموظفين مقبولة، ينقصها شوي احترافية. يستاهل يجرب بس متوقعاته لا تكون عالية.,neutral
كنت مع أصحابي في المكان. الخدمة تمام، لا سيئة ولا ممتازة. البرجر مقبول بس مو شي يخلي القلب يرجع. يستاهل يجرب بس متوقعاته لا تكون عالية.,neutral
زرنا الكافيه أمس والتجربة كانت عادية. نفس المستوى اللي شفته في أماكن ثانية مشابهة. البيتزا طعمه عادي، ولا حلو ولا سيء. النظافة تمام، مساحة صغيرة بس مرتبة. قيمة الفلوس مقابل الأكل متوسطة، مو غالية ومو رخيصة. استقبال الموظفين مقبولة، ينقصها شوي احترافية. في النهاية تجربة مقبولة، ولا شي يستاهل يتحمس له أحد.,neutral
كنت مع أصحابي في المكان. توقعت العصائر أحسن شوي بس برضو مو سيء. الخدمة بشكل عام كانت بطيئة شوي بس محترمين. الجو العام مقبول، الجلسات عادية. في النهاية تجربة مقبولة، ولا شي يستاهل يتحمس له أحد.,neutral
زرنا المكان أمس والتجربة كانت عادية. السعر متوسطة، مو غالية ومو رخيصة. المشاوي كان تمام بس ينقصه شوي نكهة. ما توقعت أكثر من كذا صراحة. الأجواء نظيف بشكل عام بس التصميم بسيط. أعطيه تقييم متوسط، لا أنصح بقوة ولا أثبط أحد.,neutral
صراحة ما عندي رأي واضح عن مطعم المشويات. الخدمة بشكل عام كانت متوسطة، انتظرنا وقت مو طويل بس مو سريع. قيمة الفلوس مقابل الأكل متوسطة، مو غالية ومو رخيصة. البيتزا مثل أي مكان ثاني، ما فيه شي مميز. يستاهل يجرب بس متوقعاته لا تكون عالية.,neutral
بصراحة تجربة عادية. الأرز كان دافي مب حار زي ما نبيه. الخدمة بشكل عام مقبولة، ينقصها شوي احترافية. بالنسبة لي تجربة عادية جدا ولا فيها شي يذكر بالسلب ولا الإيجاب.,neutral
ودي أشارك رأيي عن مطعم المأكولات البحرية. استقبال الموظفين تمام، لا سيئة ولا ممتازة. الأرز كان عادي مو أكثر ومو أقل. قيمة الفلوس مقابل الأكل تقريبا زي أي مطعم ثاني بنفس المستوى. المكان مقبول، الجلسات عادية. التجربة كانت طبيعية بدون أي مفاجآت. في النهاية تجربة مقبولة، ولا شي يستاهل يتحمس له أحد.,neutral
بصراحة تجربة عادية. الأجواء عادي، ما فيه شي مميز. الخدمة بشكل عام مقبولة، ينقصها شوي احترافية. البرجر كان دافي مب حار زي ما نبيه. الأسعار مقارنة بالكمية متوسطة، مو غالية ومو رخيصة. ما راح أقول التجربة سيئة بس مو من الأماكن اللي تنصح فيها بقوة.,neutral
ودي أشارك رأيي عن مطعم الفطور. الترتيب الداخلي نظيف بشكل عام بس التصميم بسيط. العصائر لا بأس فيه، وسط الوسط. بشكل عام تجربة وسط، ممكن نرجع وممكن لا.,neutral
رحنا المطعم الشعبي على أساس المراجعات بس. الخدمة بشكل عام كانت متوسطة، انتظرنا وقت مو طويل بس مو سريع. المشاوي طعمه عادي، ولا حلو ولا سيء. الأسعار مقارنة بالكمية تقريبا زي أي مطعم ثاني بنفس المستوى. لو تبي تجرب مرة وحدة ما فيها مانع، بس مو المكان اللي أرشحه بشدة.,neutral
زرنا مطعم الفطور أمس والتجربة كانت عادية. الأسعار متوسطة، مو غالية ومو رخيصة. العصائر طعمه عادي، ولا حلو ولا سيء. استقبال الموظفين كانت متوسطة، انتظرنا وقت مو طويل بس مو سريع. في النهاية تجربة مقبولة، ولا شي يستاهل يتحمس له أحد.,neutral
تجربتنا كانت متوسطة. الانتظار كان طبيعي مو طويل ومو قصير. استقبال الموظفين كانت متوسطة، انتظرنا وقت مو طويل بس مو سريع. السعر تقريبا زي أي مطعم ثاني بنفس المستوى. النظافة تمام، مساحة صغيرة بس مرتبة. البرجر مقبول بس مو شي يخلي القلب يرجع. ما راح أقول التجربة سيئة بس مو من الأماكن اللي تنصح فيها بقوة.,neutral
جربنا مطعم الفطور أول مرة. قيمة الفلوس مقابل الأكل متوسطة، مو غالية ومو رخيصة. السلطة كان دافي مب حار زي ما نبيه. استقبال الموظفين كانت بطيئة شوي بس محترمين. بشكل عام تجربة وسط، ممكن نرجع وممكن لا.,neutral
زرنا المكان أمس والتجربة كانت عادية. ولا شي خاص يخليني أفضله على غيره. استقبال الموظفين مقبولة، ينقصها شوي احترافية. الأسعار متوسطة، مو غالية ومو رخيصة. المقبلات كان دافي مب حار زي ما نبيه. مو التجربة اللي بتنسى بس ولا اللي بتندم عليها.,neutral
زرت المكان مع العائلة. تعامل النادل كانت عادية ما فيها شي يذكر. النظافة تمام، مساحة صغيرة بس مرتبة. توقعت المشاوي أحسن شوي بس برضو مو سيء. نفس المستوى اللي شفته في أماكن ثانية مشابهة. يستاهل يجرب بس متوقعاته لا تكون عالية.,neutral
تجربتنا كانت متوسطة. النظافة مقبول، الجلسات عادية. استقبال الموظفين كانت متوسطة، انتظرنا وقت مو طويل بس مو سريع. توقعت الطعام أحسن شوي بس برضو مو سيء. لو تبي تجرب مرة وحدة ما فيها مانع، بس مو المكان اللي أرشحه بشدة.,neutral
ودي أشارك رأيي عن مطعم الأكل الإيطالي. تعامل النادل تمام، لا سيئة ولا ممتازة. الأسعار متوسطة، مو غالية ومو رخيصة. المقبلات كان عادي مو أكثر ومو أقل. ما في شي يشتكى منه بس ولا في شي يمدح. ما راح أقول التجربة سيئة بس مو من الأماكن اللي تنصح فيها بقوة.,neutral
صراحة ما عندي رأي واضح عن الفرع. الجو العام مقبول، الجلسات عادية. الخدمة تمام، لا سيئة ولا ممتازة. السعر معقولة نوعا ما مقارنة بالجودة. العصائر لا بأس فيه، وسط الوسط. تقييمي للمكان ثلاثة من خمسة، عادي.,neutral
صراحة ما عندي رأي واضح عن الكافيه. الترتيب الداخلي عادي، ما فيه شي مميز. قيمة الفلوس مقابل الأكل معقولة نوعا ما مقارنة بالجودة. الخدمة بشكل عام تمام، لا سيئة ولا ممتازة. الحلا كان تمام بس ينقصه شوي نكهة. لو تبي تجرب مرة وحدة ما فيها مانع، بس مو المكان اللي أرشحه بشدة.,neutral
زرنا مطعم المشويات أمس والتجربة كانت عادية. الأجواء عادي، ما فيه شي مميز. نفس المستوى اللي شفته في أماكن ثانية مشابهة. الحلا كان دافي مب حار زي ما نبيه. بالنسبة لي تجربة عادية جدا ولا فيها شي يذكر بالسلب ولا الإيجاب.,neutral
صراحة ما عندي رأي واضح عن الكافيه. البرجر مقبول بس مو شي يخلي القلب يرجع. نفس المستوى اللي شفته في أماكن ثانية مشابهة. النظافة مقبول، الجلسات عادية. الخدمة بشكل عام عادية، الموظفين متعاونين بس التنظيم يحتاج تحسين. بالنسبة لي تجربة عادية جدا ولا فيها شي يذكر بالسلب ولا الإيجاب.,neutral
صراحة ما عندي رأي واضح عن المطعم الشعبي. الخدمة كانت عادية ما فيها شي يذكر. الترتيب الداخلي عادي، ما فيه شي مميز. ما توقعت أكثر من كذا صراحة. توقعت المقبلات أحسن شوي بس برضو مو سيء. بشكل عام تجربة وسط، ممكن نرجع وممكن لا.,neutral
كنت مع أصحابي في الفرع. سرعة التقديم كانت بطيئة شوي بس محترمين. الأرز طعمه عادي، ولا حلو ولا سيء. ما في شي يشتكى منه بس ولا في شي يمدح. الديكور عادي، ما فيه شي مميز. مو التجربة اللي بتنسى بس ولا اللي بتندم عليها.,neutral
رحنا مطعم المأكولات البحرية على أساس المراجعات بس. الخدمة عادية، الموظفين متعاونين بس التنظيم يحتاج تحسين. السعر متوسطة، مو غالية ومو رخيصة. النظافة عادي، ما فيه شي مميز. الحلا لا بأس فيه، وسط الوسط. بشكل عام تجربة وسط، ممكن نرجع وممكن لا.,neutral
كنت مع أصحابي في مطعم الوجبات السريعة. الأكل مثل أي مكان ثاني، ما فيه شي مميز. الأسعار معقولة نوعا ما مقارنة بالجودة. تقييمي للمكان ثلاثة من خمسة، عادي.,neutral
تجربتنا كانت متوسطة. الجو العام نظيف بشكل عام بس التصميم بسيط. استقبال الموظفين عادية، الموظفين متعاونين بس التنظيم يحتاج تحسين. ما شفت في الأصناف اللي طلبناها شي يميزه عن باقي المطاعم. ما راح أقول التجربة سيئة بس مو من الأماكن اللي تنصح فيها بقوة.,neutral
رحنا مطعم البيتزا على أساس المراجعات بس. سرعة التقديم تمام، لا سيئة ولا ممتازة. الأسعار مقارنة بالكمية تقريبا زي أي مطعم ثاني بنفس المستوى. البرجر كان دافي مب حار زي ما نبيه. يعتبر خيار متوسط بين المطاعم اللي جربتها. لو تبي تجرب مرة وحدة ما فيها مانع، بس مو المكان اللي أرشحه بشدة.,neutral
كنت مع أصحابي في المطعم. قيمة الفلوس مقابل الأكل مناسبة للي تشوفه بس مو أكثر. البيتزا كان عادي مو أكثر ومو أقل. تقييمي للمكان ثلاثة من خمسة، عادي.,neutral
زرنا الكافيه أمس والتجربة كانت عادية. الأصناف اللي طلبناها كان تمام بس ينقصه شوي نكهة. استقبال الموظفين تمام، لا سيئة ولا ممتازة. ممكن يكون خيار مناسب لو كنت قريب بس ما يستاهل مشوار بعيد.,neutral
زرنا مطعم المأكولات البحرية أمس والتجربة كانت عادية. الطعام مثل أي مكان ثاني، ما فيه شي مميز. الخدمة بشكل عام عادية، الموظفين متعاونين بس التنظيم يحتاج تحسين. الأسعار متوسطة، مو غالية ومو رخيصة. الأجواء مقبول، الجلسات عادية. يستاهل يجرب بس متوقعاته لا تكون عالية.,neutral
زرنا مطعم البيتزا أمس والتجربة كانت عادية. ما شفت في البرجر شي يميزه عن باقي المطاعم. الأسعار مناسبة للي تشوفه بس مو أكثر. الديكور عادي، ما فيه شي مميز. تعامل النادل كانت عادية ما فيها شي يذكر. ممكن يكون خيار مناسب لو كنت قريب بس ما يستاهل مشوار بعيد.,neutral
زرت المطعم الجديد مع العائلة. الانتظار كان طبيعي مو طويل ومو قصير. ما شفت في الطعام شي يميزه عن باقي المطاعم. الخدمة كانت بطيئة شوي بس محترمين. قيمة الفلوس مقابل الأكل متوسطة، مو غالية ومو رخيصة. بشكل عام تجربة وسط، ممكن نرجع وممكن لا.,neutral
التجربة مع مطعم المشويات كانت بين بين. الخدمة بشكل عام تمام، لا سيئة ولا ممتازة. قيمة الفلوس مقابل الأكل معقولة نوعا ما مقارنة بالجودة. الأرز مقبول بس مو شي يخلي القلب يرجع. بالنسبة لي تجربة عادية جدا ولا فيها شي يذكر بالسلب ولا الإيجاب.,neutral
بصراحة تجربة عادية. التجربة كانت طبيعية بدون أي مفاجآت. المكان مقبول، الجلسات عادية. الأسعار مقارنة بالكمية متوسطة، مو غالية ومو رخيصة. الخدمة كانت متوسطة، انتظرنا وقت مو طويل بس مو سريع. المقبلات مقبول بس مو شي يخلي القلب يرجع. بالنسبة لي تجربة عادية جدا ولا فيها شي يذكر بالسلب ولا الإيجاب.,neutral
كنت مع أصحابي في مطعم البيتزا. توقعت الأكل أحسن شوي بس برضو مو سيء. السعر مناسبة للي تشوفه بس مو أكثر. نفس المستوى اللي شفته في أماكن ثانية مشابهة. ممكن يكون خيار مناسب لو كنت قريب بس ما يستاهل مشوار بعيد.,neutral
زرت مطعم المشويات مع العائلة. السلطة مثل أي مكان ثاني، ما فيه شي مميز. الانتظار كان طبيعي مو طويل ومو قصير. استقبال الموظفين تمام، لا سيئة ولا ممتازة. ممكن يكون خيار مناسب لو كنت قريب بس ما يستاهل مشوار بعيد.,neutral
رحنا الكافيه على أساس المراجعات بس. استقبال الموظفين تمام، لا سيئة ولا ممتازة. العصائر لا بأس فيه، وسط الوسط. الأجواء مقبول، الجلسات عادية. الأسعار مقارنة بالكمية متوسطة، مو غالية ومو رخيصة. التجربة كانت طبيعية بدون أي مفاجآت. لو تبي تجرب مرة وحدة ما فيها مانع، بس مو المكان اللي أرشحه بشدة.,neutral
بصراحة تجربة عادية. تعامل النادل مقبولة، ينقصها شوي احترافية. توقعت الأصناف اللي طلبناها أحسن شوي بس برضو مو سيء. الأجواء مقبول، الجلسات عادية. الأسعار مقارنة بالكمية متوسطة، مو غالية ومو رخيصة. يستاهل يجرب بس متوقعاته لا تكون عالية.,neutral
رحنا المطعم الشعبي على أساس المراجعات بس. قيمة الفلوس مقابل الأكل متوسطة، مو غالية ومو رخيصة. التجربة كانت طبيعية بدون أي مفاجآت. تعامل النادل كانت عادية ما فيها شي يذكر. الحلا كان تمام بس ينقصه شوي نكهة. لو تبي تجرب مرة وحدة ما فيها مانع، بس مو المكان اللي أرشحه بشدة.,neutral
بصراحة تجربة عادية. تعامل النادل تمام، لا سيئة ولا ممتازة. الوجبة الرئيسية طعمه عادي، ولا حلو ولا سيء. يستاهل يجرب بس متوقعاته لا تكون عالية.,neutral
زرت مطعم المأكولات البحرية مع العائلة. الجو العام تمام، مساحة صغيرة بس مرتبة. استقبال الموظفين تمام، لا سيئة ولا ممتازة. المقبلات لا بأس فيه، وسط الوسط. تقييمي للمكان ثلاثة من خمسة، عادي.,neutral
زرت مطعم الأكل الإيطالي مع العائلة. الانتظار كان طبيعي مو طويل ومو قصير. تعامل النادل كانت عادية ما فيها شي يذكر. الحلا طعمه عادي، ولا حلو ولا سيء. في النهاية تجربة مقبولة، ولا شي يستاهل يتحمس له أحد.,neutral
زرنا المطعم اللي جربناه أمس والتجربة كانت عادية. النظافة عادي، ما فيه شي مميز. المقبلات لا بأس فيه، وسط الوسط. الخدمة بشكل عام تمام، لا سيئة ولا ممتازة. الأسعار تقريبا زي أي مطعم ثاني بنفس المستوى. مو التجربة اللي بتنسى بس ولا اللي بتندم عليها.,neutral
تجربتنا كانت متوسطة. الأصناف اللي طلبناها كان عادي مو أكثر ومو أقل. الخدمة مقبولة، ينقصها شوي احترافية. بالنسبة لي تجربة عادية جدا ولا فيها شي يذكر بالسلب ولا الإيجاب.,neutral
ودي أشارك رأيي عن مطعم البرجر. النظافة عادي، ما فيه شي مميز. المكان فيه صف بس ماشي الحال. استقبال الموظفين كانت عادية ما فيها شي يذكر. توقعت السلطة أحسن شوي بس برضو مو سيء. بالنسبة لي تجربة عادية جدا ولا فيها شي يذكر بالسلب ولا الإيجاب.,neutral
ودي أشارك رأيي عن الفرع. ما شفت في الوجبة الرئيسية شي يميزه عن باقي المطاعم. الجو العام نظيف بشكل عام بس التصميم بسيط. لو تبي تجرب مرة وحدة ما فيها مانع، بس مو المكان اللي أرشحه بشدة.,neutral
صراحة ما عندي رأي واضح عن المطعم. قيمة الفلوس مقابل الأكل تقريبا زي أي مطعم ثاني بنفس المستوى. الديكور عادي، ما فيه شي مميز. التجربة كانت طبيعية بدون أي مفاجآت. الطعام حلو بس الكمية أقل من المتوقع. سرعة التقديم كانت متوسطة، انتظرنا وقت مو طويل بس مو سريع. بالنسبة لي تجربة عادية جدا ولا فيها شي يذكر بالسلب ولا الإيجاب.,neutral
تجربتنا كانت متوسطة. البرجر كان عادي مو أكثر ومو أقل. الخدمة بشكل عام كانت متوسطة، انتظرنا وقت مو طويل بس مو سريع. السعر معقولة نوعا ما مقارنة بالجودة. ما في شي يشتكى منه بس ولا في شي يمدح. الديكور عادي، ما فيه شي مميز. ما راح أقول التجربة سيئة بس مو من الأماكن اللي تنصح فيها بقوة.,neutral
صراحة ما عندي رأي واضح عن مطعم الأكل الإيطالي. الجو العام مقبول، الجلسات عادية. السلطة لا بأس فيه، وسط الوسط. قيمة الفلوس مقابل الأكل مناسبة للي تشوفه بس مو أكثر. استقبال الموظفين كانت عادية ما فيها شي يذكر. ما راح أقول التجربة سيئة بس مو من الأماكن اللي تنصح فيها بقوة.,neutral
جربنا مطعم الأكل الإيطالي أول مرة. الأجواء تمام، مساحة صغيرة بس مرتبة. الخدمة بشكل عام مقبولة، ينقصها شوي احترافية. المشاوي حلو بس الكمية أقل من المتوقع. مو التجربة اللي بتنسى بس ولا اللي بتندم عليها.,neutral
التجربة مع المكان كانت بين بين. ما في شي يشتكى منه بس ولا في شي يمدح. قيمة الفلوس مقابل الأكل متوسطة، مو غالية ومو رخيصة. البيتزا طعمه عادي، ولا حلو ولا سيء. تقييمي للمكان ثلاثة من خمسة، عادي.,neutral
تجربتنا كانت متوسطة. الأسعار مقارنة بالكمية تقريبا زي أي مطعم ثاني بنفس المستوى. تعامل النادل مقبولة، ينقصها شوي احترافية. المقبلات مقبول بس مو شي يخلي القلب يرجع. ما راح أقول التجربة سيئة بس مو من الأماكن اللي تنصح فيها بقوة.,neutral
ودي أشارك رأيي عن مطعم المشويات. الوجبة مقبول بس مو شي يخلي القلب يرجع. تعامل النادل عادية، الموظفين متعاونين بس التنظيم يحتاج تحسين. التجربة كانت طبيعية بدون أي مفاجآت. بشكل عام تجربة وسط، ممكن نرجع وممكن لا.,neutral
ودي أشارك رأيي عن الفرع. الأجواء تمام، مساحة صغيرة بس مرتبة. البرجر مثل أي مكان ثاني، ما فيه شي مميز. استقبال الموظفين كانت بطيئة شوي بس محترمين. يستاهل يجرب بس متوقعاته لا تكون عالية.,neutral
التجربة مع مطعم الوجبات السريعة كانت بين بين. العصائر مقبول بس مو شي يخلي القلب يرجع. الأسعار مقارنة بالكمية تقريبا زي أي مطعم ثاني بنفس المستوى. مو التجربة اللي بتنسى بس ولا اللي بتندم عليها.,neutral
التجربة مع مطعم المأكولات البحرية كانت بين بين. الأسعار مناسبة للي تشوفه بس مو أكثر. توقعت البيتزا أحسن شوي بس برضو مو سيء. أعطيه تقييم متوسط، لا أنصح بقوة ولا أثبط أحد.,neutral
رحنا مطعم الفطور على أساس المراجعات بس. الخدمة عادية، الموظفين متعاونين بس التنظيم يحتاج تحسين. الترتيب الداخلي نظيف بشكل عام بس التصميم بسيط. الوجبة مثل أي مكان ثاني، ما فيه شي مميز. تقييمي للمكان ثلاثة من خمسة، عادي.,neutral
جربنا المطعم أول مرة. الأسعار مقارنة بالكمية معقولة نوعا ما مقارنة بالجودة. الخدمة مقبولة، ينقصها شوي احترافية. الأرز كان تمام بس ينقصه شوي نكهة. التجربة كانت طبيعية بدون أي مفاجآت. في النهاية تجربة مقبولة، ولا شي يستاهل يتحمس له أحد.,neutral
تجربتنا كانت متوسطة. سرعة التقديم كانت عادية ما فيها شي يذكر. المشاوي كان تمام بس ينقصه شوي نكهة. قيمة الفلوس مقابل الأكل متوسطة، مو غالية ومو رخيصة. مو التجربة اللي بتنسى بس ولا اللي بتندم عليها.,neutral
بصراحة تجربة عادية. البيتزا كان دافي مب حار زي ما نبيه. ولا شي خاص يخليني أفضله على غيره. مو التجربة اللي بتنسى بس ولا اللي بتندم عليها.,neutral
جربنا مطعم المشويات أول مرة. يعتبر خيار متوسط بين المطاعم اللي جربتها. البيتزا كان دافي مب حار زي ما نبيه. سرعة التقديم عادية، الموظفين متعاونين بس التنظيم يحتاج تحسين. الجو العام عادي، ما فيه شي مميز. ممكن يكون خيار مناسب لو كنت قريب بس ما يستاهل مشوار بعيد.,neutral
زرت المكان مع العائلة. المشاوي كان تمام بس ينقصه شوي نكهة. سرعة التقديم عادية، الموظفين متعاونين بس التنظيم يحتاج تحسين. يستاهل يجرب بس متوقعاته لا تكون عالية.,neutral
زرت مطعم الأكل الإيطالي مع العائلة. الوجبة مثل أي مكان ثاني، ما فيه شي مميز. الخدمة كانت متوسطة، انتظرنا وقت مو طويل بس مو سريع. السعر متوسطة، مو غالية ومو رخيصة. الجو العام نظيف بشكل عام بس التصميم بسيط. أعطيه تقييم متوسط، لا أنصح بقوة ولا أثبط أحد.,neutral
تجربتنا كانت متوسطة. الوجبة كان دافي مب حار زي ما نبيه. الخدمة بشكل عام كانت بطيئة شوي بس محترمين. ما راح أقول التجربة سيئة بس مو من الأماكن اللي تنصح فيها بقوة.,neutral
كنت مع أصحابي في المطعم اللي جربناه. النظافة عادي، ما فيه شي مميز. المشاوي لا بأس فيه، وسط الوسط. الأسعار مقارنة بالكمية معقولة نوعا ما مقارنة بالجودة. تعامل النادل كانت بطيئة شوي بس محترمين. بالنسبة لي تجربة عادية جدا ولا فيها شي يذكر بالسلب ولا الإيجاب.,neutral
زرنا الكافيه أمس والتجربة كانت عادية. ما توقعت أكثر من كذا صراحة. استقبال الموظفين عادية، الموظفين متعاونين بس التنظيم يحتاج تحسين. توقعت البرجر أحسن شوي بس برضو مو سيء. يستاهل يجرب بس متوقعاته لا تكون عالية.,neutral
التجربة مع مطعم الأكل الإيطالي كانت بين بين. الوجبة كان تمام بس ينقصه شوي نكهة. الأسعار متوسطة، مو غالية ومو رخيصة. سرعة التقديم تمام، لا سيئة ولا ممتازة. ما في شي يشتكى منه بس ولا في شي يمدح. المكان عادي، ما فيه شي مميز. بالنسبة لي تجربة عادية جدا ولا فيها شي يذكر بالسلب ولا الإيجاب.,neutral
كنت مع أصحابي في المطعم. الانتظار كان طبيعي مو طويل ومو قصير. الأكل كان عادي مو أكثر ومو أقل. تقييمي للمكان ثلاثة من خمسة، عادي.,neutral
صراحة ما عندي رأي واضح عن مطعم المأكولات البحرية. المكان مقبول، الجلسات عادية. المشاوي حلو بس الكمية أقل من المتوقع. سرعة التقديم تمام، لا سيئة ولا ممتازة. قيمة الفلوس مقابل الأكل معقولة نوعا ما مقارنة بالجودة. يستاهل يجرب بس متوقعاته لا تكون عالية.,neutral
بصراحة تجربة عادية. يعتبر خيار متوسط بين المطاعم اللي جربتها. قيمة الفلوس مقابل الأكل معقولة نوعا ما مقارنة بالجودة. تعامل النادل تمام، لا سيئة ولا ممتازة. توقعت المشاوي أحسن شوي بس برضو مو سيء. أعطيه تقييم متوسط، لا أنصح بقوة ولا أثبط أحد.,neutral
تجربتنا كانت متوسطة. الترتيب الداخلي مقبول، الجلسات عادية. الأسعار مناسبة للي تشوفه بس مو أكثر. الأكل كان عادي مو أكثر ومو أقل. الخدمة بشكل عام كانت عادية ما فيها شي يذكر. مو التجربة اللي بتنسى بس ولا اللي بتندم عليها.,neutral
ودي أشارك رأيي عن مطعم المشويات. الأسعار مقارنة بالكمية معقولة نوعا ما مقارنة بالجودة. المقبلات طعمه عادي، ولا حلو ولا سيء. الأجواء عادي، ما فيه شي مميز. الخدمة كانت عادية ما فيها شي يذكر. يستاهل يجرب بس متوقعاته لا تكون عالية.,neutral
رحنا مطعم المأكولات البحرية على أساس المراجعات بس. المكان فيه صف بس ماشي الحال. المكان نظيف بشكل عام بس التصميم بسيط. البيتزا كان دافي مب حار زي ما نبيه. لو تبي تجرب مرة وحدة ما فيها مانع، بس مو المكان اللي أرشحه بشدة.,neutral
تجربتنا كانت متوسطة. ما توقعت أكثر من كذا صراحة. الترتيب الداخلي تمام، مساحة صغيرة بس مرتبة. الخدمة بشكل عام مقبولة، ينقصها شوي احترافية. العصائر كان تمام بس ينقصه شوي نكهة. يستاهل يجرب بس متوقعاته لا تكون عالية.,neutral
بصراحة تجربة عادية. المكان فيه صف بس ماشي الحال. الوجبة الرئيسية طعمه عادي، ولا حلو ولا سيء. الخدمة تمام، لا سيئة ولا ممتازة. الأسعار مناسبة للي تشوفه بس مو أكثر. ما راح أقول التجربة سيئة بس مو من الأماكن اللي تنصح فيها بقوة.,neutral
التجربة مع مطعم المشويات كانت بين بين. الأسعار مقارنة بالكمية معقولة نوعا ما مقارنة بالجودة. استقبال الموظفين تمام، لا سيئة ولا ممتازة. البيتزا مثل أي مكان ثاني، ما فيه شي مميز. في النهاية تجربة مقبولة، ولا شي يستاهل يتحمس له أحد.,neutral
ودي أشارك رأيي عن مطعم البيتزا. السعر متوسطة، مو غالية ومو رخيصة. الخدمة بشكل عام عادية، الموظفين متعاونين بس التنظيم يحتاج تحسين. ما في شي يشتكى منه بس ولا في شي يمدح. العصائر مثل أي مكان ثاني، ما فيه شي مميز. الديكور تمام، مساحة صغيرة بس مرتبة. يستاهل يجرب بس متوقعاته لا تكون عالية.,neutral
كنت مع أصحابي في المطعم. الوجبة الرئيسية حلو بس الكمية أقل من المتوقع. الخدمة بشكل عام كانت متوسطة، انتظرنا وقت مو طويل بس مو سريع. الترتيب الداخلي نظيف بشكل عام بس التصميم بسيط. لو تبي تجرب مرة وحدة ما فيها مانع، بس مو المكان اللي أرشحه بشدة.,neutral
زرنا مطعم الوجبات السريعة أمس والتجربة كانت عادية. الخدمة بشكل عام مقبولة، ينقصها شوي احترافية. يعتبر خيار متوسط بين المطاعم اللي جربتها. السلطة حلو بس الكمية أقل من المتوقع. المكان تمام، مساحة صغيرة بس مرتبة. أعطيه تقييم متوسط، لا أنصح بقوة ولا أثبط أحد.,neutral
التجربة مع مطعم الأكل الإيطالي كانت بين بين. قيمة الفلوس مقابل الأكل مناسبة للي تشوفه بس مو أكثر. استقبال الموظفين مقبولة، ينقصها شوي احترافية. المكان عادي، ما فيه شي مميز. البيتزا كان دافي مب حار زي ما نبيه. بالنسبة لي تجربة عادية جدا ولا فيها شي يذكر بالسلب ولا الإيجاب.,neutral
ودي أشارك رأيي عن المطعم. ما شفت في السلطة شي يميزه عن باقي المطاعم. الأسعار مناسبة للي تشوفه بس مو أكثر. الانتظار كان طبيعي مو طويل ومو قصير. الخدمة بشكل عام عادية، الموظفين متعاونين بس التنظيم يحتاج تحسين. أعطيه تقييم متوسط، لا أنصح بقوة ولا أثبط أحد.,neutral
كنت مع أصحابي في مطعم الفطور. الخدمة بشكل عام كانت متوسطة، انتظرنا وقت مو طويل بس مو سريع. الحلا كان دافي مب حار زي ما نبيه. الترتيب الداخلي مقبول، الجلسات عادية. السعر تقريبا زي أي مطعم ثاني بنفس المستوى. بشكل عام تجربة وسط، ممكن نرجع وممكن لا.,neutral
زرت الفرع مع العائلة. المكان تمام، مساحة صغيرة بس مرتبة. تعامل النادل كانت عادية ما فيها شي يذكر. ما شفت في الأرز شي يميزه عن باقي المطاعم. ما راح أقول التجربة سيئة بس مو من الأماكن اللي تنصح فيها بقوة.,neutral
التجربة مع مطعم الفطور كانت بين بين. ما شفت في البيتزا شي يميزه عن باقي المطاعم. النظافة عادي، ما فيه شي مميز. الأسعار مناسبة للي تشوفه بس مو أكثر. أعطيه تقييم متوسط، لا أنصح بقوة ولا أثبط أحد.,neutral
زرنا مطعم الفطور أمس والتجربة كانت عادية. الخدمة بشكل عام عادية، الموظفين متعاونين بس التنظيم يحتاج تحسين. الوجبة مقبول بس مو شي يخلي القلب يرجع. الترتيب الداخلي تمام، مساحة صغيرة بس مرتبة. مو التجربة اللي بتنسى بس ولا اللي بتندم عليها.,neutral
زرنا مطعم المشويات أمس والتجربة كانت عادية. سرعة التقديم كانت متوسطة، انتظرنا وقت مو طويل بس مو سريع. المشاوي مثل أي مكان ثاني، ما فيه شي مميز. السعر تقريبا زي أي مطعم ثاني بنفس المستوى. تقييمي للمكان ثلاثة من خمسة، عادي.,neutral
زرنا المطعم اللي جربناه أمس والتجربة كانت عادية. الحلا طعمه عادي، ولا حلو ولا سيء. سرعة التقديم كانت متوسطة، انتظرنا وقت مو طويل بس مو سريع. في النهاية تجربة مقبولة، ولا شي يستاهل يتحمس له أحد.,neutral
بصراحة تجربة عادية. استقبال الموظفين مقبولة، ينقصها شوي احترافية. النظافة نظيف بشكل عام بس التصميم بسيط. المقبلات حلو بس الكمية أقل من المتوقع. الأسعار مقارنة بالكمية معقولة نوعا ما مقارنة بالجودة. مو التجربة اللي بتنسى بس ولا اللي بتندم عليها.,neutral
التجربة مع المطعم اللي جربناه كانت بين بين. العصائر مقبول بس مو شي يخلي القلب يرجع. الخدمة بشكل عام كانت متوسطة، انتظرنا وقت مو طويل بس مو سريع. تقييمي للمكان ثلاثة من خمسة، عادي.,neutral
صراحة ما عندي رأي واضح عن الكافيه. ولا شي خاص يخليني أفضله على غيره. النظافة عادي، ما فيه شي مميز. العصائر مثل أي مكان ثاني، ما فيه شي مميز. تقييمي للمكان ثلاثة من خمسة، عادي.,neutral
جربنا مطعم الأكل الإيطالي أول مرة. الوجبة الرئيسية كان تمام بس ينقصه شوي نكهة. قيمة الفلوس مقابل الأكل متوسطة، مو غالية ومو رخيصة. سرعة التقديم كانت متوسطة، انتظرنا وقت مو طويل بس مو سريع. الانتظار كان طبيعي مو طويل ومو قصير. لو تبي تجرب مرة وحدة ما فيها مانع، بس مو المكان اللي أرشحه بشدة.,neutral
التجربة مع الفرع كانت بين بين. الجو العام مقبول، الجلسات عادية. الأسعار تقريبا زي أي مطعم ثاني بنفس المستوى. الحلا طعمه عادي، ولا حلو ولا سيء. سرعة التقديم كانت بطيئة شوي بس محترمين. يعتبر خيار متوسط بين المطاعم اللي جربتها. أعطيه تقييم متوسط، لا أنصح بقوة ولا أثبط أحد.,neutral
كنت مع أصحابي في الفرع. المكان مقبول، الجلسات عادية. توقعت البيتزا أحسن شوي بس برضو مو سيء. التجربة كانت طبيعية بدون أي مفاجآت. ما راح أقول التجربة سيئة بس مو من الأماكن اللي تنصح فيها بقوة.,neutral
ودي أشارك رأيي عن مطعم الأكل الإيطالي. ولا شي خاص يخليني أفضله على غيره. استقبال الموظفين كانت عادية ما فيها شي يذكر. الترتيب الداخلي عادي، ما فيه شي مميز. ما شفت في المشاوي شي يميزه عن باقي المطاعم. أعطيه تقييم متوسط، لا أنصح بقوة ولا أثبط أحد.,neutral
زرت مطعم الفطور مع العائلة. استقبال الموظفين كانت عادية ما فيها شي يذكر. المكان عادي، ما فيه شي مميز. توقعت السلطة أحسن شوي بس برضو مو سيء. بالنسبة لي تجربة عادية جدا ولا فيها شي يذكر بالسلب ولا الإيجاب.,neutral
تجربتنا كانت متوسطة. تعامل النادل كانت متوسطة، انتظرنا وقت مو طويل بس مو سريع. الترتيب الداخلي نظيف بشكل عام بس التصميم بسيط. السعر معقولة نوعا ما مقارنة بالجودة. الطعام طعمه عادي، ولا حلو ولا سيء. مو التجربة اللي بتنسى بس ولا اللي بتندم عليها.,neutral
كنت مع أصحابي في مطعم المشويات. استقبال الموظفين كانت عادية ما فيها شي يذكر. البيتزا كان عادي مو أكثر ومو أقل. السعر معقولة نوعا ما مقارنة بالجودة. يستاهل يجرب بس متوقعاته لا تكون عالية.,neutral
تجربتنا كانت متوسطة. سرعة التقديم مقبولة، ينقصها شوي احترافية. الطعام كان تمام بس ينقصه شوي نكهة. الأجواء نظيف بشكل عام بس التصميم بسيط. الأسعار مقارنة بالكمية معقولة نوعا ما مقارنة بالجودة. ما في شي يشتكى منه بس ولا في شي يمدح. مو التجربة اللي بتنسى بس ولا اللي بتندم عليها.,neutral
رحنا مطعم الأكل الإيطالي على أساس المراجعات بس. الأسعار مناسبة للي تشوفه بس مو أكثر. العصائر طعمه عادي، ولا حلو ولا سيء. سرعة التقديم كانت عادية ما فيها شي يذكر. يستاهل يجرب بس متوقعاته لا تكون عالية.,neutral
زرنا المطعم اللي جربناه أمس والتجربة كانت عادية. قيمة الفلوس مقابل الأكل متوسطة، مو غالية ومو رخيصة. الخدمة بشكل عام كانت بطيئة شوي بس محترمين. توقعت البيتزا أحسن شوي بس برضو مو سيء. أعطيه تقييم متوسط، لا أنصح بقوة ولا أثبط أحد.,neutral
جربنا المكان أول مرة. ما شفت في البرجر شي يميزه عن باقي المطاعم. المكان عادي، ما فيه شي مميز. الخدمة كانت بطيئة شوي بس محترمين. الأسعار مقارنة بالكمية متوسطة، مو غالية ومو رخيصة. يستاهل يجرب بس متوقعاته لا تكون عالية.,neutral
ودي أشارك رأيي عن المطعم الشعبي. المقبلات لا بأس فيه، وسط الوسط. قيمة الفلوس مقابل الأكل تقريبا زي أي مطعم ثاني بنفس المستوى. سرعة التقديم مقبولة، ينقصها شوي احترافية. الأجواء نظيف بشكل عام بس التصميم بسيط. لو تبي تجرب مرة وحدة ما فيها مانع، بس مو المكان اللي أرشحه بشدة.,neutral
التجربة مع مطعم الأكل الإيطالي كانت بين بين. ولا شي خاص يخليني أفضله على غيره. الوجبة الرئيسية لا بأس فيه، وسط الوسط. السعر متوسطة، مو غالية ومو رخيصة. سرعة التقديم مقبولة، ينقصها شوي احترافية. مو التجربة اللي بتنسى بس ولا اللي بتندم عليها.,neutral
رحنا مطعم المأكولات البحرية على أساس المراجعات بس. المقبلات كان عادي مو أكثر ومو أقل. الخدمة عادية، الموظفين متعاونين بس التنظيم يحتاج تحسين. الأسعار متوسطة، مو غالية ومو رخيصة. لو تبي تجرب مرة وحدة ما فيها مانع، بس مو المكان اللي أرشحه بشدة.,neutral
التجربة مع مطعم البرجر كانت بين بين. تعامل النادل مقبولة، ينقصها شوي احترافية. البيتزا حلو بس الكمية أقل من المتوقع. الأسعار مقارنة بالكمية معقولة نوعا ما مقارنة بالجودة. أعطيه تقييم متوسط، لا أنصح بقوة ولا أثبط أحد.,neutral
ودي أشارك رأيي عن الفرع. تعامل النادل مقبولة، ينقصها شوي احترافية. ولا شي خاص يخليني أفضله على غيره. الأرز طعمه عادي، ولا حلو ولا سيء. الأجواء تمام، مساحة صغيرة بس مرتبة. تقييمي للمكان ثلاثة من خمسة، عادي.,neutral
التجربة مع الكافيه كانت بين بين. العصائر كان عادي مو أكثر ومو أقل. سرعة التقديم كانت متوسطة، انتظرنا وقت مو طويل بس مو سريع. السعر تقريبا زي أي مطعم ثاني بنفس المستوى. ما توقعت أكثر من كذا صراحة. يستاهل يجرب بس متوقعاته لا تكون عالية.,neutral
جربنا المطعم الشعبي أول مرة. الخدمة كانت بطيئة شوي بس محترمين. الأسعار مقارنة بالكمية مناسبة للي تشوفه بس مو أكثر. المقبلات حلو بس الكمية أقل من المتوقع. ما توقعت أكثر من كذا صراحة. ما راح أقول التجربة سيئة بس مو من الأماكن اللي تنصح فيها بقوة.,neutral
زرنا الكافيه أمس والتجربة كانت عادية. المقبلات طعمه عادي، ولا حلو ولا سيء. سرعة التقديم كانت متوسطة، انتظرنا وقت مو طويل بس مو سريع. ما راح أقول التجربة سيئة بس مو من الأماكن اللي تنصح فيها بقوة.,neutral
ودي أشارك رأيي عن مطعم البيتزا. الديكور نظيف بشكل عام بس التصميم بسيط. السعر معقولة نوعا ما مقارنة بالجودة. المقبلات طعمه عادي، ولا حلو ولا سيء. استقبال الموظفين مقبولة، ينقصها شوي احترافية. الانتظار كان طبيعي مو طويل ومو قصير. مو التجربة اللي بتنسى بس ولا اللي بتندم عليها.,neutral
زرت الفرع مع العائلة. استقبال الموظفين عادية، الموظفين متعاونين بس التنظيم يحتاج تحسين. السلطة مقبول بس مو شي يخلي القلب يرجع. ما في شي يشتكى منه بس ولا في شي يمدح. في النهاية تجربة مقبولة، ولا شي يستاهل يتحمس له أحد.,neutral
كنت مع أصحابي في مطعم الوجبات السريعة. الأسعار مقارنة بالكمية مناسبة للي تشوفه بس مو أكثر. ما في شي يشتكى منه بس ولا في شي يمدح. الديكور عادي، ما فيه شي مميز. العصائر كان دافي مب حار زي ما نبيه. تعامل النادل كانت عادية ما فيها شي يذكر. في النهاية تجربة مقبولة، ولا شي يستاهل يتحمس له أحد.,neutral
التجربة مع المطعم الشعبي كانت بين بين. الأكل طعمه عادي، ولا حلو ولا سيء. الأسعار معقولة نوعا ما مقارنة بالجودة. أعطيه تقييم متوسط، لا أنصح بقوة ولا أثبط أحد.,neutral
التجربة مع مطعم المشويات كانت بين بين. المشاوي مثل أي مكان ثاني، ما فيه شي مميز. الخدمة كانت متوسطة، انتظرنا وقت مو طويل بس مو سريع. لو تبي تجرب مرة وحدة ما فيها مانع، بس مو المكان اللي أرشحه بشدة.,neutral
ودي أشارك رأيي عن المطعم الجديد. تعامل النادل تمام، لا سيئة ولا ممتازة. الأرز حلو بس الكمية أقل من المتوقع. الأسعار معقولة نوعا ما مقارنة بالجودة. الانتظار كان طبيعي مو طويل ومو قصير. يستاهل يجرب بس متوقعاته لا تكون عالية.,neutral
ودي أشارك رأيي عن مطعم المشويات. قيمة الفلوس مقابل الأكل تقريبا زي أي مطعم ثاني بنفس المستوى. المشاوي كان تمام بس ينقصه شوي نكهة. الخدمة عادية، الموظفين متعاونين بس التنظيم يحتاج تحسين. بالنسبة لي تجربة عادية جدا ولا فيها شي يذكر بالسلب ولا الإيجاب.,neutral
كنت مع أصحابي في الكافيه. العصائر حلو بس الكمية أقل من المتوقع. الخدمة بشكل عام كانت بطيئة شوي بس محترمين. لو تبي تجرب مرة وحدة ما فيها مانع، بس مو المكان اللي أرشحه بشدة.,neutral
زرنا مطعم الوجبات السريعة أمس والتجربة كانت عادية. الخدمة مقبولة، ينقصها شوي احترافية. المقبلات مقبول بس مو شي يخلي القلب يرجع. لو تبي تجرب مرة وحدة ما فيها مانع، بس مو المكان اللي أرشحه بشدة.,neutral
التجربة مع مطعم المشويات كانت بين بين. ما شفت في المقبلات شي يميزه عن باقي المطاعم. الخدمة كانت عادية ما فيها شي يذكر. الأسعار تقريبا زي أي مطعم ثاني بنفس المستوى. الديكور عادي، ما فيه شي مميز. في النهاية تجربة مقبولة، ولا شي يستاهل يتحمس له أحد.,neutral
بصراحة تجربة عادية. نفس المستوى اللي شفته في أماكن ثانية مشابهة. توقعت العصائر أحسن شوي بس برضو مو سيء. بشكل عام تجربة وسط، ممكن نرجع وممكن لا.,neutral
زرت مطعم البرجر مع العائلة. الخدمة مقبولة، ينقصها شوي احترافية. قيمة الفلوس مقابل الأكل متوسطة، مو غالية ومو رخيصة. الأصناف اللي طلبناها مثل أي مكان ثاني، ما فيه شي مميز. أعطيه تقييم متوسط، لا أنصح بقوة ولا أثبط أحد.,neutral
زرت المطعم الجديد مع العائلة. الخدمة بشكل عام تمام، لا سيئة ولا ممتازة. ما في شي يشتكى منه بس ولا في شي يمدح. الأسعار مقارنة بالكمية مناسبة للي تشوفه بس مو أكثر. توقعت الوجبة الرئيسية أحسن شوي بس برضو مو سيء. أعطيه تقييم متوسط، لا أنصح بقوة ولا أثبط أحد.,neutral
ودي أشارك رأيي عن المطعم الجديد. المشاوي كان تمام بس ينقصه شوي نكهة. الأسعار مقارنة بالكمية متوسطة، مو غالية ومو رخيصة. الخدمة مقبولة، ينقصها شوي احترافية. في النهاية تجربة مقبولة، ولا شي يستاهل يتحمس له أحد.,neutral
تجربتنا كانت متوسطة. الجو العام مقبول، الجلسات عادية. الأكل مثل أي مكان ثاني، ما فيه شي مميز. استقبال الموظفين تمام، لا سيئة ولا ممتازة. مو التجربة اللي بتنسى بس ولا اللي بتندم عليها.,neutral
كنت مع أصحابي في المطعم اللي جربناه. نفس المستوى اللي شفته في أماكن ثانية مشابهة. السعر تقريبا زي أي مطعم ثاني بنفس المستوى. البرجر مقبول بس مو شي يخلي القلب يرجع. الخدمة تمام، لا سيئة ولا ممتازة. الترتيب الداخلي مقبول، الجلسات عادية. مو التجربة اللي بتنسى بس ولا اللي بتندم عليها.,neutral
كنت مع أصحابي في المطعم اللي جربناه. تعامل النادل كانت عادية ما فيها شي يذكر. الأصناف اللي طلبناها طعمه عادي، ولا حلو ولا سيء. أعطيه تقييم متوسط، لا أنصح بقوة ولا أثبط أحد.,neutral
ودي أشارك رأيي عن المطعم. سرعة التقديم عادية، الموظفين متعاونين بس التنظيم يحتاج تحسين. الأرز كان تمام بس ينقصه شوي نكهة. الأسعار مقارنة بالكمية متوسطة، مو غالية ومو رخيصة. ما في شي يشتكى منه بس ولا في شي يمدح. أعطيه تقييم متوسط، لا أنصح بقوة ولا أثبط أحد.,neutral
رحنا مطعم البرجر على أساس المراجعات بس. المكان عادي، ما فيه شي مميز. ولا شي خاص يخليني أفضله على غيره. البيتزا كان دافي مب حار زي ما نبيه. السعر متوسطة، مو غالية ومو رخيصة. تعامل النادل كانت عادية ما فيها شي يذكر. ممكن يكون خيار مناسب لو كنت قريب بس ما يستاهل مشوار بعيد.,neutral
صراحة ما عندي رأي واضح عن المطعم الشعبي. قيمة الفلوس مقابل الأكل مناسبة للي تشوفه بس مو أكثر. النظافة نظيف بشكل عام بس التصميم بسيط. توقعت المشاوي أحسن شوي بس برضو مو سيء. سرعة التقديم كانت بطيئة شوي بس محترمين. تقييمي للمكان ثلاثة من خمسة، عادي.,neutral
زرنا الكافيه أمس والتجربة كانت عادية. البيتزا كان دافي مب حار زي ما نبيه. استقبال الموظفين تمام، لا سيئة ولا ممتازة. قيمة الفلوس مقابل الأكل متوسطة، مو غالية ومو رخيصة. ممكن يكون خيار مناسب لو كنت قريب بس ما يستاهل مشوار بعيد.,neutral
تجربتنا كانت متوسطة. النظافة مقبول، الجلسات عادية. البرجر طعمه عادي، ولا حلو ولا سيء. الخدمة بشكل عام كانت بطيئة شوي بس محترمين. الأسعار معقولة نوعا ما مقارنة بالجودة. يعتبر خيار متوسط بين المطاعم اللي جربتها. بالنسبة لي تجربة عادية جدا ولا فيها شي يذكر بالسلب ولا الإيجاب.,neutral
ودي أشارك رأيي عن المكان. قيمة الفلوس مقابل الأكل مناسبة للي تشوفه بس مو أكثر. الخدمة بشكل عام كانت بطيئة شوي بس محترمين. المشاوي حلو بس الكمية أقل من المتوقع. في النهاية تجربة مقبولة، ولا شي يستاهل يتحمس له أحد.,neutral
كنت مع أصحابي في المطعم الجديد. الأرز مثل أي مكان ثاني، ما فيه شي مميز. تعامل النادل عادية، الموظفين متعاونين بس التنظيم يحتاج تحسين. الترتيب الداخلي مقبول، الجلسات عادية. يعتبر خيار متوسط بين المطاعم اللي جربتها. قيمة الفلوس مقابل الأكل معقولة نوعا ما مقارنة بالجودة. مو التجربة اللي بتنسى بس ولا اللي بتندم عليها.,neutral
زرنا مطعم البيتزا أمس والتجربة كانت عادية. السعر متوسطة، مو غالية ومو رخيصة. العصائر طعمه عادي، ولا حلو ولا سيء. تقييمي للمكان ثلاثة من خمسة، عادي.,neutral
التجربة مع الفرع كانت بين بين. ما في شي يشتكى منه بس ولا في شي يمدح. المكان نظيف بشكل عام بس التصميم بسيط. البيتزا حلو بس الكمية أقل من المتوقع. الخدمة مقبولة، ينقصها شوي احترافية. الأسعار معقولة نوعا ما مقارنة بالجودة. ممكن يكون خيار مناسب لو كنت قريب بس ما يستاهل مشوار بعيد.,neutral
بصراحة تجربة عادية. قيمة الفلوس مقابل الأكل مناسبة للي تشوفه بس مو أكثر. المكان مقبول، الجلسات عادية. الوجبة لا بأس فيه، وسط الوسط. في النهاية تجربة مقبولة، ولا شي يستاهل يتحمس له أحد.,neutral
رحنا المطعم الشعبي على أساس المراجعات بس. الأرز كان تمام بس ينقصه شوي نكهة. السعر متوسطة، مو غالية ومو رخيصة. بالنسبة لي تجربة عادية جدا ولا فيها شي يذكر بالسلب ولا الإيجاب.,neutral
رحنا المطعم الجديد على أساس المراجعات بس. الأسعار مناسبة للي تشوفه بس مو أكثر. سرعة التقديم مقبولة، ينقصها شوي احترافية. الوجبة طعمه عادي، ولا حلو ولا سيء. مو التجربة اللي بتنسى بس ولا اللي بتندم عليها.,neutral
صراحة ما عندي رأي واضح عن المطعم الشعبي. الخدمة تمام، لا سيئة ولا ممتازة. الأصناف اللي طلبناها حلو بس الكمية أقل من المتوقع. الأسعار مقارنة بالكمية مناسبة للي تشوفه بس مو أكثر. المكان فيه صف بس ماشي الحال. أعطيه تقييم متوسط، لا أنصح بقوة ولا أثبط أحد.,neutral
رحنا مطعم الفطور على أساس المراجعات بس. العصائر كان تمام بس ينقصه شوي نكهة. الخدمة بشكل عام كانت عادية ما فيها شي يذكر. الجو العام تمام، مساحة صغيرة بس مرتبة. الأسعار مقارنة بالكمية تقريبا زي أي مطعم ثاني بنفس المستوى. تقييمي للمكان ثلاثة من خمسة، عادي.,neutral
بصراحة تجربة عادية. الأسعار متوسطة، مو غالية ومو رخيصة. الأكل طعمه عادي، ولا حلو ولا سيء. ما راح أقول التجربة سيئة بس مو من الأماكن اللي تنصح فيها بقوة.,neutral
صراحة ما عندي رأي واضح عن الفرع. ما توقعت أكثر من كذا صراحة. الجو العام عادي، ما فيه شي مميز. استقبال الموظفين مقبولة، ينقصها شوي احترافية. الأكل كان تمام بس ينقصه شوي نكهة. ما راح أقول التجربة سيئة بس مو من الأماكن اللي تنصح فيها بقوة.,neutral
صراحة ما عندي رأي واضح عن الكافيه. الأرز كان عادي مو أكثر ومو أقل. قيمة الفلوس مقابل الأكل مناسبة للي تشوفه بس مو أكثر. الجو العام عادي، ما فيه شي مميز. تعامل النادل كانت متوسطة، انتظرنا وقت مو طويل بس مو سريع. المكان فيه صف بس ماشي الحال. مو التجربة اللي بتنسى بس ولا اللي بتندم عليها.,neutral
التجربة مع مطعم البرجر كانت بين بين. الخدمة كانت عادية ما فيها شي يذكر. ما في شي يشتكى منه بس ولا في شي يمدح. الوجبة كان تمام بس ينقصه شوي نكهة. الجو العام عادي، ما فيه شي مميز. مو التجربة اللي بتنسى بس ولا اللي بتندم عليها.,neutral
بصراحة تجربة عادية. التجربة كانت طبيعية بدون أي مفاجآت. استقبال الموظفين مقبولة، ينقصها شوي احترافية. المكان عادي، ما فيه شي مميز. ما شفت في الطعام شي يميزه عن باقي المطاعم. بشكل عام تجربة وسط، ممكن نرجع وممكن لا.,neutral
التجربة مع المطعم كانت بين بين. توقعت المشاوي أحسن شوي بس برضو مو سيء. تعامل النادل عادية، الموظفين متعاونين بس التنظيم يحتاج تحسين. تقييمي للمكان ثلاثة من خمسة، عادي.,neutral
زرنا المطعم أمس والتجربة كانت عادية. الوجبة الرئيسية كان تمام بس ينقصه شوي نكهة. الأسعار مقارنة بالكمية مناسبة للي تشوفه بس مو أكثر. تقييمي للمكان ثلاثة من خمسة، عادي.,neutral
التجربة مع المطعم الشعبي كانت بين بين. الوجبة كان تمام بس ينقصه شوي نكهة. الجو العام نظيف بشكل عام بس التصميم بسيط. الأسعار مقارنة بالكمية متوسطة، مو غالية ومو رخيصة. ممكن يكون خيار مناسب لو كنت قريب بس ما يستاهل مشوار بعيد.,neutral
زرنا المطعم أمس والتجربة كانت عادية. العصائر كان عادي مو أكثر ومو أقل. الخدمة بشكل عام كانت بطيئة شوي بس محترمين. الترتيب الداخلي عادي، ما فيه شي مميز. تقييمي للمكان ثلاثة من خمسة، عادي.,neutral
زرت الكافيه مع العائلة. قيمة الفلوس مقابل الأكل معقولة نوعا ما مقارنة بالجودة. الأجواء نظيف بشكل عام بس التصميم بسيط. الانتظار كان طبيعي مو طويل ومو قصير. المقبلات لا بأس فيه، وسط الوسط. استقبال الموظفين كانت بطيئة شوي بس محترمين. ما راح أقول التجربة سيئة بس مو من الأماكن اللي تنصح فيها بقوة.,neutral
ودي أشارك رأيي عن المطعم. السعر معقولة نوعا ما مقارنة بالجودة. الأجواء نظيف بشكل عام بس التصميم بسيط. استقبال الموظفين كانت بطيئة شوي بس محترمين. ما شفت في الحلا شي يميزه عن باقي المطاعم. يستاهل يجرب بس متوقعاته لا تكون عالية.,neutral
بصراحة تجربة عادية. استقبال الموظفين كانت عادية ما فيها شي يذكر. ما شفت في الوجبة الرئيسية شي يميزه عن باقي المطاعم. نفس المستوى اللي شفته في أماكن ثانية مشابهة. ما راح أقول التجربة سيئة بس مو من الأماكن اللي تنصح فيها بقوة.,neutral
جربنا مطعم المأكولات البحرية أول مرة. الأصناف اللي طلبناها حلو بس الكمية أقل من المتوقع. الخدمة بشكل عام عادية، الموظفين متعاونين بس التنظيم يحتاج تحسين. الديكور تمام، مساحة صغيرة بس مرتبة. ممكن يكون خيار مناسب لو كنت قريب بس ما يستاهل مشوار بعيد.,neutral
زرنا مطعم المأكولات البحرية أمس والتجربة كانت عادية. المقبلات حلو بس الكمية أقل من المتوقع. استقبال الموظفين كانت بطيئة شوي بس محترمين. يستاهل يجرب بس متوقعاته لا تكون عالية.,neutral
صراحة ما عندي رأي واضح عن الكافيه. المشاوي لا بأس فيه، وسط الوسط. السعر مناسبة للي تشوفه بس مو أكثر. سرعة التقديم عادية، الموظفين متعاونين بس التنظيم يحتاج تحسين. ممكن يكون خيار مناسب لو كنت قريب بس ما يستاهل مشوار بعيد.,neutral
ودي أشارك رأيي عن مطعم البيتزا. الجو العام مقبول، الجلسات عادية. الأسعار متوسطة، مو غالية ومو رخيصة. البيتزا كان عادي مو أكثر ومو أقل. الخدمة كانت بطيئة شوي بس محترمين. ولا شي خاص يخليني أفضله على غيره. ممكن يكون خيار مناسب لو كنت قريب بس ما يستاهل مشوار بعيد.,neutral
ودي أشارك رأيي عن مطعم البرجر. المكان فيه صف بس ماشي الحال. توقعت الوجبة أحسن شوي بس برضو مو سيء. تعامل النادل كانت بطيئة شوي بس محترمين. الأسعار مقارنة بالكمية مناسبة للي تشوفه بس مو أكثر. ممكن يكون خيار مناسب لو كنت قريب بس ما يستاهل مشوار بعيد.,neutral
زرت مطعم الوجبات السريعة مع العائلة. الخدمة بشكل عام عادية، الموظفين متعاونين بس التنظيم يحتاج تحسين. الأسعار معقولة نوعا ما مقارنة بالجودة. الوجبة الرئيسية كان عادي مو أكثر ومو أقل. ما في شي يشتكى منه بس ولا في شي يمدح. في النهاية تجربة مقبولة، ولا شي يستاهل يتحمس له أحد.,neutral
رحنا المطعم على أساس المراجعات بس. الأسعار متوسطة، مو غالية ومو رخيصة. استقبال الموظفين عادية، الموظفين متعاونين بس التنظيم يحتاج تحسين. الجو العام تمام، مساحة صغيرة بس مرتبة. المقبلات كان عادي مو أكثر ومو أقل. مو التجربة اللي بتنسى بس ولا اللي بتندم عليها.,neutral
تجربتنا كانت متوسطة. قيمة الفلوس مقابل الأكل تقريبا زي أي مطعم ثاني بنفس المستوى. الجو العام تمام، مساحة صغيرة بس مرتبة. البيتزا كان دافي مب حار زي ما نبيه. تعامل النادل كانت عادية ما فيها شي يذكر. أعطيه تقييم متوسط، لا أنصح بقوة ولا أثبط أحد.,neutral
ودي أشارك رأيي عن المطعم اللي جربناه. ما في شي يشتكى منه بس ولا في شي يمدح. الأرز حلو بس الكمية أقل من المتوقع. استقبال الموظفين كانت عادية ما فيها شي يذكر. قيمة الفلوس مقابل الأكل مناسبة للي تشوفه بس مو أكثر. الأجواء عادي، ما فيه شي مميز. يستاهل يجرب بس متوقعاته لا تكون عالية.,neutral
كنت مع أصحابي في مطعم البرجر. يعتبر خيار متوسط بين المطاعم اللي جربتها. ما شفت في الحلا شي يميزه عن باقي المطاعم. الديكور نظيف بشكل عام بس التصميم بسيط. الخدمة مقبولة، ينقصها شوي احترافية. ما راح أقول التجربة سيئة بس مو من الأماكن اللي تنصح فيها بقوة.,neutral
بصراحة تجربة عادية. قيمة الفلوس مقابل الأكل مناسبة للي تشوفه بس مو أكثر. الجو العام نظيف بشكل عام بس التصميم بسيط. الأكل لا بأس فيه، وسط الوسط. تعامل النادل كانت عادية ما فيها شي يذكر. أعطيه تقييم متوسط، لا أنصح بقوة ولا أثبط أحد.,neutral
ودي أشارك رأيي عن مطعم البيتزا. الأسعار متوسطة، مو غالية ومو رخيصة. تعامل النادل تمام، لا سيئة ولا ممتازة. الحلا حلو بس الكمية أقل من المتوقع. بشكل عام تجربة وسط، ممكن نرجع وممكن لا.,neutral
بصراحة تجربة عادية. المكان تمام، مساحة صغيرة بس مرتبة. البيتزا كان تمام بس ينقصه شوي نكهة. يستاهل يجرب بس متوقعاته لا تكون عالية.,neutral
جربنا مطعم البيتزا أول مرة. الديكور مقبول، الجلسات عادية. ما في شي يشتكى منه بس ولا في شي يمدح. الحلا حلو بس الكمية أقل من المتوقع. الأسعار معقولة نوعا ما مقارنة بالجودة. يستاهل يجرب بس متوقعاته لا تكون عالية.,neutral
زرت مطعم البرجر مع العائلة. سرعة التقديم مقبولة، ينقصها شوي احترافية. ولا شي خاص يخليني أفضله على غيره. المقبلات كان عادي مو أكثر ومو أقل. يستاهل يجرب بس متوقعاته لا تكون عالية.,neutral
صراحة ما عندي رأي واضح عن مطعم المشويات. نفس المستوى اللي شفته في أماكن ثانية مشابهة. المقبلات حلو بس الكمية أقل من المتوقع. بالنسبة لي تجربة عادية جدا ولا فيها شي يذكر بالسلب ولا الإيجاب.,neutral
زرنا المطعم الجديد أمس والتجربة كانت عادية. سرعة التقديم عادية، الموظفين متعاونين بس التنظيم يحتاج تحسين. السعر متوسطة، مو غالية ومو رخيصة. توقعت الحلا أحسن شوي بس برضو مو سيء. ما توقعت أكثر من كذا صراحة. يستاهل يجرب بس متوقعاته لا تكون عالية.,neutral
كنت مع أصحابي في المكان. ولا شي خاص يخليني أفضله على غيره. الديكور تمام، مساحة صغيرة بس مرتبة. السلطة طعمه عادي، ولا حلو ولا سيء. الخدمة بشكل عام كانت بطيئة شوي بس محترمين. لو تبي تجرب مرة وحدة ما فيها مانع، بس مو المكان اللي أرشحه بشدة.,neutral
ودي أشارك رأيي عن الفرع. ما شفت في الأكل شي يميزه عن باقي المطاعم. التجربة كانت طبيعية بدون أي مفاجآت. الأجواء تمام، مساحة صغيرة بس مرتبة. الخدمة بشكل عام تمام، لا سيئة ولا ممتازة. الأسعار مقارنة بالكمية معقولة نوعا ما مقارنة بالجودة. ممكن يكون خيار مناسب لو كنت قريب بس ما يستاهل مشوار بعيد.,neutral
صراحة ما عندي رأي واضح عن الفرع. المكان نظيف بشكل عام بس التصميم بسيط. الوجبة كان عادي مو أكثر ومو أقل. لو تبي تجرب مرة وحدة ما فيها مانع، بس مو المكان اللي أرشحه بشدة.,neutral
جربنا مطعم البيتزا أول مرة. الحلا مثل أي مكان ثاني، ما فيه شي مميز. استقبال الموظفين كانت عادية ما فيها شي يذكر. في النهاية تجربة مقبولة، ولا شي يستاهل يتحمس له أحد.,neutral
تجربتنا كانت متوسطة. الأجواء تمام، مساحة صغيرة بس مرتبة. الخدمة بشكل عام كانت عادية ما فيها شي يذكر. الحلا كان دافي مب حار زي ما نبيه. أعطيه تقييم متوسط، لا أنصح بقوة ولا أثبط أحد.,neutral
التجربة مع مطعم الفطور كانت بين بين. الجو العام نظيف بشكل عام بس التصميم بسيط. المقبلات مثل أي مكان ثاني، ما فيه شي مميز. أعطيه تقييم متوسط، لا أنصح بقوة ولا أثبط أحد.,neutral
رحنا الفرع على أساس المراجعات بس. الأرز مقبول بس مو شي يخلي القلب يرجع. ما في شي يشتكى منه بس ولا في شي يمدح. استقبال الموظفين عادية، الموظفين متعاونين بس التنظيم يحتاج تحسين. بشكل عام تجربة وسط، ممكن نرجع وممكن لا.,neutral
تجربتنا كانت متوسطة. الخدمة بشكل عام كانت متوسطة، انتظرنا وقت مو طويل بس مو سريع. الأرز كان تمام بس ينقصه شوي نكهة. ما راح أقول التجربة سيئة بس مو من الأماكن اللي تنصح فيها بقوة.,neutral
رحنا المكان على أساس المراجعات بس. استقبال الموظفين عادية، الموظفين متعاونين بس التنظيم يحتاج تحسين. الوجبة الرئيسية مثل أي مكان ثاني، ما فيه شي مميز. ما توقعت أكثر من كذا صراحة. المكان تمام، مساحة صغيرة بس مرتبة. لو تبي تجرب مرة وحدة ما فيها مانع، بس مو المكان اللي أرشحه بشدة.,neutral
زرت مطعم الوجبات السريعة مع العائلة. النظافة نظيف بشكل عام بس التصميم بسيط. تعامل النادل مقبولة، ينقصها شوي احترافية. الأسعار متوسطة، مو غالية ومو رخيصة. الوجبة كان تمام بس ينقصه شوي نكهة. بشكل عام تجربة وسط، ممكن نرجع وممكن لا.,neutral
التجربة مع مطعم البيتزا كانت بين بين. الأجواء عادي، ما فيه شي مميز. الأسعار مناسبة للي تشوفه بس مو أكثر. توقعت الأرز أحسن شوي بس برضو مو سيء. استقبال الموظفين كانت متوسطة، انتظرنا وقت مو طويل بس مو سريع. ولا شي خاص يخليني أفضله على غيره. لو تبي تجرب مرة وحدة ما فيها مانع، بس مو المكان اللي أرشحه بشدة.,neutral
بصراحة تجربة عادية. ما شفت في المقبلات شي يميزه عن باقي المطاعم. الديكور تمام، مساحة صغيرة بس مرتبة. الأسعار معقولة نوعا ما مقارنة بالجودة. سرعة التقديم كانت بطيئة شوي بس محترمين. في النهاية تجربة مقبولة، ولا شي يستاهل يتحمس له أحد.,neutral
ودي أشارك رأيي عن مطعم الأكل الإيطالي. النظافة تمام، مساحة صغيرة بس مرتبة. الوجبة الرئيسية لا بأس فيه، وسط الوسط. قيمة الفلوس مقابل الأكل تقريبا زي أي مطعم ثاني بنفس المستوى. مو التجربة اللي بتنسى بس ولا اللي بتندم عليها.,neutral
رحنا مطعم البيتزا على أساس المراجعات بس. الوجبة مثل أي مكان ثاني، ما فيه شي مميز. الجو العام عادي، ما فيه شي مميز. الخدمة كانت متوسطة، انتظرنا وقت مو طويل بس مو سريع. الأسعار مقارنة بالكمية معقولة نوعا ما مقارنة بالجودة. مو التجربة اللي بتنسى بس ولا اللي بتندم عليها.,neutral
ودي أشارك رأيي عن الكافيه. الديكور نظيف بشكل عام بس التصميم بسيط. الخدمة بشكل عام كانت متوسطة، انتظرنا وقت مو طويل بس مو سريع. ما شفت في الحلا شي يميزه عن باقي المطاعم. تقييمي للمكان ثلاثة من خمسة، عادي.,neutral
تجربتنا كانت متوسطة. الترتيب الداخلي نظيف بشكل عام بس التصميم بسيط. الخدمة مقبولة، ينقصها شوي احترافية. توقعت الطعام أحسن شوي بس برضو مو سيء. نفس المستوى اللي شفته في أماكن ثانية مشابهة. السعر تقريبا زي أي مطعم ثاني بنفس المستوى. مو التجربة اللي بتنسى بس ولا اللي بتندم عليها.,neutral
كنت مع أصحابي في الكافيه. المكان نظيف بشكل عام بس التصميم بسيط. السلطة لا بأس فيه، وسط الوسط. سرعة التقديم عادية، الموظفين متعاونين بس التنظيم يحتاج تحسين. يعتبر خيار متوسط بين المطاعم اللي جربتها. لو تبي تجرب مرة وحدة ما فيها مانع، بس مو المكان اللي أرشحه بشدة.,neutral
صراحة ما عندي رأي واضح عن مطعم البيتزا. استقبال الموظفين كانت بطيئة شوي بس محترمين. يعتبر خيار متوسط بين المطاعم اللي جربتها. الوجبة كان عادي مو أكثر ومو أقل. الأسعار مقارنة بالكمية تقريبا زي أي مطعم ثاني بنفس المستوى. مو التجربة اللي بتنسى بس ولا اللي بتندم عليها.,neutral
رحنا مطعم الوجبات السريعة على أساس المراجعات بس. الأكل طعمه عادي، ولا حلو ولا سيء. سرعة التقديم مقبولة، ينقصها شوي احترافية. السعر معقولة نوعا ما مقارنة بالجودة. بشكل عام تجربة وسط، ممكن نرجع وممكن لا.,neutral
كنت مع أصحابي في المطعم الجديد. السعر تقريبا زي أي مطعم ثاني بنفس المستوى. الديكور مقبول، الجلسات عادية. البيتزا كان دافي مب حار زي ما نبيه. الخدمة كانت بطيئة شوي بس محترمين. أعطيه تقييم متوسط، لا أنصح بقوة ولا أثبط أحد.,neutral
كنت مع أصحابي في المطعم. الديكور عادي، ما فيه شي مميز. قيمة الفلوس مقابل الأكل تقريبا زي أي مطعم ثاني بنفس المستوى. العصائر كان دافي مب حار زي ما نبيه. استقبال الموظفين عادية، الموظفين متعاونين بس التنظيم يحتاج تحسين. ممكن يكون خيار مناسب لو كنت قريب بس ما يستاهل مشوار بعيد.,neutral
زرت مطعم المشويات مع العائلة. ولا شي خاص يخليني أفضله على غيره. الخدمة بشكل عام عادية، الموظفين متعاونين بس التنظيم يحتاج تحسين. المكان عادي، ما فيه شي مميز. الوجبة الرئيسية كان عادي مو أكثر ومو أقل. تقييمي للمكان ثلاثة من خمسة، عادي.,neutral
رحنا مطعم البرجر على أساس المراجعات بس. الأصناف اللي طلبناها لا بأس فيه، وسط الوسط. المكان فيه صف بس ماشي الحال. الجو العام عادي، ما فيه شي مميز. الأسعار مقارنة بالكمية متوسطة، مو غالية ومو رخيصة. تعامل النادل كانت متوسطة، انتظرنا وقت مو طويل بس مو سريع. مو التجربة اللي بتنسى بس ولا اللي بتندم عليها.,neutral
تجربتنا كانت متوسطة. قيمة الفلوس مقابل الأكل معقولة نوعا ما مقارنة بالجودة. سرعة التقديم كانت بطيئة شوي بس محترمين. الديكور تمام، مساحة صغيرة بس مرتبة. الوجبة الرئيسية كان تمام بس ينقصه شوي نكهة. بشكل عام تجربة وسط، ممكن نرجع وممكن لا.,neutral
ودي أشارك رأيي عن المكان. استقبال الموظفين كانت متوسطة، انتظرنا وقت مو طويل بس مو سريع. ما شفت في البيتزا شي يميزه عن باقي المطاعم. نفس المستوى اللي شفته في أماكن ثانية مشابهة. ممكن يكون خيار مناسب لو كنت قريب بس ما يستاهل مشوار بعيد.,neutral
التجربة مع المطعم الشعبي كانت بين بين. ولا شي خاص يخليني أفضله على غيره. الوجبة كان تمام بس ينقصه شوي نكهة. الخدمة كانت متوسطة، انتظرنا وقت مو طويل بس مو سريع. المكان نظيف بشكل عام بس التصميم بسيط. يستاهل يجرب بس متوقعاته لا تكون عالية.,neutral
تجربتنا كانت متوسطة. المكان مقبول، الجلسات عادية. المشاوي كان دافي مب حار زي ما نبيه. السعر متوسطة، مو غالية ومو رخيصة. استقبال الموظفين مقبولة، ينقصها شوي احترافية. بالنسبة لي تجربة عادية جدا ولا فيها شي يذكر بالسلب ولا الإيجاب.,neutral
تجربتنا كانت متوسطة. الوجبة الرئيسية كان تمام بس ينقصه شوي نكهة. الأسعار مقارنة بالكمية متوسطة، مو غالية ومو رخيصة. الخدمة مقبولة، ينقصها شوي احترافية. ما راح أقول التجربة سيئة بس مو من الأماكن اللي تنصح فيها بقوة.,neutral
ودي أشارك رأيي عن مطعم البرجر. السعر معقولة نوعا ما مقارنة بالجودة. الأصناف اللي طلبناها لا بأس فيه، وسط الوسط. الخدمة بشكل عام تمام، لا سيئة ولا ممتازة. في النهاية تجربة مقبولة، ولا شي يستاهل يتحمس له أحد.,neutral
زرنا المطعم الشعبي أمس والتجربة كانت عادية. الأرز كان تمام بس ينقصه شوي نكهة. الأسعار معقولة نوعا ما مقارنة بالجودة. يستاهل يجرب بس متوقعاته لا تكون عالية.,neutral
زرنا مطعم البيتزا أمس والتجربة كانت عادية. ما شفت في المقبلات شي يميزه عن باقي المطاعم. الديكور نظيف بشكل عام بس التصميم بسيط. أعطيه تقييم متوسط، لا أنصح بقوة ولا أثبط أحد.,neutral
جربنا المطعم الجديد أول مرة. الخدمة بشكل عام كانت متوسطة، انتظرنا وقت مو طويل بس مو سريع. السعر مناسبة للي تشوفه بس مو أكثر. البيتزا لا بأس فيه، وسط الوسط. في النهاية تجربة مقبولة، ولا شي يستاهل يتحمس له أحد.,neutral
كنت مع أصحابي في الكافيه. المكان مقبول، الجلسات عادية. الأسعار مقارنة بالكمية تقريبا زي أي مطعم ثاني بنفس المستوى. البيتزا حلو بس الكمية أقل من المتوقع. في النهاية تجربة مقبولة، ولا شي يستاهل يتحمس له أحد.,neutral
صراحة ما عندي رأي واضح عن مطعم المشويات. النظافة تمام، مساحة صغيرة بس مرتبة. المقبلات مثل أي مكان ثاني، ما فيه شي مميز. سرعة التقديم كانت متوسطة، انتظرنا وقت مو طويل بس مو سريع. السعر متوسطة، مو غالية ومو رخيصة. مو التجربة اللي بتنسى بس ولا اللي بتندم عليها.,neutral
تجربتنا كانت متوسطة. المقبلات كان عادي مو أكثر ومو أقل. تعامل النادل مقبولة، ينقصها شوي احترافية. ما توقعت أكثر من كذا صراحة. ممكن يكون خيار مناسب لو كنت قريب بس ما يستاهل مشوار بعيد.,neutral
زرنا مطعم الفطور أمس والتجربة كانت عادية. الخدمة بشكل عام عادية، الموظفين متعاونين بس التنظيم يحتاج تحسين. الوجبة الرئيسية كان دافي مب حار زي ما نبيه. الأجواء نظيف بشكل عام بس التصميم بسيط. الانتظار كان طبيعي مو طويل ومو قصير. أعطيه تقييم متوسط، لا أنصح بقوة ولا أثبط أحد.,neutral
بصراحة تجربة عادية. الخدمة بشكل عام كانت بطيئة شوي بس محترمين. ما شفت في البيتزا شي يميزه عن باقي المطاعم. الأسعار مقارنة بالكمية مناسبة للي تشوفه بس مو أكثر. ولا شي خاص يخليني أفضله على غيره. أعطيه تقييم متوسط، لا أنصح بقوة ولا أثبط أحد.,neutral
تجربتنا كانت متوسطة. تعامل النادل كانت بطيئة شوي بس محترمين. الطعام حلو بس الكمية أقل من المتوقع. ممكن يكون خيار مناسب لو كنت قريب بس ما يستاهل مشوار بعيد.,neutral
كنت مع أصحابي في مطعم البيتزا. ولا شي خاص يخليني أفضله على غيره. استقبال الموظفين كانت عادية ما فيها شي يذكر. السلطة كان تمام بس ينقصه شوي نكهة. في النهاية تجربة مقبولة، ولا شي يستاهل يتحمس له أحد.,neutral
ودي أشارك رأيي عن الفرع. الحلا كان عادي مو أكثر ومو أقل. ما توقعت أكثر من كذا صراحة. الخدمة كانت عادية ما فيها شي يذكر. الأسعار مقارنة بالكمية معقولة نوعا ما مقارنة بالجودة. بشكل عام تجربة وسط، ممكن نرجع وممكن لا.,neutral
زرنا مطعم المأكولات البحرية أمس والتجربة كانت عادية. الطعام كان دافي مب حار زي ما نبيه. قيمة الفلوس مقابل الأكل متوسطة، مو غالية ومو رخيصة. الأجواء عادي، ما فيه شي مميز. المكان فيه صف بس ماشي الحال. الخدمة بشكل عام تمام، لا سيئة ولا ممتازة. بالنسبة لي تجربة عادية جدا ولا فيها شي يذكر بالسلب ولا الإيجاب.,neutral
ودي أشارك رأيي عن المطعم اللي جربناه. المقبلات لا بأس فيه، وسط الوسط. الديكور نظيف بشكل عام بس التصميم بسيط. استقبال الموظفين كانت بطيئة شوي بس محترمين. ممكن يكون خيار مناسب لو كنت قريب بس ما يستاهل مشوار بعيد.,neutral
صراحة ما عندي رأي واضح عن مطعم المأكولات البحرية. النظافة تمام، مساحة صغيرة بس مرتبة. الخدمة بشكل عام عادية، الموظفين متعاونين بس التنظيم يحتاج تحسين. يعتبر خيار متوسط بين المطاعم اللي جربتها. العصائر كان دافي مب حار زي ما نبيه. بالنسبة لي تجربة عادية جدا ولا فيها شي يذكر بالسلب ولا الإيجاب.,neutral
زرت المطعم الشعبي مع العائلة. الأسعار مقارنة بالكمية متوسطة، مو غالية ومو رخيصة. سرعة التقديم عادية، الموظفين متعاونين بس التنظيم يحتاج تحسين. المقبلات مقبول بس مو شي يخلي القلب يرجع. لو تبي تجرب مرة وحدة ما فيها مانع، بس مو المكان اللي أرشحه بشدة.,neutral
بصراحة تجربة عادية. الخدمة كانت عادية ما فيها شي يذكر. الانتظار كان طبيعي مو طويل ومو قصير. المكان مقبول، الجلسات عادية. السلطة مثل أي مكان ثاني، ما فيه شي مميز. بشكل عام تجربة وسط، ممكن نرجع وممكن لا.,neutral
تجربتنا كانت متوسطة. المقبلات مقبول بس مو شي يخلي القلب يرجع. الأسعار متوسطة، مو غالية ومو رخيصة. مو التجربة اللي بتنسى بس ولا اللي بتندم عليها.,neutral
صراحة ما عندي رأي واضح عن مطعم البيتزا. الجو العام مقبول، الجلسات عادية. المقبلات لا بأس فيه، وسط الوسط. الخدمة كانت عادية ما فيها شي يذكر. السعر معقولة نوعا ما مقارنة بالجودة. ممكن يكون خيار مناسب لو كنت قريب بس ما يستاهل مشوار بعيد.,neutral
التجربة مع المكان كانت بين بين. تعامل النادل مقبولة، ينقصها شوي احترافية. السعر معقولة نوعا ما مقارنة بالجودة. الأرز مقبول بس مو شي يخلي القلب يرجع. ما راح أقول التجربة سيئة بس مو من الأماكن اللي تنصح فيها بقوة.,neutral
التجربة مع المكان كانت بين بين. يعتبر خيار متوسط بين المطاعم اللي جربتها. الحلا طعمه عادي، ولا حلو ولا سيء. سرعة التقديم كانت عادية ما فيها شي يذكر. أعطيه تقييم متوسط، لا أنصح بقوة ولا أثبط أحد.,neutral
صراحة ما عندي رأي واضح عن مطعم المأكولات البحرية. استقبال الموظفين كانت عادية ما فيها شي يذكر. ولا شي خاص يخليني أفضله على غيره. السعر مناسبة للي تشوفه بس مو أكثر. العصائر مقبول بس مو شي يخلي القلب يرجع. النظافة مقبول، الجلسات عادية. يستاهل يجرب بس متوقعاته لا تكون عالية.,neutral
جربنا الكافيه أول مرة. المشاوي طعمه عادي، ولا حلو ولا سيء. الخدمة مقبولة، ينقصها شوي احترافية. الجو العام تمام، مساحة صغيرة بس مرتبة. ممكن يكون خيار مناسب لو كنت قريب بس ما يستاهل مشوار بعيد.,neutral
بصراحة تجربة عادية. استقبال الموظفين عادية، الموظفين متعاونين بس التنظيم يحتاج تحسين. قيمة الفلوس مقابل الأكل مناسبة للي تشوفه بس مو أكثر. توقعت المقبلات أحسن شوي بس برضو مو سيء. الديكور مقبول، الجلسات عادية. يستاهل يجرب بس متوقعاته لا تكون عالية.,neutral
جربنا المطعم أول مرة. الخدمة كانت متوسطة، انتظرنا وقت مو طويل بس مو سريع. المشاوي حلو بس الكمية أقل من المتوقع. ما راح أقول التجربة سيئة بس مو من الأماكن اللي تنصح فيها بقوة.,neutral
بصراحة تجربة عادية. الانتظار كان طبيعي مو طويل ومو قصير. الوجبة الرئيسية كان دافي مب حار زي ما نبيه. الترتيب الداخلي نظيف بشكل عام بس التصميم بسيط. ممكن يكون خيار مناسب لو كنت قريب بس ما يستاهل مشوار بعيد.,neutral
تجربتنا كانت متوسطة. المكان تمام، مساحة صغيرة بس مرتبة. ما توقعت أكثر من كذا صراحة. الوجبة كان دافي مب حار زي ما نبيه. الخدمة بشكل عام عادية، الموظفين متعاونين بس التنظيم يحتاج تحسين. الأسعار متوسطة، مو غالية ومو رخيصة. يستاهل يجرب بس متوقعاته لا تكون عالية.,neutral
زرنا المكان أمس والتجربة كانت عادية. قيمة الفلوس مقابل الأكل معقولة نوعا ما مقارنة بالجودة. النظافة تمام، مساحة صغيرة بس مرتبة. سرعة التقديم مقبولة، ينقصها شوي احترافية. الطعام لا بأس فيه، وسط الوسط. بشكل عام تجربة وسط، ممكن نرجع وممكن لا.,neutral
التجربة مع المطعم كانت بين بين. الخدمة كانت متوسطة، انتظرنا وقت مو طويل بس مو سريع. النظافة نظيف بشكل عام بس التصميم بسيط. الأسعار مقارنة بالكمية مناسبة للي تشوفه بس مو أكثر. الوجبة طعمه عادي، ولا حلو ولا سيء. ممكن يكون خيار مناسب لو كنت قريب بس ما يستاهل مشوار بعيد.,neutral
بصراحة تجربة عادية. سرعة التقديم كانت عادية ما فيها شي يذكر. الطعام حلو بس الكمية أقل من المتوقع. ممكن يكون خيار مناسب لو كنت قريب بس ما يستاهل مشوار بعيد.,neutral
جربنا مطعم الفطور أول مرة. تعامل النادل كانت متوسطة، انتظرنا وقت مو طويل بس مو سريع. المقبلات مقبول بس مو شي يخلي القلب يرجع. بشكل عام تجربة وسط، ممكن نرجع وممكن لا.,neutral
صراحة ما عندي رأي واضح عن المطعم. سرعة التقديم مقبولة، ينقصها شوي احترافية. المقبلات كان تمام بس ينقصه شوي نكهة. الأسعار مقارنة بالكمية معقولة نوعا ما مقارنة بالجودة. الانتظار كان طبيعي مو طويل ومو قصير. ما راح أقول التجربة سيئة بس مو من الأماكن اللي تنصح فيها بقوة.,neutral
جربنا المطعم اللي جربناه أول مرة. استقبال الموظفين كانت عادية ما فيها شي يذكر. الأسعار مقارنة بالكمية معقولة نوعا ما مقارنة بالجودة. الوجبة الرئيسية لا بأس فيه، وسط الوسط. النظافة تمام، مساحة صغيرة بس مرتبة. ممكن يكون خيار مناسب لو كنت قريب بس ما يستاهل مشوار بعيد.,neutral
جربنا المطعم الشعبي أول مرة. السعر مناسبة للي تشوفه بس مو أكثر. ما شفت في الأرز شي يميزه عن باقي المطاعم. الخدمة مقبولة، ينقصها شوي احترافية. يستاهل يجرب بس متوقعاته لا تكون عالية.,neutral
زرنا الفرع أمس والتجربة كانت عادية. الأسعار متوسطة، مو غالية ومو رخيصة. الأكل مقبول بس مو شي يخلي القلب يرجع. ولا شي خاص يخليني أفضله على غيره. في النهاية تجربة مقبولة، ولا شي يستاهل يتحمس له أحد.,neutral
صراحة ما عندي رأي واضح عن الفرع. قيمة الفلوس مقابل الأكل مناسبة للي تشوفه بس مو أكثر. المكان تمام، مساحة صغيرة بس مرتبة. الحلا حلو بس الكمية أقل من المتوقع. الخدمة بشكل عام تمام، لا سيئة ولا ممتازة. بالنسبة لي تجربة عادية جدا ولا فيها شي يذكر بالسلب ولا الإيجاب.,neutral
بصراحة تجربة عادية. الأصناف اللي طلبناها مثل أي مكان ثاني، ما فيه شي مميز. قيمة الفلوس مقابل الأكل مناسبة للي تشوفه بس مو أكثر. أعطيه تقييم متوسط، لا أنصح بقوة ولا أثبط أحد.,neutral
جربنا مطعم المشويات أول مرة. ولا شي خاص يخليني أفضله على غيره. الأرز مقبول بس مو شي يخلي القلب يرجع. النظافة نظيف بشكل عام بس التصميم بسيط. الخدمة كانت عادية ما فيها شي يذكر. بشكل عام تجربة وسط، ممكن نرجع وممكن لا.,neutral
التجربة مع مطعم البيتزا كانت بين بين. الترتيب الداخلي نظيف بشكل عام بس التصميم بسيط. ما شفت في المقبلات شي يميزه عن باقي المطاعم. سرعة التقديم كانت عادية ما فيها شي يذكر. يستاهل يجرب بس متوقعاته لا تكون عالية.,neutral
كنت مع أصحابي في مطعم الأكل الإيطالي. الخدمة مقبولة، ينقصها شوي احترافية. الأرز حلو بس الكمية أقل من المتوقع. ما راح أقول التجربة سيئة بس مو من الأماكن اللي تنصح فيها بقوة.,neutral
تجربتنا كانت متوسطة. الأسعار مقارنة بالكمية تقريبا زي أي مطعم ثاني بنفس المستوى. المكان عادي، ما فيه شي مميز. المشاوي مثل أي مكان ثاني، ما فيه شي مميز. الخدمة عادية، الموظفين متعاونين بس التنظيم يحتاج تحسين. تقييمي للمكان ثلاثة من خمسة، عادي.,neutral
جربنا الكافيه أول مرة. التجربة كانت طبيعية بدون أي مفاجآت. قيمة الفلوس مقابل الأكل مناسبة للي تشوفه بس مو أكثر. استقبال الموظفين كانت بطيئة شوي بس محترمين. الطعام لا بأس فيه، وسط الوسط. الترتيب الداخلي عادي، ما فيه شي مميز. ممكن يكون خيار مناسب لو كنت قريب بس ما يستاهل مشوار بعيد.,neutral
تجربتنا كانت متوسطة. ما توقعت أكثر من كذا صراحة. قيمة الفلوس مقابل الأكل معقولة نوعا ما مقارنة بالجودة. المشاوي مقبول بس مو شي يخلي القلب يرجع. الخدمة تمام، لا سيئة ولا ممتازة. النظافة مقبول، الجلسات عادية. مو التجربة اللي بتنسى بس ولا اللي بتندم عليها.,neutral
كنت مع أصحابي في مطعم المشويات. المقبلات مثل أي مكان ثاني، ما فيه شي مميز. النظافة نظيف بشكل عام بس التصميم بسيط. الخدمة بشكل عام كانت متوسطة، انتظرنا وقت مو طويل بس مو سريع. قيمة الفلوس مقابل الأكل متوسطة، مو غالية ومو رخيصة. يستاهل يجرب بس متوقعاته لا تكون عالية.,neutral
زرت مطعم البيتزا مع العائلة. السعر تقريبا زي أي مطعم ثاني بنفس المستوى. الخدمة بشكل عام كانت بطيئة شوي بس محترمين. النظافة مقبول، الجلسات عادية. ما شفت في الحلا شي يميزه عن باقي المطاعم. مو التجربة اللي بتنسى بس ولا اللي بتندم عليها.,neutral
رحنا مطعم البيتزا على أساس المراجعات بس. الخدمة بشكل عام تمام، لا سيئة ولا ممتازة. الوجبة كان تمام بس ينقصه شوي نكهة. لو تبي تجرب مرة وحدة ما فيها مانع، بس مو المكان اللي أرشحه بشدة.,neutral
زرنا المطعم اللي جربناه أمس والتجربة كانت عادية. الأسعار مقارنة بالكمية معقولة نوعا ما مقارنة بالجودة. الخدمة تمام، لا سيئة ولا ممتازة. الطعام كان دافي مب حار زي ما نبيه. ممكن يكون خيار مناسب لو كنت قريب بس ما يستاهل مشوار بعيد.,neutral
بصراحة تجربة عادية. الوجبة مثل أي مكان ثاني، ما فيه شي مميز. لو تبي تجرب مرة وحدة ما فيها مانع، بس مو المكان اللي أرشحه بشدة.,neutral
زرت المطعم مع العائلة. الوجبة الرئيسية كان دافي مب حار زي ما نبيه. لو تبي تجرب مرة وحدة ما فيها مانع، بس مو المكان اللي أرشحه بشدة.,neutral
تجربتنا كانت متوسطة. الترتيب الداخلي تمام، مساحة صغيرة بس مرتبة. الأسعار مقارنة بالكمية معقولة نوعا ما مقارنة بالجودة. الحلا كان دافي مب حار زي ما نبيه. يستاهل يجرب بس متوقعاته لا تكون عالية.,neutral
رحنا المكان على أساس المراجعات بس. الخدمة كانت بطيئة شوي بس محترمين. توقعت المشاوي أحسن شوي بس برضو مو سيء. قيمة الفلوس مقابل الأكل معقولة نوعا ما مقارنة بالجودة. أعطيه تقييم متوسط، لا أنصح بقوة ولا أثبط أحد.,neutral
ودي أشارك رأيي عن مطعم المشويات. الأصناف اللي طلبناها حلو بس الكمية أقل من المتوقع. الأجواء نظيف بشكل عام بس التصميم بسيط. يستاهل يجرب بس متوقعاته لا تكون عالية.,neutral
كنت مع أصحابي في مطعم المشويات. المشاوي كان تمام بس ينقصه شوي نكهة. الجو العام تمام، مساحة صغيرة بس مرتبة. ممكن يكون خيار مناسب لو كنت قريب بس ما يستاهل مشوار بعيد.,neutral
ودي أشارك رأيي عن المطعم الجديد. ما في شي يشتكى منه بس ولا في شي يمدح. استقبال الموظفين تمام، لا سيئة ولا ممتازة. ما شفت في الوجبة شي يميزه عن باقي المطاعم. الديكور تمام، مساحة صغيرة بس مرتبة. السعر تقريبا زي أي مطعم ثاني بنفس المستوى. في النهاية تجربة مقبولة، ولا شي يستاهل يتحمس له أحد.,neutral
زرت مطعم الفطور مع العائلة. الوجبة حلو بس الكمية أقل من المتوقع. النظافة تمام، مساحة صغيرة بس مرتبة. الانتظار كان طبيعي مو طويل ومو قصير. تعامل النادل كانت بطيئة شوي بس محترمين. ممكن يكون خيار مناسب لو كنت قريب بس ما يستاهل مشوار بعيد.,neutral
التجربة مع المكان كانت بين بين. توقعت المقبلات أحسن شوي بس برضو مو سيء. السعر معقولة نوعا ما مقارنة بالجودة. سرعة التقديم كانت بطيئة شوي بس محترمين. التجربة كانت طبيعية بدون أي مفاجآت. ما راح أقول التجربة سيئة بس مو من الأماكن اللي تنصح فيها بقوة.,neutral
زرنا مطعم البرجر أمس والتجربة كانت عادية. الجو العام عادي، ما فيه شي مميز. ما في شي يشتكى منه بس ولا في شي يمدح. الخدمة بشكل عام كانت بطيئة شوي بس محترمين. ما شفت في السلطة شي يميزه عن باقي المطاعم. الأسعار متوسطة، مو غالية ومو رخيصة. أعطيه تقييم متوسط، لا أنصح بقوة ولا أثبط أحد.,neutral
زرنا مطعم الأكل الإيطالي أمس والتجربة كانت عادية. الطعام مقبول بس مو شي يخلي القلب يرجع. قيمة الفلوس مقابل الأكل تقريبا زي أي مطعم ثاني بنفس المستوى. الخدمة بشكل عام تمام، لا سيئة ولا ممتازة. يستاهل يجرب بس متوقعاته لا تكون عالية.,neutral
بصراحة تجربة عادية. ما توقعت أكثر من كذا صراحة. الديكور نظيف بشكل عام بس التصميم بسيط. السلطة طعمه عادي، ولا حلو ولا سيء. الخدمة بشكل عام كانت بطيئة شوي بس محترمين. بالنسبة لي تجربة عادية جدا ولا فيها شي يذكر بالسلب ولا الإيجاب.,neutral
التجربة مع مطعم البيتزا كانت بين بين. قيمة الفلوس مقابل الأكل مناسبة للي تشوفه بس مو أكثر. الطعام لا بأس فيه، وسط الوسط. الخدمة كانت بطيئة شوي بس محترمين. مو التجربة اللي بتنسى بس ولا اللي بتندم عليها.,neutral
زرنا المطعم أمس والتجربة كانت عادية. الخدمة تمام، لا سيئة ولا ممتازة. قيمة الفلوس مقابل الأكل معقولة نوعا ما مقارنة بالجودة. التجربة كانت طبيعية بدون أي مفاجآت. توقعت الوجبة الرئيسية أحسن شوي بس برضو مو سيء. الديكور عادي، ما فيه شي مميز. بشكل عام تجربة وسط، ممكن نرجع وممكن لا.,neutral
تجربتنا كانت متوسطة. الخدمة بشكل عام كانت بطيئة شوي بس محترمين. المقبلات كان تمام بس ينقصه شوي نكهة. في النهاية تجربة مقبولة، ولا شي يستاهل يتحمس له أحد.,neutral
زرنا المطعم اللي جربناه أمس والتجربة كانت عادية. الأسعار متوسطة، مو غالية ومو رخيصة. الوجبة كان تمام بس ينقصه شوي نكهة. أعطيه تقييم متوسط، لا أنصح بقوة ولا أثبط أحد.,neutral
جربنا المطعم الشعبي أول مرة. توقعت الطعام أحسن شوي بس برضو مو سيء. الأسعار معقولة نوعا ما مقارنة بالجودة. نفس المستوى اللي شفته في أماكن ثانية مشابهة. يستاهل يجرب بس متوقعاته لا تكون عالية.,neutral
تجربتنا كانت متوسطة. الحلا طعمه عادي، ولا حلو ولا سيء. السعر متوسطة، مو غالية ومو رخيصة. الترتيب الداخلي مقبول، الجلسات عادية. تعامل النادل مقبولة، ينقصها شوي احترافية. المكان فيه صف بس ماشي الحال. مو التجربة اللي بتنسى بس ولا اللي بتندم عليها.,neutral
التجربة مع الكافيه كانت بين بين. ما في شي يشتكى منه بس ولا في شي يمدح. الوجبة الرئيسية مقبول بس مو شي يخلي القلب يرجع. الخدمة مقبولة، ينقصها شوي احترافية. الجو العام تمام، مساحة صغيرة بس مرتبة. ما راح أقول التجربة سيئة بس مو من الأماكن اللي تنصح فيها بقوة.,neutral
بصراحة تجربة عادية. استقبال الموظفين مقبولة، ينقصها شوي احترافية. الديكور تمام، مساحة صغيرة بس مرتبة. الأسعار مقارنة بالكمية معقولة نوعا ما مقارنة بالجودة. العصائر كان دافي مب حار زي ما نبيه. ما راح أقول التجربة سيئة بس مو من الأماكن اللي تنصح فيها بقوة.,neutral
صراحة ما عندي رأي واضح عن مطعم البرجر. الأصناف اللي طلبناها مقبول بس مو شي يخلي القلب يرجع. سرعة التقديم مقبولة، ينقصها شوي احترافية. الأجواء مقبول، الجلسات عادية. يستاهل يجرب بس متوقعاته لا تكون عالية.,neutral
رحنا مطعم البيتزا على أساس المراجعات بس. النظافة نظيف بشكل عام بس التصميم بسيط. السعر تقريبا زي أي مطعم ثاني بنفس المستوى. المقبلات كان تمام بس ينقصه شوي نكهة. الخدمة بشكل عام مقبولة، ينقصها شوي احترافية. بشكل عام تجربة وسط، ممكن نرجع وممكن لا.,neutral
صراحة ما عندي رأي واضح عن مطعم الوجبات السريعة. ما شفت في الطعام شي يميزه عن باقي المطاعم. استقبال الموظفين تمام، لا سيئة ولا ممتازة. الأسعار معقولة نوعا ما مقارنة بالجودة. ممكن يكون خيار مناسب لو كنت قريب بس ما يستاهل مشوار بعيد.,neutral
زرت المطعم اللي جربناه مع العائلة. السعر معقولة نوعا ما مقارنة بالجودة. استقبال الموظفين عادية، الموظفين متعاونين بس التنظيم يحتاج تحسين. البرجر حلو بس الكمية أقل من المتوقع. ممكن يكون خيار مناسب لو كنت قريب بس ما يستاهل مشوار بعيد.,neutral
بصراحة تجربة عادية. المكان تمام، مساحة صغيرة بس مرتبة. استقبال الموظفين كانت بطيئة شوي بس محترمين. البيتزا طعمه عادي، ولا حلو ولا سيء. ما في شي يشتكى منه بس ولا في شي يمدح. أعطيه تقييم متوسط، لا أنصح بقوة ولا أثبط أحد.,neutral
رحنا مطعم الأكل الإيطالي على أساس المراجعات بس. الخدمة بشكل عام مقبولة، ينقصها شوي احترافية. ولا شي خاص يخليني أفضله على غيره. السلطة طعمه عادي، ولا حلو ولا سيء. السعر مناسبة للي تشوفه بس مو أكثر. في النهاية تجربة مقبولة، ولا شي يستاهل يتحمس له أحد.,neutral
ودي أشارك رأيي عن المطعم. سرعة التقديم كانت متوسطة، انتظرنا وقت مو طويل بس مو سريع. الترتيب الداخلي مقبول، الجلسات عادية. الأسعار مقارنة بالكمية معقولة نوعا ما مقارنة بالجودة. الوجبة كان عادي مو أكثر ومو أقل. تقييمي للمكان ثلاثة من خمسة، عادي.,neutral
تجربتنا كانت متوسطة. الأسعار تقريبا زي أي مطعم ثاني بنفس المستوى. المقبلات كان تمام بس ينقصه شوي نكهة. سرعة التقديم تمام، لا سيئة ولا ممتازة. الترتيب الداخلي تمام، مساحة صغيرة بس مرتبة. ممكن يكون خيار مناسب لو كنت قريب بس ما يستاهل مشوار بعيد.,neutral
صراحة ما عندي رأي واضح عن المطعم الشعبي. ولا شي خاص يخليني أفضله على غيره. سرعة التقديم مقبولة، ينقصها شوي احترافية. الأكل لا بأس فيه، وسط الوسط. الأجواء مقبول، الجلسات عادية. السعر متوسطة، مو غالية ومو رخيصة. ما راح أقول التجربة سيئة بس مو من الأماكن اللي تنصح فيها بقوة.,neutral
بصراحة تجربة عادية. الأسعار مقارنة بالكمية متوسطة، مو غالية ومو رخيصة. السلطة كان تمام بس ينقصه شوي نكهة. في النهاية تجربة مقبولة، ولا شي يستاهل يتحمس له أحد.,neutral
جربنا مطعم البرجر أول مرة. يعتبر خيار متوسط بين المطاعم اللي جربتها. الخدمة كانت متوسطة، انتظرنا وقت مو طويل بس مو سريع. البرجر لا بأس فيه، وسط الوسط. بالنسبة لي تجربة عادية جدا ولا فيها شي يذكر بالسلب ولا الإيجاب.,neutral
رحنا المطعم الجديد على أساس المراجعات بس. التجربة كانت طبيعية بدون أي مفاجآت. الحلا طعمه عادي، ولا حلو ولا سيء. ممكن يكون خيار مناسب لو كنت قريب بس ما يستاهل مشوار بعيد.,neutral
بصراحة تجربة عادية. المقبلات حلو بس الكمية أقل من المتوقع. السعر متوسطة، مو غالية ومو رخيصة. الخدمة بشكل عام مقبولة، ينقصها شوي احترافية. يستاهل يجرب بس متوقعاته لا تكون عالية.,neutral
زرت مطعم الوجبات السريعة مع العائلة. الطعام طعمه عادي، ولا حلو ولا سيء. تعامل النادل عادية، الموظفين متعاونين بس التنظيم يحتاج تحسين. السعر متوسطة، مو غالية ومو رخيصة. ولا شي خاص يخليني أفضله على غيره. الجو العام نظيف بشكل عام بس التصميم بسيط. بالنسبة لي تجربة عادية جدا ولا فيها شي يذكر بالسلب ولا الإيجاب.,neutral
زرنا مطعم الأكل الإيطالي أمس والتجربة كانت عادية. الجو العام عادي، ما فيه شي مميز. الأكل كان عادي مو أكثر ومو أقل. تعامل النادل كانت بطيئة شوي بس محترمين. بشكل عام تجربة وسط، ممكن نرجع وممكن لا.,neutral
صراحة ما عندي رأي واضح عن مطعم الوجبات السريعة. المكان عادي، ما فيه شي مميز. الطعام لا بأس فيه، وسط الوسط. سرعة التقديم كانت عادية ما فيها شي يذكر. الأسعار مقارنة بالكمية متوسطة، مو غالية ومو رخيصة. تقييمي للمكان ثلاثة من خمسة، عادي.,neutral
صراحة ما عندي رأي واضح عن المطعم الشعبي. الأجواء مقبول، الجلسات عادية. توقعت الطعام أحسن شوي بس برضو مو سيء. الأسعار مقارنة بالكمية معقولة نوعا ما مقارنة بالجودة. ممكن يكون خيار مناسب لو كنت قريب بس ما يستاهل مشوار بعيد.,neutral
صراحة ما عندي رأي واضح عن الكافيه. يعتبر خيار متوسط بين المطاعم اللي جربتها. المشاوي كان دافي مب حار زي ما نبيه. الخدمة كانت بطيئة شوي بس محترمين. في النهاية تجربة مقبولة، ولا شي يستاهل يتحمس له أحد.,neutral
رحنا المطعم على أساس المراجعات بس. قيمة الفلوس مقابل الأكل معقولة نوعا ما مقارنة بالجودة. الخدمة كانت متوسطة، انتظرنا وقت مو طويل بس مو سريع. الوجبة الرئيسية مثل أي مكان ثاني، ما فيه شي مميز. التجربة كانت طبيعية بدون أي مفاجآت. مو التجربة اللي بتنسى بس ولا اللي بتندم عليها.,neutral
زرنا المطعم الجديد أمس والتجربة كانت عادية. الطعام كان دافي مب حار زي ما نبيه. الأسعار مقارنة بالكمية معقولة نوعا ما مقارنة بالجودة. تعامل النادل كانت متوسطة، انتظرنا وقت مو طويل بس مو سريع. الديكور عادي، ما فيه شي مميز. يستاهل يجرب بس متوقعاته لا تكون عالية.,neutral
زرت مطعم المأكولات البحرية مع العائلة. البيتزا حلو بس الكمية أقل من المتوقع. الخدمة مقبولة، ينقصها شوي احترافية. بشكل عام تجربة وسط، ممكن نرجع وممكن لا.,neutral
زرنا مطعم الفطور أمس والتجربة كانت عادية. الأكل كان عادي مو أكثر ومو أقل. الترتيب الداخلي نظيف بشكل عام بس التصميم بسيط. السعر معقولة نوعا ما مقارنة بالجودة. تعامل النادل كانت متوسطة، انتظرنا وقت مو طويل بس مو سريع. يستاهل يجرب بس متوقعاته لا تكون عالية.,neutral
ودي أشارك رأيي عن مطعم البيتزا. الديكور تمام، مساحة صغيرة بس مرتبة. الأسعار مقارنة بالكمية تقريبا زي أي مطعم ثاني بنفس المستوى. الأرز لا بأس فيه، وسط الوسط. تعامل النادل تمام، لا سيئة ولا ممتازة. أعطيه تقييم متوسط، لا أنصح بقوة ولا أثبط أحد.,neutral
جربنا مطعم الأكل الإيطالي أول مرة. يعتبر خيار متوسط بين المطاعم اللي جربتها. الحلا كان تمام بس ينقصه شوي نكهة. الأسعار مناسبة للي تشوفه بس مو أكثر. تعامل النادل تمام، لا سيئة ولا ممتازة. بشكل عام تجربة وسط، ممكن نرجع وممكن لا.,neutral
التجربة مع مطعم المأكولات البحرية كانت بين بين. السعر تقريبا زي أي مطعم ثاني بنفس المستوى. السلطة مقبول بس مو شي يخلي القلب يرجع. الترتيب الداخلي تمام، مساحة صغيرة بس مرتبة. ما في شي يشتكى منه بس ولا في شي يمدح. استقبال الموظفين تمام، لا سيئة ولا ممتازة. بالنسبة لي تجربة عادية جدا ولا فيها شي يذكر بالسلب ولا الإيجاب.,neutral
زرت الفرع مع العائلة. توقعت البيتزا أحسن شوي بس برضو مو سيء. يعتبر خيار متوسط بين المطاعم اللي جربتها. الأسعار مناسبة للي تشوفه بس مو أكثر. تعامل النادل تمام، لا سيئة ولا ممتازة. الجو العام تمام، مساحة صغيرة بس مرتبة. بالنسبة لي تجربة عادية جدا ولا فيها شي يذكر بالسلب ولا الإيجاب.,neutral
رحنا مطعم المأكولات البحرية على أساس المراجعات بس. سرعة التقديم تمام، لا سيئة ولا ممتازة. الحلا كان عادي مو أكثر ومو أقل. الأسعار تقريبا زي أي مطعم ثاني بنفس المستوى. بشكل عام تجربة وسط، ممكن نرجع وممكن لا.,neutral
صراحة ما عندي رأي واضح عن المطعم الجديد. الخدمة بشكل عام عادية، الموظفين متعاونين بس التنظيم يحتاج تحسين. السعر متوسطة، مو غالية ومو رخيصة. السلطة لا بأس فيه، وسط الوسط. الجو العام تمام، مساحة صغيرة بس مرتبة. يستاهل يجرب بس متوقعاته لا تكون عالية.,neutral
تجربتنا كانت متوسطة. السلطة لا بأس فيه، وسط الوسط. قيمة الفلوس مقابل الأكل تقريبا زي أي مطعم ثاني بنفس المستوى. استقبال الموظفين تمام، لا سيئة ولا ممتازة. في النهاية تجربة مقبولة، ولا شي يستاهل يتحمس له أحد.,neutral
زرنا مطعم الوجبات السريعة أمس والتجربة كانت عادية. سرعة التقديم مقبولة، ينقصها شوي احترافية. النظافة تمام، مساحة صغيرة بس مرتبة. ما توقعت أكثر من كذا صراحة. العصائر لا بأس فيه، وسط الوسط. بشكل عام تجربة وسط، ممكن نرجع وممكن لا.,neutral
تجربتنا كانت متوسطة. تعامل النادل كانت بطيئة شوي بس محترمين. البرجر كان دافي مب حار زي ما نبيه. لو تبي تجرب مرة وحدة ما فيها مانع، بس مو المكان اللي أرشحه بشدة.,neutral
زرنا المكان أمس والتجربة كانت عادية. الخدمة كانت بطيئة شوي بس محترمين. المشاوي طعمه عادي، ولا حلو ولا سيء. قيمة الفلوس مقابل الأكل متوسطة، مو غالية ومو رخيصة. بالنسبة لي تجربة عادية جدا ولا فيها شي يذكر بالسلب ولا الإيجاب.,neutral
بصراحة تجربة عادية. الأسعار تقريبا زي أي مطعم ثاني بنفس المستوى. الأصناف اللي طلبناها كان تمام بس ينقصه شوي نكهة. استقبال الموظفين كانت متوسطة، انتظرنا وقت مو طويل بس مو سريع. بشكل عام تجربة وسط، ممكن نرجع وممكن لا.,neutral
زرت المكان مع العائلة. ما شفت في الأرز شي يميزه عن باقي المطاعم. استقبال الموظفين كانت بطيئة شوي بس محترمين. في النهاية تجربة مقبولة، ولا شي يستاهل يتحمس له أحد.,neutral
بصراحة تجربة عادية. الخدمة عادية، الموظفين متعاونين بس التنظيم يحتاج تحسين. الأسعار مقارنة بالكمية مناسبة للي تشوفه بس مو أكثر. الأصناف اللي طلبناها مقبول بس مو شي يخلي القلب يرجع. الجو العام نظيف بشكل عام بس التصميم بسيط. تقييمي للمكان ثلاثة من خمسة، عادي.,neutral
زرنا الفرع أمس والتجربة كانت عادية. استقبال الموظفين مقبولة، ينقصها شوي احترافية. البيتزا مقبول بس مو شي يخلي القلب يرجع. يستاهل يجرب بس متوقعاته لا تكون عالية.,neutral
التجربة مع مطعم الأكل الإيطالي كانت بين بين. سرعة التقديم عادية، الموظفين متعاونين بس التنظيم يحتاج تحسين. الطعام مثل أي مكان ثاني، ما فيه شي مميز. النظافة تمام، مساحة صغيرة بس مرتبة. بالنسبة لي تجربة عادية جدا ولا فيها شي يذكر بالسلب ولا الإيجاب.,neutral
كنت مع أصحابي في مطعم الأكل الإيطالي. الخدمة كانت متوسطة، انتظرنا وقت مو طويل بس مو سريع. البيتزا كان دافي مب حار زي ما نبيه. الأجواء تمام، مساحة صغيرة بس مرتبة. مو التجربة اللي بتنسى بس ولا اللي بتندم عليها.,neutral
زرنا مطعم البيتزا أمس والتجربة كانت عادية. الخدمة كانت بطيئة شوي بس محترمين. البيتزا طعمه عادي، ولا حلو ولا سيء. الانتظار كان طبيعي مو طويل ومو قصير. بشكل عام تجربة وسط، ممكن نرجع وممكن لا.,neutral
تجربتنا كانت متوسطة. الخدمة بشكل عام عادية، الموظفين متعاونين بس التنظيم يحتاج تحسين. النظافة عادي، ما فيه شي مميز. الطعام كان دافي مب حار زي ما نبيه. ممكن يكون خيار مناسب لو كنت قريب بس ما يستاهل مشوار بعيد.,neutral
تجربتنا كانت متوسطة. العصائر مثل أي مكان ثاني، ما فيه شي مميز. السعر مناسبة للي تشوفه بس مو أكثر. يستاهل يجرب بس متوقعاته لا تكون عالية.,neutral
تجربتنا كانت متوسطة. ما شفت في العصائر شي يميزه عن باقي المطاعم. تعامل النادل كانت متوسطة، انتظرنا وقت مو طويل بس مو سريع. قيمة الفلوس مقابل الأكل معقولة نوعا ما مقارنة بالجودة. التجربة كانت طبيعية بدون أي مفاجآت. الديكور عادي، ما فيه شي مميز. مو التجربة اللي بتنسى بس ولا اللي بتندم عليها.,neutral
تجربتنا كانت متوسطة. السعر معقولة نوعا ما مقارنة بالجودة. الحلا طعمه عادي، ولا حلو ولا سيء. الانتظار كان طبيعي مو طويل ومو قصير. سرعة التقديم تمام، لا سيئة ولا ممتازة. تقييمي للمكان ثلاثة من خمسة، عادي.,neutral
زرت مطعم المشويات مع العائلة. المقبلات كان دافي مب حار زي ما نبيه. قيمة الفلوس مقابل الأكل متوسطة، مو غالية ومو رخيصة. الخدمة بشكل عام مقبولة، ينقصها شوي احترافية. ممكن يكون خيار مناسب لو كنت قريب بس ما يستاهل مشوار بعيد.,neutral
زرت المطعم مع العائلة. ما شفت في الأرز شي يميزه عن باقي المطاعم. الخدمة بشكل عام مقبولة، ينقصها شوي احترافية. قيمة الفلوس مقابل الأكل معقولة نوعا ما مقارنة بالجودة. الديكور تمام، مساحة صغيرة بس مرتبة. بشكل عام تجربة وسط، ممكن نرجع وممكن لا.,neutral
بصراحة تجربة عادية. الديكور تمام، مساحة صغيرة بس مرتبة. السعر معقولة نوعا ما مقارنة بالجودة. استقبال الموظفين عادية، الموظفين متعاونين بس التنظيم يحتاج تحسين. البيتزا حلو بس الكمية أقل من المتوقع. ممكن يكون خيار مناسب لو كنت قريب بس ما يستاهل مشوار بعيد.,neutral
جربنا مطعم المأكولات البحرية أول مرة. البيتزا كان دافي مب حار زي ما نبيه. الخدمة تمام، لا سيئة ولا ممتازة. قيمة الفلوس مقابل الأكل تقريبا زي أي مطعم ثاني بنفس المستوى. لو تبي تجرب مرة وحدة ما فيها مانع، بس مو المكان اللي أرشحه بشدة.,neutral
كنت مع أصحابي في المطعم الجديد. استقبال الموظفين تمام، لا سيئة ولا ممتازة. الترتيب الداخلي عادي، ما فيه شي مميز. الوجبة الرئيسية كان دافي مب حار زي ما نبيه. تقييمي للمكان ثلاثة من خمسة، عادي.,neutral
التجربة مع الفرع كانت بين بين. الأسعار معقولة نوعا ما مقارنة بالجودة. ما توقعت أكثر من كذا صراحة. النظافة مقبول، الجلسات عادية. الحلا كان تمام بس ينقصه شوي نكهة. استقبال الموظفين عادية، الموظفين متعاونين بس التنظيم يحتاج تحسين. بالنسبة لي تجربة عادية جدا ولا فيها شي يذكر بالسلب ولا الإيجاب.,neutral
جربنا المكان أول مرة. الحلا كان دافي مب حار زي ما نبيه. تعامل النادل كانت بطيئة شوي بس محترمين. لو تبي تجرب مرة وحدة ما فيها مانع، بس مو المكان اللي أرشحه بشدة.,neutral
بصراحة تجربة عادية. الخدمة بشكل عام كانت عادية ما فيها شي يذكر. الوجبة الرئيسية كان دافي مب حار زي ما نبيه. أعطيه تقييم متوسط، لا أنصح بقوة ولا أثبط أحد.,neutral
تجربتنا كانت متوسطة. توقعت السلطة أحسن شوي بس برضو مو سيء. قيمة الفلوس مقابل الأكل تقريبا زي أي مطعم ثاني بنفس المستوى. ما راح أقول التجربة سيئة بس مو من الأماكن اللي تنصح فيها بقوة.,neutral
تجربتنا كانت متوسطة. ما توقعت أكثر من كذا صراحة. الديكور تمام، مساحة صغيرة بس مرتبة. سرعة التقديم مقبولة، ينقصها شوي احترافية. توقعت المقبلات أحسن شوي بس برضو مو سيء. بالنسبة لي تجربة عادية جدا ولا فيها شي يذكر بالسلب ولا الإيجاب.,neutral
صراحة ما عندي رأي واضح عن مطعم البرجر. توقعت المقبلات أحسن شوي بس برضو مو سيء. تعامل النادل مقبولة، ينقصها شوي احترافية. قيمة الفلوس مقابل الأكل مناسبة للي تشوفه بس مو أكثر. بشكل عام تجربة وسط، ممكن نرجع وممكن لا.,neutral
كنت مع أصحابي في مطعم البيتزا. الخدمة تمام، لا سيئة ولا ممتازة. الوجبة لا بأس فيه، وسط الوسط. الأسعار مناسبة للي تشوفه بس مو أكثر. في النهاية تجربة مقبولة، ولا شي يستاهل يتحمس له أحد.,neutral
صراحة ما عندي رأي واضح عن المطعم. النظافة مقبول، الجلسات عادية. المقبلات حلو بس الكمية أقل من المتوقع. ولا شي خاص يخليني أفضله على غيره. بالنسبة لي تجربة عادية جدا ولا فيها شي يذكر بالسلب ولا الإيجاب.,neutral
كنت مع أصحابي في مطعم البيتزا. تعامل النادل كانت بطيئة شوي بس محترمين. الترتيب الداخلي نظيف بشكل عام بس التصميم بسيط. المقبلات مثل أي مكان ثاني، ما فيه شي مميز. السعر تقريبا زي أي مطعم ثاني بنفس المستوى. أعطيه تقييم متوسط، لا أنصح بقوة ولا أثبط أحد.,neutral
زرنا الكافيه أمس والتجربة كانت عادية. الخدمة بشكل عام عادية، الموظفين متعاونين بس التنظيم يحتاج تحسين. ما في شي يشتكى منه بس ولا في شي يمدح. الأسعار مقارنة بالكمية متوسطة، مو غالية ومو رخيصة. البرجر كان عادي مو أكثر ومو أقل. يستاهل يجرب بس متوقعاته لا تكون عالية.,neutral
بصراحة تجربة عادية. الخدمة بشكل عام عادية، الموظفين متعاونين بس التنظيم يحتاج تحسين. المقبلات مقبول بس مو شي يخلي القلب يرجع. المكان نظيف بشكل عام بس التصميم بسيط. يستاهل يجرب بس متوقعاته لا تكون عالية.,neutral
صراحة ما عندي رأي واضح عن المطعم الجديد. البرجر حلو بس الكمية أقل من المتوقع. المكان فيه صف بس ماشي الحال. قيمة الفلوس مقابل الأكل متوسطة، مو غالية ومو رخيصة. الخدمة بشكل عام كانت عادية ما فيها شي يذكر. بالنسبة لي تجربة عادية جدا ولا فيها شي يذكر بالسلب ولا الإيجاب.,neutral
التجربة مع المكان كانت بين بين. توقعت الطعام أحسن شوي بس برضو مو سيء. الخدمة كانت بطيئة شوي بس محترمين. الديكور تمام، مساحة صغيرة بس مرتبة. بالنسبة لي تجربة عادية جدا ولا فيها شي يذكر بالسلب ولا الإيجاب.,neutral
زرنا مطعم البيتزا أمس والتجربة كانت عادية. استقبال الموظفين كانت متوسطة، انتظرنا وقت مو طويل بس مو سريع. السعر معقولة نوعا ما مقارنة بالجودة. الوجبة الرئيسية حلو بس الكمية أقل من المتوقع. أعطيه تقييم متوسط، لا أنصح بقوة ولا أثبط أحد.,neutral
تجربتنا كانت متوسطة. السعر معقولة نوعا ما مقارنة بالجودة. المكان مقبول، الجلسات عادية. التجربة كانت طبيعية بدون أي مفاجآت. الخدمة بشكل عام كانت عادية ما فيها شي يذكر. الطعام لا بأس فيه، وسط الوسط. بشكل عام تجربة وسط، ممكن نرجع وممكن لا.,neutral
التجربة مع المطعم الجديد كانت بين بين. البرجر كان عادي مو أكثر ومو أقل. الترتيب الداخلي مقبول، الجلسات عادية. تعامل النادل كانت بطيئة شوي بس محترمين. قيمة الفلوس مقابل الأكل معقولة نوعا ما مقارنة بالجودة. في النهاية تجربة مقبولة، ولا شي يستاهل يتحمس له أحد.,neutral
التجربة مع الفرع كانت بين بين. العصائر طعمه عادي، ولا حلو ولا سيء. السعر مناسبة للي تشوفه بس مو أكثر. النظافة تمام، مساحة صغيرة بس مرتبة. الانتظار كان طبيعي مو طويل ومو قصير. ما راح أقول التجربة سيئة بس مو من الأماكن اللي تنصح فيها بقوة.,neutral
تجربتنا كانت متوسطة. الأسعار مقارنة بالكمية معقولة نوعا ما مقارنة بالجودة. الوجبة حلو بس الكمية أقل من المتوقع. الخدمة عادية، الموظفين متعاونين بس التنظيم يحتاج تحسين. ما راح أقول التجربة سيئة بس مو من الأماكن اللي تنصح فيها بقوة.,neutral
جربنا مطعم الأكل الإيطالي أول مرة. الجو العام عادي، ما فيه شي مميز. الأسعار تقريبا زي أي مطعم ثاني بنفس المستوى. تعامل النادل عادية، الموظفين متعاونين بس التنظيم يحتاج تحسين. توقعت السلطة أحسن شوي بس برضو مو سيء. لو تبي تجرب مرة وحدة ما فيها مانع، بس مو المكان اللي أرشحه بشدة.,neutral
زرت مطعم المشويات مع العائلة. الأكل مقبول بس مو شي يخلي القلب يرجع. الأسعار مقارنة بالكمية تقريبا زي أي مطعم ثاني بنفس المستوى. النظافة مقبول، الجلسات عادية. الخدمة بشكل عام كانت عادية ما فيها شي يذكر. لو تبي تجرب مرة وحدة ما فيها مانع، بس مو المكان اللي أرشحه بشدة.,neutral
بصراحة تجربة عادية. الحلا كان تمام بس ينقصه شوي نكهة. قيمة الفلوس مقابل الأكل تقريبا زي أي مطعم ثاني بنفس المستوى. المكان عادي، ما فيه شي مميز. سرعة التقديم كانت بطيئة شوي بس محترمين. نفس المستوى اللي شفته في أماكن ثانية مشابهة. ما راح أقول التجربة سيئة بس مو من الأماكن اللي تنصح فيها بقوة.,neutral
صراحة ما عندي رأي واضح عن المطعم الجديد. سرعة التقديم مقبولة، ينقصها شوي احترافية. المكان فيه صف بس ماشي الحال. الأكل مقبول بس مو شي يخلي القلب يرجع. مو التجربة اللي بتنسى بس ولا اللي بتندم عليها.,neutral
رحنا المطعم الشعبي على أساس المراجعات بس. توقعت البيتزا أحسن شوي بس برضو مو سيء. الأسعار متوسطة، مو غالية ومو رخيصة. استقبال الموظفين تمام، لا سيئة ولا ممتازة. بشكل عام تجربة وسط، ممكن نرجع وممكن لا.,neutral
زرنا المطعم أمس والتجربة كانت عادية. الأرز كان عادي مو أكثر ومو أقل. يعتبر خيار متوسط بين المطاعم اللي جربتها. الأسعار مقارنة بالكمية تقريبا زي أي مطعم ثاني بنفس المستوى. الخدمة بشكل عام مقبولة، ينقصها شوي احترافية. بشكل عام تجربة وسط، ممكن نرجع وممكن لا.,neutral
تجربتنا كانت متوسطة. الخدمة بشكل عام تمام، لا سيئة ولا ممتازة. الوجبة الرئيسية مثل أي مكان ثاني، ما فيه شي مميز. في النهاية تجربة مقبولة، ولا شي يستاهل يتحمس له أحد.,neutral
زرت الكافيه مع العائلة. الترتيب الداخلي تمام، مساحة صغيرة بس مرتبة. العصائر كان دافي مب حار زي ما نبيه. سرعة التقديم كانت متوسطة، انتظرنا وقت مو طويل بس مو سريع. لو تبي تجرب مرة وحدة ما فيها مانع، بس مو المكان اللي أرشحه بشدة.,neutral
بصراحة تجربة عادية. الخدمة بشكل عام كانت متوسطة، انتظرنا وقت مو طويل بس مو سريع. الأكل طعمه عادي، ولا حلو ولا سيء. أعطيه تقييم متوسط، لا أنصح بقوة ولا أثبط أحد.,neutral
صراحة ما عندي رأي واضح عن المطعم. استقبال الموظفين تمام، لا سيئة ولا ممتازة. ما شفت في المقبلات شي يميزه عن باقي المطاعم. ممكن يكون خيار مناسب لو كنت قريب بس ما يستاهل مشوار بعيد.,neutral
بصراحة تجربة عادية. استقبال الموظفين كانت متوسطة، انتظرنا وقت مو طويل بس مو سريع. الأصناف اللي طلبناها كان تمام بس ينقصه شوي نكهة. الأسعار معقولة نوعا ما مقارنة بالجودة. تقييمي للمكان ثلاثة من خمسة، عادي.,neutral
ودي أشارك رأيي عن مطعم البيتزا. الخدمة كانت متوسطة، انتظرنا وقت مو طويل بس مو سريع. توقعت المشاوي أحسن شوي بس برضو مو سيء. الأسعار مقارنة بالكمية تقريبا زي أي مطعم ثاني بنفس المستوى. في النهاية تجربة مقبولة، ولا شي يستاهل يتحمس له أحد.,neutral
ودي أشارك رأيي عن مطعم الأكل الإيطالي. قيمة الفلوس مقابل الأكل متوسطة، مو غالية ومو رخيصة. المقبلات طعمه عادي، ولا حلو ولا سيء. الخدمة بشكل عام تمام، لا سيئة ولا ممتازة. بشكل عام تجربة وسط، ممكن نرجع وممكن لا.,neutral
رحنا مطعم المأكولات البحرية على أساس المراجعات بس. المقبلات كان دافي مب حار زي ما نبيه. يعتبر خيار متوسط بين المطاعم اللي جربتها. الخدمة بشكل عام مقبولة، ينقصها شوي احترافية. مو التجربة اللي بتنسى بس ولا اللي بتندم عليها.,neutral
كنت مع أصحابي في المكان. السعر تقريبا زي أي مطعم ثاني بنفس المستوى. المقبلات حلو بس الكمية أقل من المتوقع. الخدمة بشكل عام كانت متوسطة، انتظرنا وقت مو طويل بس مو سريع. بالنسبة لي تجربة عادية جدا ولا فيها شي يذكر بالسلب ولا الإيجاب.,neutral
جربنا المطعم اللي جربناه أول مرة. المكان فيه صف بس ماشي الحال. الترتيب الداخلي مقبول، الجلسات عادية. المشاوي مثل أي مكان ثاني، ما فيه شي مميز. بالنسبة لي تجربة عادية جدا ولا فيها شي يذكر بالسلب ولا الإيجاب.,neutral
جربنا مطعم الفطور أول مرة. الخدمة بشكل عام كانت بطيئة شوي بس محترمين. الأكل مقبول بس مو شي يخلي القلب يرجع. ما راح أقول التجربة سيئة بس مو من الأماكن اللي تنصح فيها بقوة.,neutral
التجربة مع مطعم الفطور كانت بين بين. المكان عادي، ما فيه شي مميز. الخدمة بشكل عام كانت عادية ما فيها شي يذكر. ما شفت في الحلا شي يميزه عن باقي المطاعم. بشكل عام تجربة وسط، ممكن نرجع وممكن لا.,neutral
بصراحة تجربة عادية. الأسعار مناسبة للي تشوفه بس مو أكثر. الحلا حلو بس الكمية أقل من المتوقع. استقبال الموظفين مقبولة، ينقصها شوي احترافية. المكان عادي، ما فيه شي مميز. يستاهل يجرب بس متوقعاته لا تكون عالية.,neutral
كنت مع أصحابي في مطعم الأكل الإيطالي. الخدمة كانت عادية ما فيها شي يذكر. ما شفت في المقبلات شي يميزه عن باقي المطاعم. السعر معقولة نوعا ما مقارنة بالجودة. أعطيه تقييم متوسط، لا أنصح بقوة ولا أثبط أحد.,neutral
ودي أشارك رأيي عن المطعم الجديد. المشاوي كان دافي مب حار زي ما نبيه. استقبال الموظفين تمام، لا سيئة ولا ممتازة. الترتيب الداخلي مقبول، الجلسات عادية. مو التجربة اللي بتنسى بس ولا اللي بتندم عليها.,neutral
زرت المطعم الشعبي مع العائلة. تعامل النادل كانت بطيئة شوي بس محترمين. ما شفت في السلطة شي يميزه عن باقي المطاعم. بشكل عام تجربة وسط، ممكن نرجع وممكن لا.,neutral
كنت مع أصحابي في المطعم اللي جربناه. توقعت السلطة أحسن شوي بس برضو مو سيء. النظافة عادي، ما فيه شي مميز. التجربة كانت طبيعية بدون أي مفاجآت. في النهاية تجربة مقبولة، ولا شي يستاهل يتحمس له أحد.,neutral
زرت مطعم المأكولات البحرية مع العائلة. الأسعار مقارنة بالكمية معقولة نوعا ما مقارنة بالجودة. المشاوي مثل أي مكان ثاني، ما فيه شي مميز. الأجواء عادي، ما فيه شي مميز. الخدمة بشكل عام كانت عادية ما فيها شي يذكر. تقييمي للمكان ثلاثة من خمسة، عادي.,neutral
صراحة ما عندي رأي واضح عن مطعم البيتزا. التجربة كانت طبيعية بدون أي مفاجآت. الديكور عادي، ما فيه شي مميز. الوجبة الرئيسية طعمه عادي، ولا حلو ولا سيء. السعر معقولة نوعا ما مقارنة بالجودة. سرعة التقديم كانت عادية ما فيها شي يذكر. تقييمي للمكان ثلاثة من خمسة، عادي.,neutral
زرنا المطعم اللي جربناه أمس والتجربة كانت عادية. تعامل النادل تمام، لا سيئة ولا ممتازة. الجو العام مقبول، الجلسات عادية. قيمة الفلوس مقابل الأكل معقولة نوعا ما مقارنة بالجودة. البرجر لا بأس فيه، وسط الوسط. بالنسبة لي تجربة عادية جدا ولا فيها شي يذكر بالسلب ولا الإيجاب.,neutral
زرت مطعم الأكل الإيطالي مع العائلة. العصائر كان دافي مب حار زي ما نبيه. الخدمة كانت بطيئة شوي بس محترمين. ما راح أقول التجربة سيئة بس مو من الأماكن اللي تنصح فيها بقوة.,neutral
رحنا المكان على أساس المراجعات بس. تعامل النادل كانت بطيئة شوي بس محترمين. الوجبة مثل أي مكان ثاني، ما فيه شي مميز. قيمة الفلوس مقابل الأكل متوسطة، مو غالية ومو رخيصة. أعطيه تقييم متوسط، لا أنصح بقوة ولا أثبط أحد.,neutral
بصراحة تجربة عادية. العصائر كان تمام بس ينقصه شوي نكهة. تقييمي للمكان ثلاثة من خمسة، عادي.,neutral
رحنا مطعم المأكولات البحرية على أساس المراجعات بس. الطعام مثل أي مكان ثاني، ما فيه شي مميز. استقبال الموظفين كانت متوسطة، انتظرنا وقت مو طويل بس مو سريع. الديكور تمام، مساحة صغيرة بس مرتبة. يعتبر خيار متوسط بين المطاعم اللي جربتها. ممكن يكون خيار مناسب لو كنت قريب بس ما يستاهل مشوار بعيد.,neutral
جربنا المطعم الجديد أول مرة. الديكور تمام، مساحة صغيرة بس مرتبة. توقعت الحلا أحسن شوي بس برضو مو سيء. استقبال الموظفين تمام، لا سيئة ولا ممتازة. الأسعار تقريبا زي أي مطعم ثاني بنفس المستوى. لو تبي تجرب مرة وحدة ما فيها مانع، بس مو المكان اللي أرشحه بشدة.,neutral
كنت مع أصحابي في مطعم الفطور. توقعت الطعام أحسن شوي بس برضو مو سيء. الأجواء تمام، مساحة صغيرة بس مرتبة. سرعة التقديم مقبولة، ينقصها شوي احترافية. السعر تقريبا زي أي مطعم ثاني بنفس المستوى. مو التجربة اللي بتنسى بس ولا اللي بتندم عليها.,neutral
زرت مطعم المشويات مع العائلة. تعامل النادل كانت عادية ما فيها شي يذكر. السعر معقولة نوعا ما مقارنة بالجودة. الأكل مقبول بس مو شي يخلي القلب يرجع. ما راح أقول التجربة سيئة بس مو من الأماكن اللي تنصح فيها بقوة.,neutral
جربنا مطعم البرجر أول مرة. الأكل لا بأس فيه، وسط الوسط. الخدمة بشكل عام كانت متوسطة، انتظرنا وقت مو طويل بس مو سريع. ما توقعت أكثر من كذا صراحة. بشكل عام تجربة وسط، ممكن نرجع وممكن لا.,neutral
صراحة ما عندي رأي واضح عن مطعم الفطور. الأسعار مقارنة بالكمية متوسطة، مو غالية ومو رخيصة. سرعة التقديم كانت عادية ما فيها شي يذكر. ما شفت في البرجر شي يميزه عن باقي المطاعم. نفس المستوى اللي شفته في أماكن ثانية مشابهة. ممكن يكون خيار مناسب لو كنت قريب بس ما يستاهل مشوار بعيد.,neutral
صراحة ما عندي رأي واضح عن مطعم البرجر. الديكور نظيف بشكل عام بس التصميم بسيط. الخدمة مقبولة، ينقصها شوي احترافية. العصائر مثل أي مكان ثاني، ما فيه شي مميز. بشكل عام تجربة وسط، ممكن نرجع وممكن لا.,neutral
صراحة ما عندي رأي واضح عن مطعم البيتزا. سرعة التقديم مقبولة، ينقصها شوي احترافية. العصائر مثل أي مكان ثاني، ما فيه شي مميز. الانتظار كان طبيعي مو طويل ومو قصير. لو تبي تجرب مرة وحدة ما فيها مانع، بس مو المكان اللي أرشحه بشدة.,neutral
جربنا الفرع أول مرة. الخدمة بشكل عام مقبولة، ينقصها شوي احترافية. النظافة تمام، مساحة صغيرة بس مرتبة. المشاوي مثل أي مكان ثاني، ما فيه شي مميز. السعر معقولة نوعا ما مقارنة بالجودة. ما راح أقول التجربة سيئة بس مو من الأماكن اللي تنصح فيها بقوة.,neutral
ودي أشارك رأيي عن مطعم الأكل الإيطالي. الأسعار مناسبة للي تشوفه بس مو أكثر. المكان فيه صف بس ماشي الحال. تعامل النادل تمام، لا سيئة ولا ممتازة. السلطة كان دافي مب حار زي ما نبيه. الترتيب الداخلي نظيف بشكل عام بس التصميم بسيط. لو تبي تجرب مرة وحدة ما فيها مانع، بس مو المكان اللي أرشحه بشدة.,neutral
زرنا مطعم البرجر أمس والتجربة كانت عادية. التجربة كانت طبيعية بدون أي مفاجآت. البيتزا حلو بس الكمية أقل من المتوقع. المكان نظيف بشكل عام بس التصميم بسيط. قيمة الفلوس مقابل الأكل متوسطة، مو غالية ومو رخيصة. استقبال الموظفين كانت متوسطة، انتظرنا وقت مو طويل بس مو سريع. أعطيه تقييم متوسط، لا أنصح بقوة ولا أثبط أحد.,neutral
بصراحة تجربة عادية. المقبلات طعمه عادي، ولا حلو ولا سيء. الديكور مقبول، الجلسات عادية. استقبال الموظفين مقبولة، ينقصها شوي احترافية. ممكن يكون خيار مناسب لو كنت قريب بس ما يستاهل مشوار بعيد.,neutral
التجربة مع المطعم الشعبي كانت بين بين. الترتيب الداخلي نظيف بشكل عام بس التصميم بسيط. الخدمة كانت متوسطة، انتظرنا وقت مو طويل بس مو سريع. الأكل لا بأس فيه، وسط الوسط. ممكن يكون خيار مناسب لو كنت قريب بس ما يستاهل مشوار بعيد.,neutral
بصراحة تجربة عادية. توقعت المقبلات أحسن شوي بس برضو مو سيء. نفس المستوى اللي شفته في أماكن ثانية مشابهة. الأسعار تقريبا زي أي مطعم ثاني بنفس المستوى. أعطيه تقييم متوسط، لا أنصح بقوة ولا أثبط أحد.,neutral
كنت مع أصحابي في المكان. المشاوي مثل أي مكان ثاني، ما فيه شي مميز. الأسعار معقولة نوعا ما مقارنة بالجودة. الخدمة كانت بطيئة شوي بس محترمين. الأجواء عادي، ما فيه شي مميز. بالنسبة لي تجربة عادية جدا ولا فيها شي يذكر بالسلب ولا الإيجاب.,neutral
زرت مطعم الوجبات السريعة مع العائلة. الأصناف اللي طلبناها مقبول بس مو شي يخلي القلب يرجع. الأسعار مناسبة للي تشوفه بس مو أكثر. نفس المستوى اللي شفته في أماكن ثانية مشابهة. استقبال الموظفين تمام، لا سيئة ولا ممتازة. المكان عادي، ما فيه شي مميز. لو تبي تجرب مرة وحدة ما فيها مانع، بس مو المكان اللي أرشحه بشدة.,neutral
زرت الفرع مع العائلة. يعتبر خيار متوسط بين المطاعم اللي جربتها. الأسعار معقولة نوعا ما مقارنة بالجودة. الأكل مقبول بس مو شي يخلي القلب يرجع. الخدمة بشكل عام مقبولة، ينقصها شوي احترافية. أعطيه تقييم متوسط، لا أنصح بقوة ولا أثبط أحد.,neutral
زرت المطعم اللي جربناه مع العائلة. الأسعار مناسبة للي تشوفه بس مو أكثر. الأرز كان دافي مب حار زي ما نبيه. الخدمة كانت عادية ما فيها شي يذكر. تقييمي للمكان ثلاثة من خمسة، عادي.,neutral
كنت مع أصحابي في المكان. استقبال الموظفين كانت عادية ما فيها شي يذكر. الأسعار معقولة نوعا ما مقارنة بالجودة. توقعت الأكل أحسن شوي بس برضو مو سيء. بشكل عام تجربة وسط، ممكن نرجع وممكن لا.,neutral
رحنا مطعم المشويات على أساس المراجعات بس. الجو العام نظيف بشكل عام بس التصميم بسيط. الأسعار مقارنة بالكمية مناسبة للي تشوفه بس مو أكثر. يعتبر خيار متوسط بين المطاعم اللي جربتها. توقعت السلطة أحسن شوي بس برضو مو سيء. الخدمة عادية، الموظفين متعاونين بس التنظيم يحتاج تحسين. بشكل عام تجربة وسط، ممكن نرجع وممكن لا.,neutral
زرت مطعم المشويات مع العائلة. استقبال الموظفين كانت عادية ما فيها شي يذكر. المكان تمام، مساحة صغيرة بس مرتبة. ما شفت في الأصناف اللي طلبناها شي يميزه عن باقي المطاعم. مو التجربة اللي بتنسى بس ولا اللي بتندم عليها.,neutral
زرنا المكان أمس والتجربة كانت عادية. السعر مناسبة للي تشوفه بس مو أكثر. الحلا لا بأس فيه، وسط الوسط. سرعة التقديم كانت متوسطة، انتظرنا وقت مو طويل بس مو سريع. الترتيب الداخلي عادي، ما فيه شي مميز. أعطيه تقييم متوسط، لا أنصح بقوة ولا أثبط أحد.,neutral
ودي أشارك رأيي عن المطعم الشعبي. قيمة الفلوس مقابل الأكل متوسطة، مو غالية ومو رخيصة. الوجبة الرئيسية مقبول بس مو شي يخلي القلب يرجع. الخدمة كانت متوسطة، انتظرنا وقت مو طويل بس مو سريع. يعتبر خيار متوسط بين المطاعم اللي جربتها. لو تبي تجرب مرة وحدة ما فيها مانع، بس مو المكان اللي أرشحه بشدة.,neutral
ودي أشارك رأيي عن مطعم المشويات. الأصناف اللي طلبناها كان دافي مب حار زي ما نبيه. الخدمة كانت بطيئة شوي بس محترمين. قيمة الفلوس مقابل الأكل تقريبا زي أي مطعم ثاني بنفس المستوى. مو التجربة اللي بتنسى بس ولا اللي بتندم عليها.,neutral
جربنا مطعم الفطور أول مرة. تعامل النادل كانت متوسطة، انتظرنا وقت مو طويل بس مو سريع. توقعت الأكل أحسن شوي بس برضو مو سيء. في النهاية تجربة مقبولة، ولا شي يستاهل يتحمس له أحد.,neutral
التجربة مع مطعم الوجبات السريعة كانت بين بين. الديكور نظيف بشكل عام بس التصميم بسيط. الأسعار مقارنة بالكمية متوسطة، مو غالية ومو رخيصة. البيتزا كان عادي مو أكثر ومو أقل. الخدمة بشكل عام مقبولة، ينقصها شوي احترافية. في النهاية تجربة مقبولة، ولا شي يستاهل يتحمس له أحد.,neutral
تجربتنا كانت متوسطة. العصائر مثل أي مكان ثاني، ما فيه شي مميز. الأجواء نظيف بشكل عام بس التصميم بسيط. تعامل النادل كانت بطيئة شوي بس محترمين. قيمة الفلوس مقابل الأكل متوسطة، مو غالية ومو رخيصة. تقييمي للمكان ثلاثة من خمسة، عادي.,neutral
صراحة ما عندي رأي واضح عن المطعم الجديد. الأسعار مناسبة للي تشوفه بس مو أكثر. العصائر مثل أي مكان ثاني، ما فيه شي مميز. استقبال الموظفين مقبولة، ينقصها شوي احترافية. بالنسبة لي تجربة عادية جدا ولا فيها شي يذكر بالسلب ولا الإيجاب.,neutral
زرنا مطعم المشويات أمس والتجربة كانت عادية. قيمة الفلوس مقابل الأكل مناسبة للي تشوفه بس مو أكثر. الطعام كان تمام بس ينقصه شوي نكهة. سرعة التقديم كانت بطيئة شوي بس محترمين. ممكن يكون خيار مناسب لو كنت قريب بس ما يستاهل مشوار بعيد.,neutral
رحنا المطعم اللي جربناه على أساس المراجعات بس. التجربة كانت طبيعية بدون أي مفاجآت. الوجبة لا بأس فيه، وسط الوسط. تعامل النادل مقبولة، ينقصها شوي احترافية. بالنسبة لي تجربة عادية جدا ولا فيها شي يذكر بالسلب ولا الإيجاب.,neutral
صراحة ما عندي رأي واضح عن المطعم. قيمة الفلوس مقابل الأكل مناسبة للي تشوفه بس مو أكثر. الطعام كان تمام بس ينقصه شوي نكهة. استقبال الموظفين كانت متوسطة، انتظرنا وقت مو طويل بس مو سريع. الانتظار كان طبيعي مو طويل ومو قصير. تقييمي للمكان ثلاثة من خمسة، عادي.,neutral
زرنا مطعم البيتزا أمس والتجربة كانت عادية. سرعة التقديم كانت متوسطة، انتظرنا وقت مو طويل بس مو سريع. الأسعار متوسطة، مو غالية ومو رخيصة. الأكل كان تمام بس ينقصه شوي نكهة. ما راح أقول التجربة سيئة بس مو من الأماكن اللي تنصح فيها بقوة.,neutral
ودي أشارك رأيي عن مطعم الفطور. الطعام مقبول بس مو شي يخلي القلب يرجع. استقبال الموظفين تمام، لا سيئة ولا ممتازة. الترتيب الداخلي تمام، مساحة صغيرة بس مرتبة. ولا شي خاص يخليني أفضله على غيره. بالنسبة لي تجربة عادية جدا ولا فيها شي يذكر بالسلب ولا الإيجاب.,neutral
ودي أشارك رأيي عن مطعم الفطور. الخدمة كانت بطيئة شوي بس محترمين. ولا شي خاص يخليني أفضله على غيره. الوجبة الرئيسية لا بأس فيه، وسط الوسط. ممكن يكون خيار مناسب لو كنت قريب بس ما يستاهل مشوار بعيد.,neutral
صراحة ما عندي رأي واضح عن المطعم. السعر متوسطة، مو غالية ومو رخيصة. ما توقعت أكثر من كذا صراحة. الخدمة تمام، لا سيئة ولا ممتازة. الطعام كان تمام بس ينقصه شوي نكهة. لو تبي تجرب مرة وحدة ما فيها مانع، بس مو المكان اللي أرشحه بشدة.,neutral
صراحة ما عندي رأي واضح عن المطعم اللي جربناه. تعامل النادل عادية، الموظفين متعاونين بس التنظيم يحتاج تحسين. الجو العام عادي، ما فيه شي مميز. ولا شي خاص يخليني أفضله على غيره. قيمة الفلوس مقابل الأكل متوسطة، مو غالية ومو رخيصة. الأكل كان دافي مب حار زي ما نبيه. ممكن يكون خيار مناسب لو كنت قريب بس ما يستاهل مشوار بعيد.,neutral
زرت مطعم البيتزا مع العائلة. المقبلات كان عادي مو أكثر ومو أقل. الأسعار معقولة نوعا ما مقارنة بالجودة. الخدمة كانت عادية ما فيها شي يذكر. المكان مقبول، الجلسات عادية. يستاهل يجرب بس متوقعاته لا تكون عالية.,neutral
كنت مع أصحابي في مطعم البرجر. سرعة التقديم كانت عادية ما فيها شي يذكر. المقبلات مثل أي مكان ثاني، ما فيه شي مميز. ممكن يكون خيار مناسب لو كنت قريب بس ما يستاهل مشوار بعيد.,neutral
ودي أشارك رأيي عن مطعم الوجبات السريعة. قيمة الفلوس مقابل الأكل متوسطة، مو غالية ومو رخيصة. الوجبة الرئيسية مقبول بس مو شي يخلي القلب يرجع. المكان تمام، مساحة صغيرة بس مرتبة. بشكل عام تجربة وسط، ممكن نرجع وممكن لا.,neutral
كنت مع أصحابي في مطعم الأكل الإيطالي. المكان تمام، مساحة صغيرة بس مرتبة. الخدمة مقبولة، ينقصها شوي احترافية. الأسعار مقارنة بالكمية معقولة نوعا ما مقارنة بالجودة. المشاوي كان دافي مب حار زي ما نبيه. مو التجربة اللي بتنسى بس ولا اللي بتندم عليها.,neutral
التجربة مع المطعم الشعبي كانت بين بين. الأصناف اللي طلبناها مقبول بس مو شي يخلي القلب يرجع. تعامل النادل كانت متوسطة، انتظرنا وقت مو طويل بس مو سريع. ما راح أقول التجربة سيئة بس مو من الأماكن اللي تنصح فيها بقوة.,neutral
جربنا مطعم البيتزا أول مرة. الديكور عادي، ما فيه شي مميز. المقبلات طعمه عادي، ولا حلو ولا سيء. الخدمة بشكل عام كانت متوسطة، انتظرنا وقت مو طويل بس مو سريع. يعتبر خيار متوسط بين المطاعم اللي جربتها. مو التجربة اللي بتنسى بس ولا اللي بتندم عليها.,neutral
التجربة مع مطعم الأكل الإيطالي كانت بين بين. الخدمة كانت بطيئة شوي بس محترمين. الأرز مقبول بس مو شي يخلي القلب يرجع. يستاهل يجرب بس متوقعاته لا تكون عالية.,neutral
جربنا مطعم المشويات أول مرة. استقبال الموظفين كانت عادية ما فيها شي يذكر. الوجبة الرئيسية كان تمام بس ينقصه شوي نكهة. السعر تقريبا زي أي مطعم ثاني بنفس المستوى. في النهاية تجربة مقبولة، ولا شي يستاهل يتحمس له أحد.,neutral
بصراحة تجربة عادية. يعتبر خيار متوسط بين المطاعم اللي جربتها. الوجبة كان تمام بس ينقصه شوي نكهة. السعر مناسبة للي تشوفه بس مو أكثر. سرعة التقديم عادية، الموظفين متعاونين بس التنظيم يحتاج تحسين. ما راح أقول التجربة سيئة بس مو من الأماكن اللي تنصح فيها بقوة.,neutral
زرنا مطعم المشويات أمس والتجربة كانت عادية. الانتظار كان طبيعي مو طويل ومو قصير. الأكل كان تمام بس ينقصه شوي نكهة. الخدمة بشكل عام مقبولة، ينقصها شوي احترافية. الجو العام مقبول، الجلسات عادية. مو التجربة اللي بتنسى بس ولا اللي بتندم عليها.,neutral
جربنا مطعم الوجبات السريعة أول مرة. الترتيب الداخلي نظيف بشكل عام بس التصميم بسيط. الوجبة الرئيسية كان دافي مب حار زي ما نبيه. السعر تقريبا زي أي مطعم ثاني بنفس المستوى. الخدمة بشكل عام مقبولة، ينقصها شوي احترافية. لو تبي تجرب مرة وحدة ما فيها مانع، بس مو المكان اللي أرشحه بشدة.,neutral
زرنا مطعم الوجبات السريعة أمس والتجربة كانت عادية. الأسعار مقارنة بالكمية مناسبة للي تشوفه بس مو أكثر. الأرز كان عادي مو أكثر ومو أقل. استقبال الموظفين كانت بطيئة شوي بس محترمين. أعطيه تقييم متوسط، لا أنصح بقوة ولا أثبط أحد.,neutral
رحنا مطعم المأكولات البحرية على أساس المراجعات بس. البرجر مثل أي مكان ثاني، ما فيه شي مميز. سرعة التقديم كانت بطيئة شوي بس محترمين. ممكن يكون خيار مناسب لو كنت قريب بس ما يستاهل مشوار بعيد.,neutral
التجربة مع مطعم الأكل الإيطالي كانت بين بين. قيمة الفلوس مقابل الأكل متوسطة، مو غالية ومو رخيصة. الوجبة كان تمام بس ينقصه شوي نكهة. المكان فيه صف بس ماشي الحال. بالنسبة لي تجربة عادية جدا ولا فيها شي يذكر بالسلب ولا الإيجاب.,neutral
كنت مع أصحابي في مطعم المشويات. المقبلات كان دافي مب حار زي ما نبيه. تعامل النادل كانت عادية ما فيها شي يذكر. الأسعار تقريبا زي أي مطعم ثاني بنفس المستوى. تقييمي للمكان ثلاثة من خمسة، عادي.,neutral
زرت المطعم مع العائلة. ما شفت في الطعام شي يميزه عن باقي المطاعم. النظافة عادي، ما فيه شي مميز. مو التجربة اللي بتنسى بس ولا اللي بتندم عليها.,neutral
تجربتنا كانت متوسطة. التجربة كانت طبيعية بدون أي مفاجآت. المقبلات مقبول بس مو شي يخلي القلب يرجع. استقبال الموظفين مقبولة، ينقصها شوي احترافية. في النهاية تجربة مقبولة، ولا شي يستاهل يتحمس له أحد.,neutral
ودي أشارك رأيي عن الفرع. البيتزا طعمه عادي، ولا حلو ولا سيء. استقبال الموظفين كانت عادية ما فيها شي يذكر. بشكل عام تجربة وسط، ممكن نرجع وممكن لا.,neutral
رحنا مطعم المشويات على أساس المراجعات بس. الخدمة بشكل عام كانت متوسطة، انتظرنا وقت مو طويل بس مو سريع. السعر متوسطة، مو غالية ومو رخيصة. ما شفت في السلطة شي يميزه عن باقي المطاعم. بشكل عام تجربة وسط، ممكن نرجع وممكن لا.,neutral
زرنا الكافيه أمس والتجربة كانت عادية. المكان فيه صف بس ماشي الحال. ما شفت في الأرز شي يميزه عن باقي المطاعم. سرعة التقديم تمام، لا سيئة ولا ممتازة. الأسعار تقريبا زي أي مطعم ثاني بنفس المستوى. بالنسبة لي تجربة عادية جدا ولا فيها شي يذكر بالسلب ولا الإيجاب.,neutral
رحنا مطعم الأكل الإيطالي على أساس المراجعات بس. الأسعار مقارنة بالكمية مناسبة للي تشوفه بس مو أكثر. الأكل كان تمام بس ينقصه شوي نكهة. تعامل النادل مقبولة، ينقصها شوي احترافية. ما راح أقول التجربة سيئة بس مو من الأماكن اللي تنصح فيها بقوة.,neutral
زرنا مطعم الأكل الإيطالي أمس والتجربة كانت عادية. يعتبر خيار متوسط بين المطاعم اللي جربتها. الأكل كان تمام بس ينقصه شوي نكهة. الأسعار متوسطة، مو غالية ومو رخيصة. في النهاية تجربة مقبولة، ولا شي يستاهل يتحمس له أحد.,neutral
صراحة ما عندي رأي واضح عن مطعم المشويات. الخدمة بشكل عام كانت عادية ما فيها شي يذكر. الطعام طعمه عادي، ولا حلو ولا سيء. أعطيه تقييم متوسط، لا أنصح بقوة ولا أثبط أحد.,neutral
كنت مع أصحابي في المطعم اللي جربناه. سرعة التقديم عادية، الموظفين متعاونين بس التنظيم يحتاج تحسين. الترتيب الداخلي نظيف بشكل عام بس التصميم بسيط. ما شفت في الطعام شي يميزه عن باقي المطاعم. ما في شي يشتكى منه بس ولا في شي يمدح. ما راح أقول التجربة سيئة بس مو من الأماكن اللي تنصح فيها بقوة.,neutral
رحنا المطعم الجديد على أساس المراجعات بس. الخدمة بشكل عام كانت متوسطة، انتظرنا وقت مو طويل بس مو سريع. نفس المستوى اللي شفته في أماكن ثانية مشابهة. الطعام مثل أي مكان ثاني، ما فيه شي مميز. الأسعار تقريبا زي أي مطعم ثاني بنفس المستوى. بالنسبة لي تجربة عادية جدا ولا فيها شي يذكر بالسلب ولا الإيجاب.,neutral
رحنا المطعم اللي جربناه على أساس المراجعات بس. البيتزا كان تمام بس ينقصه شوي نكهة. الخدمة مقبولة، ينقصها شوي احترافية. الأسعار تقريبا زي أي مطعم ثاني بنفس المستوى. في النهاية تجربة مقبولة، ولا شي يستاهل يتحمس له أحد.,neutral
زرنا المكان أمس والتجربة كانت عادية. الأكل لا بأس فيه، وسط الوسط. تعامل النادل كانت متوسطة، انتظرنا وقت مو طويل بس مو سريع. ممكن يكون خيار مناسب لو كنت قريب بس ما يستاهل مشوار بعيد.,neutral
رحنا المطعم الشعبي على أساس المراجعات بس. الوجبة طعمه عادي، ولا حلو ولا سيء. الترتيب الداخلي مقبول، الجلسات عادية. الأسعار تقريبا زي أي مطعم ثاني بنفس المستوى. سرعة التقديم تمام، لا سيئة ولا ممتازة. ممكن يكون خيار مناسب لو كنت قريب بس ما يستاهل مشوار بعيد.,neutral
زرت الفرع مع العائلة. الأرز كان تمام بس ينقصه شوي نكهة. الأجواء عادي، ما فيه شي مميز. السعر متوسطة، مو غالية ومو رخيصة. ما راح أقول التجربة سيئة بس مو من الأماكن اللي تنصح فيها بقوة.,neutral
زرنا مطعم الأكل الإيطالي أمس والتجربة كانت عادية. ما شفت في الطعام شي يميزه عن باقي المطاعم. قيمة الفلوس مقابل الأكل مناسبة للي تشوفه بس مو أكثر. ما في شي يشتكى منه بس ولا في شي يمدح. الخدمة كانت متوسطة، انتظرنا وقت مو طويل بس مو سريع. أعطيه تقييم متوسط، لا أنصح بقوة ولا أثبط أحد.,neutral
بصراحة تجربة عادية. الخدمة بشكل عام كانت متوسطة، انتظرنا وقت مو طويل بس مو سريع. الأسعار مناسبة للي تشوفه بس مو أكثر. ما شفت في المقبلات شي يميزه عن باقي المطاعم. في النهاية تجربة مقبولة، ولا شي يستاهل يتحمس له أحد.,neutral
تجربتنا كانت متوسطة. الديكور تمام، مساحة صغيرة بس مرتبة. الوجبة لا بأس فيه، وسط الوسط. المكان فيه صف بس ماشي الحال. الخدمة بشكل عام عادية، الموظفين متعاونين بس التنظيم يحتاج تحسين. قيمة الفلوس مقابل الأكل معقولة نوعا ما مقارنة بالجودة. مو التجربة اللي بتنسى بس ولا اللي بتندم عليها.,neutral
بصراحة تجربة عادية. سرعة التقديم كانت بطيئة شوي بس محترمين. ما شفت في الأرز شي يميزه عن باقي المطاعم. ممكن يكون خيار مناسب لو كنت قريب بس ما يستاهل مشوار بعيد.,neutral
ودي أشارك رأيي عن المطعم الشعبي. الأسعار مقارنة بالكمية تقريبا زي أي مطعم ثاني بنفس المستوى. الخدمة كانت بطيئة شوي بس محترمين. يعتبر خيار متوسط بين المطاعم اللي جربتها. الأرز كان دافي مب حار زي ما نبيه. ممكن يكون خيار مناسب لو كنت قريب بس ما يستاهل مشوار بعيد.,neutral
تجربتنا كانت متوسطة. النظافة مقبول، الجلسات عادية. الخدمة بشكل عام كانت متوسطة، انتظرنا وقت مو طويل بس مو سريع. الطعام كان دافي مب حار زي ما نبيه. قيمة الفلوس مقابل الأكل مناسبة للي تشوفه بس مو أكثر. ما توقعت أكثر من كذا صراحة. ممكن يكون خيار مناسب لو كنت قريب بس ما يستاهل مشوار بعيد.,neutral
كنت مع أصحابي في الفرع. المكان مقبول، الجلسات عادية. توقعت الوجبة أحسن شوي بس برضو مو سيء. السعر مناسبة للي تشوفه بس مو أكثر. سرعة التقديم كانت بطيئة شوي بس محترمين. ممكن يكون خيار مناسب لو كنت قريب بس ما يستاهل مشوار بعيد.,neutral
رحنا مطعم الأكل الإيطالي على أساس المراجعات بس. السعر مناسبة للي تشوفه بس مو أكثر. البرجر كان دافي مب حار زي ما نبيه. الخدمة كانت متوسطة، انتظرنا وقت مو طويل بس مو سريع. ما راح أقول التجربة سيئة بس مو من الأماكن اللي تنصح فيها بقوة.,neutral
كنت مع أصحابي في المكان. العصائر حلو بس الكمية أقل من المتوقع. الديكور عادي، ما فيه شي مميز. الخدمة كانت متوسطة، انتظرنا وقت مو طويل بس مو سريع. قيمة الفلوس مقابل الأكل تقريبا زي أي مطعم ثاني بنفس المستوى. ما راح أقول التجربة سيئة بس مو من الأماكن اللي تنصح فيها بقوة.,neutral
رحنا مطعم الفطور على أساس المراجعات بس. ما في شي يشتكى منه بس ولا في شي يمدح. تعامل النادل كانت عادية ما فيها شي يذكر. البيتزا طعمه عادي، ولا حلو ولا سيء. ما راح أقول التجربة سيئة بس مو من الأماكن اللي تنصح فيها بقوة.,neutral
ودي أشارك رأيي عن مطعم المأكولات البحرية. قيمة الفلوس مقابل الأكل تقريبا زي أي مطعم ثاني بنفس المستوى. الوجبة الرئيسية طعمه عادي، ولا حلو ولا سيء. الخدمة بشكل عام تمام، لا سيئة ولا ممتازة. في النهاية تجربة مقبولة، ولا شي يستاهل يتحمس له أحد.,neutral
رحنا المطعم اللي جربناه على أساس المراجعات بس. النظافة تمام، مساحة صغيرة بس مرتبة. الخدمة تمام، لا سيئة ولا ممتازة. الطعام كان تمام بس ينقصه شوي نكهة. السعر مناسبة للي تشوفه بس مو أكثر. يستاهل يجرب بس متوقعاته لا تكون عالية.,neutral
بصراحة تجربة عادية. استقبال الموظفين كانت عادية ما فيها شي يذكر. المشاوي طعمه عادي، ولا حلو ولا سيء. الجو العام مقبول، الجلسات عادية. بالنسبة لي تجربة عادية جدا ولا فيها شي يذكر بالسلب ولا الإيجاب.,neutral
زرت الفرع مع العائلة. البرجر مقبول بس مو شي يخلي القلب يرجع. استقبال الموظفين كانت عادية ما فيها شي يذكر. يعتبر خيار متوسط بين المطاعم اللي جربتها. في النهاية تجربة مقبولة، ولا شي يستاهل يتحمس له أحد.,neutral
زرت الكافيه مع العائلة. توقعت الحلا أحسن شوي بس برضو مو سيء. نفس المستوى اللي شفته في أماكن ثانية مشابهة. الترتيب الداخلي عادي، ما فيه شي مميز. سرعة التقديم كانت عادية ما فيها شي يذكر. ما راح أقول التجربة سيئة بس مو من الأماكن اللي تنصح فيها بقوة.,neutral
التجربة مع المكان كانت بين بين. توقعت السلطة أحسن شوي بس برضو مو سيء. الجو العام مقبول، الجلسات عادية. الخدمة بشكل عام تمام، لا سيئة ولا ممتازة. الأسعار مقارنة بالكمية متوسطة، مو غالية ومو رخيصة. ما راح أقول التجربة سيئة بس مو من الأماكن اللي تنصح فيها بقوة.,neutral
رحنا مطعم المشويات على أساس المراجعات بس. استقبال الموظفين كانت بطيئة شوي بس محترمين. الأجواء عادي، ما فيه شي مميز. الطعام كان عادي مو أكثر ومو أقل. بالنسبة لي تجربة عادية جدا ولا فيها شي يذكر بالسلب ولا الإيجاب.,neutral
التجربة مع مطعم البيتزا كانت بين بين. الديكور عادي، ما فيه شي مميز. الخدمة بشكل عام مقبولة، ينقصها شوي احترافية. الأسعار تقريبا زي أي مطعم ثاني بنفس المستوى. المقبلات حلو بس الكمية أقل من المتوقع. نفس المستوى اللي شفته في أماكن ثانية مشابهة. أعطيه تقييم متوسط، لا أنصح بقوة ولا أثبط أحد.,neutral
جربنا مطعم المأكولات البحرية أول مرة. ما توقعت أكثر من كذا صراحة. الوجبة الرئيسية كان تمام بس ينقصه شوي نكهة. الجو العام نظيف بشكل عام بس التصميم بسيط. الخدمة بشكل عام عادية، الموظفين متعاونين بس التنظيم يحتاج تحسين. الأسعار مقارنة بالكمية متوسطة، مو غالية ومو رخيصة. تقييمي للمكان ثلاثة من خمسة، عادي.,neutral
كنت مع أصحابي في مطعم الوجبات السريعة. ما شفت في الأصناف اللي طلبناها شي يميزه عن باقي المطاعم. الأسعار تقريبا زي أي مطعم ثاني بنفس المستوى. يستاهل يجرب بس متوقعاته لا تكون عالية.,neutral
زرت المطعم مع العائلة. المقبلات طعمه عادي، ولا حلو ولا سيء. الخدمة كانت عادية ما فيها شي يذكر. الأسعار مقارنة بالكمية معقولة نوعا ما مقارنة بالجودة. في النهاية تجربة مقبولة، ولا شي يستاهل يتحمس له أحد.,neutral
زرت الكافيه مع العائلة. قيمة الفلوس مقابل الأكل متوسطة، مو غالية ومو رخيصة. استقبال الموظفين مقبولة، ينقصها شوي احترافية. توقعت الأصناف اللي طلبناها أحسن شوي بس برضو مو سيء. ما راح أقول التجربة سيئة بس مو من الأماكن اللي تنصح فيها بقوة.,neutral
جربنا مطعم البيتزا أول مرة. استقبال الموظفين كانت متوسطة، انتظرنا وقت مو طويل بس مو سريع. ما شفت في الوجبة شي يميزه عن باقي المطاعم. قيمة الفلوس مقابل الأكل تقريبا زي أي مطعم ثاني بنفس المستوى. الديكور نظيف بشكل عام بس التصميم بسيط. ما راح أقول التجربة سيئة بس مو من الأماكن اللي تنصح فيها بقوة.,neutral
صراحة ما عندي رأي واضح عن الفرع. الطعام مقبول بس مو شي يخلي القلب يرجع. استقبال الموظفين تمام، لا سيئة ولا ممتازة. بالنسبة لي تجربة عادية جدا ولا فيها شي يذكر بالسلب ولا الإيجاب.,neutral
جربنا المطعم أول مرة. الخدمة كانت متوسطة، انتظرنا وقت مو طويل بس مو سريع. الأسعار معقولة نوعا ما مقارنة بالجودة. يعتبر خيار متوسط بين المطاعم اللي جربتها. الطعام مقبول بس مو شي يخلي القلب يرجع. ممكن يكون خيار مناسب لو كنت قريب بس ما يستاهل مشوار بعيد.,neutral
كنت مع أصحابي في مطعم الفطور. الانتظار كان طبيعي مو طويل ومو قصير. استقبال الموظفين كانت عادية ما فيها شي يذكر. قيمة الفلوس مقابل الأكل تقريبا زي أي مطعم ثاني بنفس المستوى. الحلا كان دافي مب حار زي ما نبيه. ما راح أقول التجربة سيئة بس مو من الأماكن اللي تنصح فيها بقوة.,neutral
بصراحة تجربة عادية. الأسعار تقريبا زي أي مطعم ثاني بنفس المستوى. الديكور تمام، مساحة صغيرة بس مرتبة. تعامل النادل تمام، لا سيئة ولا ممتازة. توقعت البيتزا أحسن شوي بس برضو مو سيء. ما راح أقول التجربة سيئة بس مو من الأماكن اللي تنصح فيها بقوة.,neutral
ودي أشارك رأيي عن المطعم اللي جربناه. سرعة التقديم كانت عادية ما فيها شي يذكر. الطعام لا بأس فيه، وسط الوسط. يعتبر خيار متوسط بين المطاعم اللي جربتها. بالنسبة لي تجربة عادية جدا ولا فيها شي يذكر بالسلب ولا الإيجاب.,neutral
تجربتنا كانت متوسطة. المقبلات كان تمام بس ينقصه شوي نكهة. ما راح أقول التجربة سيئة بس مو من الأماكن اللي تنصح فيها بقوة.,neutral
زرنا مطعم الفطور أمس والتجربة كانت عادية. الجو العام تمام، مساحة صغيرة بس مرتبة. الأكل مثل أي مكان ثاني، ما فيه شي مميز. تعامل النادل مقبولة، ينقصها شوي احترافية. ما راح أقول التجربة سيئة بس مو من الأماكن اللي تنصح فيها بقوة.,neutral
كنت مع أصحابي في مطعم البرجر. تعامل النادل كانت متوسطة، انتظرنا وقت مو طويل بس مو سريع. الوجبة كان دافي مب حار زي ما نبيه. تقييمي للمكان ثلاثة من خمسة، عادي.,neutral
رحنا مطعم المشويات على أساس المراجعات بس. الخدمة بشكل عام تمام، لا سيئة ولا ممتازة. البيتزا كان دافي مب حار زي ما نبيه. السعر مناسبة للي تشوفه بس مو أكثر. ما راح أقول التجربة سيئة بس مو من الأماكن اللي تنصح فيها بقوة.,neutral
كنت مع أصحابي في المطعم اللي جربناه. ما توقعت أكثر من كذا صراحة. المشاوي حلو بس الكمية أقل من المتوقع. الخدمة تمام، لا سيئة ولا ممتازة. المكان مقبول، الجلسات عادية. أعطيه تقييم متوسط، لا أنصح بقوة ولا أثبط أحد.,neutral
زرنا مطعم المشويات أمس والتجربة كانت عادية. الأصناف اللي طلبناها مقبول بس مو شي يخلي القلب يرجع. المكان عادي، ما فيه شي مميز. يستاهل يجرب بس متوقعاته لا تكون عالية.,neutral
ودي أشارك رأيي عن المطعم. الوجبة الرئيسية طعمه عادي، ولا حلو ولا سيء. ما توقعت أكثر من كذا صراحة. الأسعار متوسطة، مو غالية ومو رخيصة. الخدمة كانت بطيئة شوي بس محترمين. النظافة تمام، مساحة صغيرة بس مرتبة. ممكن يكون خيار مناسب لو كنت قريب بس ما يستاهل مشوار بعيد.,neutral
بصراحة تجربة عادية. الترتيب الداخلي نظيف بشكل عام بس التصميم بسيط. سرعة التقديم كانت عادية ما فيها شي يذكر. الوجبة الرئيسية كان تمام بس ينقصه شوي نكهة. بالنسبة لي تجربة عادية جدا ولا فيها شي يذكر بالسلب ولا الإيجاب.,neutral
رحنا مطعم الأكل الإيطالي على أساس المراجعات بس. الخدمة بشكل عام مقبولة، ينقصها شوي احترافية. الأجواء عادي، ما فيه شي مميز. الأرز كان تمام بس ينقصه شوي نكهة. بالنسبة لي تجربة عادية جدا ولا فيها شي يذكر بالسلب ولا الإيجاب.,neutral
رحنا المطعم الشعبي على أساس المراجعات بس. السعر تقريبا زي أي مطعم ثاني بنفس المستوى. ما شفت في الأكل شي يميزه عن باقي المطاعم. تعامل النادل كانت متوسطة، انتظرنا وقت مو طويل بس مو سريع. بشكل عام تجربة وسط، ممكن نرجع وممكن لا.,neutral
تجربتنا كانت متوسطة. استقبال الموظفين عادية، الموظفين متعاونين بس التنظيم يحتاج تحسين. الجو العام نظيف بشكل عام بس التصميم بسيط. المكان فيه صف بس ماشي الحال. المشاوي مقبول بس مو شي يخلي القلب يرجع. مو التجربة اللي بتنسى بس ولا اللي بتندم عليها.,neutral
زرت المطعم اللي جربناه مع العائلة. ولا شي خاص يخليني أفضله على غيره. الديكور مقبول، الجلسات عادية. الأسعار مناسبة للي تشوفه بس مو أكثر. السلطة مقبول بس مو شي يخلي القلب يرجع. بالنسبة لي تجربة عادية جدا ولا فيها شي يذكر بالسلب ولا الإيجاب.,neutral
كنت مع أصحابي في الكافيه. السعر معقولة نوعا ما مقارنة بالجودة. سرعة التقديم كانت عادية ما فيها شي يذكر. الأصناف اللي طلبناها طعمه عادي، ولا حلو ولا سيء. ممكن يكون خيار مناسب لو كنت قريب بس ما يستاهل مشوار بعيد.,neutral
التجربة مع المطعم الشعبي كانت بين بين. قيمة الفلوس مقابل الأكل متوسطة، مو غالية ومو رخيصة. الأكل مقبول بس مو شي يخلي القلب يرجع. لو تبي تجرب مرة وحدة ما فيها مانع، بس مو المكان اللي أرشحه بشدة.,neutral
زرنا الكافيه أمس والتجربة كانت عادية. السلطة لا بأس فيه، وسط الوسط. المكان فيه صف بس ماشي الحال. النظافة تمام، مساحة صغيرة بس مرتبة. الخدمة بشكل عام عادية، الموظفين متعاونين بس التنظيم يحتاج تحسين. ما راح أقول التجربة سيئة بس مو من الأماكن اللي تنصح فيها بقوة.,neutral
تجربتنا كانت متوسطة. تعامل النادل كانت بطيئة شوي بس محترمين. الأجواء مقبول، الجلسات عادية. الأكل كان دافي مب حار زي ما نبيه. الأسعار مقارنة بالكمية تقريبا زي أي مطعم ثاني بنفس المستوى. لو تبي تجرب مرة وحدة ما فيها مانع، بس مو المكان اللي أرشحه بشدة.,neutral
زرت مطعم المأكولات البحرية مع العائلة. العصائر كان دافي مب حار زي ما نبيه. استقبال الموظفين تمام، لا سيئة ولا ممتازة. مو التجربة اللي بتنسى بس ولا اللي بتندم عليها.,neutral
كنت مع أصحابي في مطعم المشويات. الخدمة بشكل عام كانت بطيئة شوي بس محترمين. الانتظار كان طبيعي مو طويل ومو قصير. قيمة الفلوس مقابل الأكل مناسبة للي تشوفه بس مو أكثر. البيتزا حلو بس الكمية أقل من المتوقع. أعطيه تقييم متوسط، لا أنصح بقوة ولا أثبط أحد.,neutral
زرنا المطعم أمس والتجربة كانت عادية. الخدمة كانت عادية ما فيها شي يذكر. الأسعار مقارنة بالكمية مناسبة للي تشوفه بس مو أكثر. ما شفت في الوجبة شي يميزه عن باقي المطاعم. التجربة كانت طبيعية بدون أي مفاجآت. لو تبي تجرب مرة وحدة ما فيها مانع، بس مو المكان اللي أرشحه بشدة.,neutral
صراحة ما عندي رأي واضح عن مطعم المأكولات البحرية. استقبال الموظفين كانت بطيئة شوي بس محترمين. التجربة كانت طبيعية بدون أي مفاجآت. الديكور تمام، مساحة صغيرة بس مرتبة. الطعام لا بأس فيه، وسط الوسط. ممكن يكون خيار مناسب لو كنت قريب بس ما يستاهل مشوار بعيد.,neutral
بصراحة تجربة عادية. تعامل النادل كانت عادية ما فيها شي يذكر. الأجواء تمام، مساحة صغيرة بس مرتبة. ما شفت في المقبلات شي يميزه عن باقي المطاعم. تقييمي للمكان ثلاثة من خمسة، عادي.,neutral
زرنا مطعم الوجبات السريعة أمس والتجربة كانت عادية. الأسعار مقارنة بالكمية تقريبا زي أي مطعم ثاني بنفس المستوى. الأكل مقبول بس مو شي يخلي القلب يرجع. استقبال الموظفين كانت بطيئة شوي بس محترمين. مو التجربة اللي بتنسى بس ولا اللي بتندم عليها.,neutral
زرت الفرع مع العائلة. الأكل طعمه عادي، ولا حلو ولا سيء. الخدمة مقبولة، ينقصها شوي احترافية. السعر متوسطة، مو غالية ومو رخيصة. بشكل عام تجربة وسط، ممكن نرجع وممكن لا.,neutral
ودي أشارك رأيي عن الكافيه. ما شفت في العصائر شي يميزه عن باقي المطاعم. الخدمة بشكل عام كانت متوسطة، انتظرنا وقت مو طويل بس مو سريع. بشكل عام تجربة وسط، ممكن نرجع وممكن لا.,neutral
تجربتنا كانت متوسطة. الأرز مثل أي مكان ثاني، ما فيه شي مميز. تعامل النادل كانت متوسطة، انتظرنا وقت مو طويل بس مو سريع. السعر مناسبة للي تشوفه بس مو أكثر. في النهاية تجربة مقبولة، ولا شي يستاهل يتحمس له أحد.,neutral
رحنا المكان على أساس المراجعات بس. قيمة الفلوس مقابل الأكل متوسطة، مو غالية ومو رخيصة. تعامل النادل تمام، لا سيئة ولا ممتازة. الأكل طعمه عادي، ولا حلو ولا سيء. يستاهل يجرب بس متوقعاته لا تكون عالية.,neutral
التجربة مع المطعم كانت بين بين. سرعة التقديم كانت بطيئة شوي بس محترمين. الأسعار مناسبة للي تشوفه بس مو أكثر. البرجر كان دافي مب حار زي ما نبيه. ممكن يكون خيار مناسب لو كنت قريب بس ما يستاهل مشوار بعيد.,neutral
صراحة ما عندي رأي واضح عن مطعم المشويات. تعامل النادل كانت متوسطة، انتظرنا وقت مو طويل بس مو سريع. الأجواء مقبول، الجلسات عادية. المشاوي مثل أي مكان ثاني، ما فيه شي مميز. ما راح أقول التجربة سيئة بس مو من الأماكن اللي تنصح فيها بقوة.,neutral
التجربة مع المكان كانت بين بين. ما شفت في المقبلات شي يميزه عن باقي المطاعم. السعر مناسبة للي تشوفه بس مو أكثر. بالنسبة لي تجربة عادية جدا ولا فيها شي يذكر بالسلب ولا الإيجاب.,neutral
جربنا المطعم اللي جربناه أول مرة. الأصناف اللي طلبناها كان دافي مب حار زي ما نبيه. يعتبر خيار متوسط بين المطاعم اللي جربتها. المكان تمام، مساحة صغيرة بس مرتبة. السعر مناسبة للي تشوفه بس مو أكثر. مو التجربة اللي بتنسى بس ولا اللي بتندم عليها.,neutral
جربنا مطعم الأكل الإيطالي أول مرة. البرجر كان عادي مو أكثر ومو أقل. السعر معقولة نوعا ما مقارنة بالجودة. الترتيب الداخلي مقبول، الجلسات عادية. يستاهل يجرب بس متوقعاته لا تكون عالية.,neutral
صراحة ما عندي رأي واضح عن الفرع. استقبال الموظفين مقبولة، ينقصها شوي احترافية. توقعت الحلا أحسن شوي بس برضو مو سيء. بالنسبة لي تجربة عادية جدا ولا فيها شي يذكر بالسلب ولا الإيجاب.,neutral
زرنا مطعم المأكولات البحرية أمس والتجربة كانت عادية. الوجبة مثل أي مكان ثاني، ما فيه شي مميز. استقبال الموظفين كانت متوسطة، انتظرنا وقت مو طويل بس مو سريع. مو التجربة اللي بتنسى بس ولا اللي بتندم عليها.,neutral
تجربتنا كانت متوسطة. السلطة مقبول بس مو شي يخلي القلب يرجع. تعامل النادل كانت عادية ما فيها شي يذكر. المكان فيه صف بس ماشي الحال. بشكل عام تجربة وسط، ممكن نرجع وممكن لا.,neutral
كنت مع أصحابي في مطعم المأكولات البحرية. الوجبة الرئيسية طعمه عادي، ولا حلو ولا سيء. السعر متوسطة، مو غالية ومو رخيصة. تعامل النادل تمام، لا سيئة ولا ممتازة. بشكل عام تجربة وسط، ممكن نرجع وممكن لا.,neutral
ودي أشارك رأيي عن المطعم الجديد. التجربة كانت طبيعية بدون أي مفاجآت. الطعام مقبول بس مو شي يخلي القلب يرجع. الترتيب الداخلي نظيف بشكل عام بس التصميم بسيط. تعامل النادل عادية، الموظفين متعاونين بس التنظيم يحتاج تحسين. الأسعار متوسطة، مو غالية ومو رخيصة. ممكن يكون خيار مناسب لو كنت قريب بس ما يستاهل مشوار بعيد.,neutral
تجربتنا كانت متوسطة. استقبال الموظفين مقبولة، ينقصها شوي احترافية. توقعت الأكل أحسن شوي بس برضو مو سيء. لو تبي تجرب مرة وحدة ما فيها مانع، بس مو المكان اللي أرشحه بشدة.,neutral
كنت مع أصحابي في المطعم الجديد. المكان مقبول، الجلسات عادية. الأكل لا بأس فيه، وسط الوسط. الأسعار معقولة نوعا ما مقارنة بالجودة. تعامل النادل عادية، الموظفين متعاونين بس التنظيم يحتاج تحسين. أعطيه تقييم متوسط، لا أنصح بقوة ولا أثبط أحد.,neutral
كنت مع أصحابي في المطعم. الديكور نظيف بشكل عام بس التصميم بسيط. التجربة كانت طبيعية بدون أي مفاجآت. السلطة مقبول بس مو شي يخلي القلب يرجع. قيمة الفلوس مقابل الأكل متوسطة، مو غالية ومو رخيصة. أعطيه تقييم متوسط، لا أنصح بقوة ولا أثبط أحد.,neutral
رحنا مطعم الأكل الإيطالي على أساس المراجعات بس. البرجر مثل أي مكان ثاني، ما فيه شي مميز. السعر متوسطة، مو غالية ومو رخيصة. بالنسبة لي تجربة عادية جدا ولا فيها شي يذكر بالسلب ولا الإيجاب.,neutral
جربنا المكان أول مرة. الحلا كان دافي مب حار زي ما نبيه. الخدمة بشكل عام مقبولة، ينقصها شوي احترافية. الأسعار مقارنة بالكمية تقريبا زي أي مطعم ثاني بنفس المستوى. بالنسبة لي تجربة عادية جدا ولا فيها شي يذكر بالسلب ولا الإيجاب.,neutral
تجربتنا كانت متوسطة. سرعة التقديم كانت عادية ما فيها شي يذكر. الترتيب الداخلي تمام، مساحة صغيرة بس مرتبة. الحلا كان دافي مب حار زي ما نبيه. يعتبر خيار متوسط بين المطاعم اللي جربتها. لو تبي تجرب مرة وحدة ما فيها مانع، بس مو المكان اللي أرشحه بشدة.,neutral
جربنا مطعم الفطور أول مرة. الجو العام مقبول، الجلسات عادية. استقبال الموظفين كانت بطيئة شوي بس محترمين. المشاوي مقبول بس مو شي يخلي القلب يرجع. قيمة الفلوس مقابل الأكل تقريبا زي أي مطعم ثاني بنفس المستوى. في النهاية تجربة مقبولة، ولا شي يستاهل يتحمس له أحد.,neutral
زرت مطعم الفطور مع العائلة. تعامل النادل تمام، لا سيئة ولا ممتازة. ما شفت في المشاوي شي يميزه عن باقي المطاعم. الأسعار تقريبا زي أي مطعم ثاني بنفس المستوى. في النهاية تجربة مقبولة، ولا شي يستاهل يتحمس له أحد.,neutral
جربنا مطعم الأكل الإيطالي أول مرة. توقعت البيتزا أحسن شوي بس برضو مو سيء. استقبال الموظفين مقبولة، ينقصها شوي احترافية. الجو العام عادي، ما فيه شي مميز. الأسعار مقارنة بالكمية تقريبا زي أي مطعم ثاني بنفس المستوى. تقييمي للمكان ثلاثة من خمسة، عادي.,neutral
ودي أشارك رأيي عن المطعم الشعبي. الترتيب الداخلي عادي، ما فيه شي مميز. الانتظار كان طبيعي مو طويل ومو قصير. الأسعار مناسبة للي تشوفه بس مو أكثر. الأكل كان عادي مو أكثر ومو أقل. بالنسبة لي تجربة عادية جدا ولا فيها شي يذكر بالسلب ولا الإيجاب.,neutral
صراحة ما عندي رأي واضح عن مطعم المأكولات البحرية. الأسعار مقارنة بالكمية معقولة نوعا ما مقارنة بالجودة. الجو العام تمام، مساحة صغيرة بس مرتبة. سرعة التقديم كانت بطيئة شوي بس محترمين. البرجر مقبول بس مو شي يخلي القلب يرجع. بشكل عام تجربة وسط، ممكن نرجع وممكن لا.,neutral
كنت مع أصحابي في المطعم اللي جربناه. الخدمة كانت عادية ما فيها شي يذكر. قيمة الفلوس مقابل الأكل تقريبا زي أي مطعم ثاني بنفس المستوى. الأكل مثل أي مكان ثاني، ما فيه شي مميز. مو التجربة اللي بتنسى بس ولا اللي بتندم عليها.,neutral
تجربتنا كانت متوسطة. الأكل كان تمام بس ينقصه شوي نكهة. الخدمة عادية، الموظفين متعاونين بس التنظيم يحتاج تحسين. الجو العام نظيف بشكل عام بس التصميم بسيط. ما راح أقول التجربة سيئة بس مو من الأماكن اللي تنصح فيها بقوة.,neutral
التجربة مع الفرع كانت بين بين. السعر مناسبة للي تشوفه بس مو أكثر. التجربة كانت طبيعية بدون أي مفاجآت. المشاوي مقبول بس مو شي يخلي القلب يرجع. تعامل النادل تمام، لا سيئة ولا ممتازة. مو التجربة اللي بتنسى بس ولا اللي بتندم عليها.,neutral
جربنا مطعم المأكولات البحرية أول مرة. قيمة الفلوس مقابل الأكل معقولة نوعا ما مقارنة بالجودة. الطعام مقبول بس مو شي يخلي القلب يرجع. سرعة التقديم مقبولة، ينقصها شوي احترافية. ممكن يكون خيار مناسب لو كنت قريب بس ما يستاهل مشوار بعيد.,neutral
التجربة مع المكان كانت بين بين. الجو العام مقبول، الجلسات عادية. المشاوي طعمه عادي، ولا حلو ولا سيء. التجربة كانت طبيعية بدون أي مفاجآت. تعامل النادل كانت عادية ما فيها شي يذكر. ما راح أقول التجربة سيئة بس مو من الأماكن اللي تنصح فيها بقوة.,neutral
تجربتنا كانت متوسطة. البيتزا طعمه عادي، ولا حلو ولا سيء. تعامل النادل كانت عادية ما فيها شي يذكر. الأجواء تمام، مساحة صغيرة بس مرتبة. الانتظار كان طبيعي مو طويل ومو قصير. يستاهل يجرب بس متوقعاته لا تكون عالية.,neutral
صراحة ما عندي رأي واضح عن المطعم الجديد. الأسعار تقريبا زي أي مطعم ثاني بنفس المستوى. الخدمة بشكل عام عادية، الموظفين متعاونين بس التنظيم يحتاج تحسين. توقعت الطعام أحسن شوي بس برضو مو سيء. الانتظار كان طبيعي مو طويل ومو قصير. الجو العام مقبول، الجلسات عادية. تقييمي للمكان ثلاثة من خمسة، عادي.,neutral
ودي أشارك رأيي عن مطعم المشويات. الخدمة بشكل عام كانت عادية ما فيها شي يذكر. الوجبة كان دافي مب حار زي ما نبيه. ما راح أقول التجربة سيئة بس مو من الأماكن اللي تنصح فيها بقوة.,neutral
تجربتنا كانت متوسطة. الأكل حلو بس الكمية أقل من المتوقع. الخدمة بشكل عام تمام، لا سيئة ولا ممتازة. ما راح أقول التجربة سيئة بس مو من الأماكن اللي تنصح فيها بقوة.,neutral
زرنا المطعم اللي جربناه أمس والتجربة كانت عادية. سرعة التقديم كانت بطيئة شوي بس محترمين. توقعت الوجبة الرئيسية أحسن شوي بس برضو مو سيء. التجربة كانت طبيعية بدون أي مفاجآت. الديكور عادي، ما فيه شي مميز. لو تبي تجرب مرة وحدة ما فيها مانع، بس مو المكان اللي أرشحه بشدة.,neutral
كنت مع أصحابي في مطعم البرجر. الخدمة كانت عادية ما فيها شي يذكر. الديكور عادي، ما فيه شي مميز. ولا شي خاص يخليني أفضله على غيره. المقبلات كان دافي مب حار زي ما نبيه. في النهاية تجربة مقبولة، ولا شي يستاهل يتحمس له أحد.,neutral
جربنا مطعم البرجر أول مرة. الخدمة بشكل عام كانت عادية ما فيها شي يذكر. الأسعار تقريبا زي أي مطعم ثاني بنفس المستوى. الأرز كان دافي مب حار زي ما نبيه. ما راح أقول التجربة سيئة بس مو من الأماكن اللي تنصح فيها بقوة.,neutral
كنت مع أصحابي في المكان. السعر مناسبة للي تشوفه بس مو أكثر. سرعة التقديم مقبولة، ينقصها شوي احترافية. البرجر حلو بس الكمية أقل من المتوقع. النظافة مقبول، الجلسات عادية. يعتبر خيار متوسط بين المطاعم اللي جربتها. أعطيه تقييم متوسط، لا أنصح بقوة ولا أثبط أحد.,neutral
جربنا مطعم المأكولات البحرية أول مرة. ما في شي يشتكى منه بس ولا في شي يمدح. الخدمة كانت عادية ما فيها شي يذكر. النظافة عادي، ما فيه شي مميز. قيمة الفلوس مقابل الأكل مناسبة للي تشوفه بس مو أكثر. المقبلات طعمه عادي، ولا حلو ولا سيء. أعطيه تقييم متوسط، لا أنصح بقوة ولا أثبط أحد.,neutral
ودي أشارك رأيي عن الفرع. النظافة مقبول، الجلسات عادية. الأسعار مقارنة بالكمية متوسطة، مو غالية ومو رخيصة. البرجر مثل أي مكان ثاني، ما فيه شي مميز. ممكن يكون خيار مناسب لو كنت قريب بس ما يستاهل مشوار بعيد.,neutral
بصراحة تجربة عادية. العصائر كان دافي مب حار زي ما نبيه. ما توقعت أكثر من كذا صراحة. الأسعار مقارنة بالكمية متوسطة، مو غالية ومو رخيصة. مو التجربة اللي بتنسى بس ولا اللي بتندم عليها.,neutral
بصراحة تجربة عادية. النظافة تمام، مساحة صغيرة بس مرتبة. سرعة التقديم عادية، الموظفين متعاونين بس التنظيم يحتاج تحسين. الانتظار كان طبيعي مو طويل ومو قصير. الأسعار مناسبة للي تشوفه بس مو أكثر. توقعت العصائر أحسن شوي بس برضو مو سيء. مو التجربة اللي بتنسى بس ولا اللي بتندم عليها.,neutral
زرت مطعم الفطور مع العائلة. المكان عادي، ما فيه شي مميز. السلطة طعمه عادي، ولا حلو ولا سيء. قيمة الفلوس مقابل الأكل معقولة نوعا ما مقارنة بالجودة. بالنسبة لي تجربة عادية جدا ولا فيها شي يذكر بالسلب ولا الإيجاب.,neutral
ودي أشارك رأيي عن مطعم المشويات. الجو العام نظيف بشكل عام بس التصميم بسيط. الخدمة مقبولة، ينقصها شوي احترافية. البيتزا كان تمام بس ينقصه شوي نكهة. لو تبي تجرب مرة وحدة ما فيها مانع، بس مو المكان اللي أرشحه بشدة.,neutral
تجربتنا كانت متوسطة. السلطة كان تمام بس ينقصه شوي نكهة. الجو العام تمام، مساحة صغيرة بس مرتبة. تعامل النادل كانت متوسطة، انتظرنا وقت مو طويل بس مو سريع. التجربة كانت طبيعية بدون أي مفاجآت. الأسعار مقارنة بالكمية متوسطة، مو غالية ومو رخيصة. بالنسبة لي تجربة عادية جدا ولا فيها شي يذكر بالسلب ولا الإيجاب.,neutral
رحنا مطعم البيتزا على أساس المراجعات بس. البيتزا كان عادي مو أكثر ومو أقل. السعر متوسطة، مو غالية ومو رخيصة. نفس المستوى اللي شفته في أماكن ثانية مشابهة. لو تبي تجرب مرة وحدة ما فيها مانع، بس مو المكان اللي أرشحه بشدة.,neutral
صراحة ما عندي رأي واضح عن المطعم الشعبي. الأسعار مقارنة بالكمية مناسبة للي تشوفه بس مو أكثر. ولا شي خاص يخليني أفضله على غيره. الخدمة بشكل عام كانت عادية ما فيها شي يذكر. السلطة طعمه عادي، ولا حلو ولا سيء. مو التجربة اللي بتنسى بس ولا اللي بتندم عليها.,neutral
ودي أشارك رأيي عن المطعم الشعبي. الأرز حلو بس الكمية أقل من المتوقع. سرعة التقديم كانت عادية ما فيها شي يذكر. لو تبي تجرب مرة وحدة ما فيها مانع، بس مو المكان اللي أرشحه بشدة.,neutral
زرت المطعم اللي جربناه مع العائلة. تعامل النادل عادية، الموظفين متعاونين بس التنظيم يحتاج تحسين. الترتيب الداخلي عادي، ما فيه شي مميز. المكان فيه صف بس ماشي الحال. المقبلات كان عادي مو أكثر ومو أقل. ما راح أقول التجربة سيئة بس مو من الأماكن اللي تنصح فيها بقوة.,neutral
بصراحة تجربة عادية. الأكل مقبول بس مو شي يخلي القلب يرجع. الخدمة بشكل عام مقبولة، ينقصها شوي احترافية. في النهاية تجربة مقبولة، ولا شي يستاهل يتحمس له أحد.,neutral
زرنا مطعم الأكل الإيطالي أمس والتجربة كانت عادية. الأرز كان عادي مو أكثر ومو أقل. النظافة نظيف بشكل عام بس التصميم بسيط. الخدمة بشكل عام كانت متوسطة، انتظرنا وقت مو طويل بس مو سريع. ما راح أقول التجربة سيئة بس مو من الأماكن اللي تنصح فيها بقوة.,neutral
صراحة ما عندي رأي واضح عن المطعم الشعبي. الأسعار مقارنة بالكمية تقريبا زي أي مطعم ثاني بنفس المستوى. سرعة التقديم مقبولة، ينقصها شوي احترافية. ولا شي خاص يخليني أفضله على غيره. النظافة تمام، مساحة صغيرة بس مرتبة. الأرز مقبول بس مو شي يخلي القلب يرجع. لو تبي تجرب مرة وحدة ما فيها مانع، بس مو المكان اللي أرشحه بشدة.,neutral
زرنا مطعم البيتزا أمس والتجربة كانت عادية. الوجبة الرئيسية لا بأس فيه، وسط الوسط. استقبال الموظفين عادية، الموظفين متعاونين بس التنظيم يحتاج تحسين. ما توقعت أكثر من كذا صراحة. الأسعار مقارنة بالكمية مناسبة للي تشوفه بس مو أكثر. ممكن يكون خيار مناسب لو كنت قريب بس ما يستاهل مشوار بعيد.,neutral
زرت مطعم المأكولات البحرية مع العائلة. العصائر مثل أي مكان ثاني، ما فيه شي مميز. ولا شي خاص يخليني أفضله على غيره. الأسعار مقارنة بالكمية مناسبة للي تشوفه بس مو أكثر. تعامل النادل كانت متوسطة، انتظرنا وقت مو طويل بس مو سريع. في النهاية تجربة مقبولة، ولا شي يستاهل يتحمس له أحد.,neutral
بصراحة تجربة عادية. المشاوي كان عادي مو أكثر ومو أقل. السعر معقولة نوعا ما مقارنة بالجودة. يستاهل يجرب بس متوقعاته لا تكون عالية.,neutral
صراحة ما عندي رأي واضح عن مطعم الفطور. الديكور عادي، ما فيه شي مميز. الأصناف اللي طلبناها مثل أي مكان ثاني، ما فيه شي مميز. الأسعار تقريبا زي أي مطعم ثاني بنفس المستوى. لو تبي تجرب مرة وحدة ما فيها مانع، بس مو المكان اللي أرشحه بشدة.,neutral
ودي أشارك رأيي عن مطعم البرجر. الديكور نظيف بشكل عام بس التصميم بسيط. السعر تقريبا زي أي مطعم ثاني بنفس المستوى. الطعام حلو بس الكمية أقل من المتوقع. استقبال الموظفين كانت بطيئة شوي بس محترمين. ما راح أقول التجربة سيئة بس مو من الأماكن اللي تنصح فيها بقوة.,neutral
صراحة ما عندي رأي واضح عن المطعم اللي جربناه. ما شفت في الأكل شي يميزه عن باقي المطاعم. تعامل النادل كانت عادية ما فيها شي يذكر. الأسعار مناسبة للي تشوفه بس مو أكثر. الجو العام نظيف بشكل عام بس التصميم بسيط. يستاهل يجرب بس متوقعاته لا تكون عالية.,neutral
صراحة ما عندي رأي واضح عن المطعم الشعبي. المكان فيه صف بس ماشي الحال. السلطة مثل أي مكان ثاني، ما فيه شي مميز. الأسعار متوسطة، مو غالية ومو رخيصة. بشكل عام تجربة وسط، ممكن نرجع وممكن لا.,neutral
زرت المطعم الشعبي مع العائلة. نفس المستوى اللي شفته في أماكن ثانية مشابهة. السلطة كان تمام بس ينقصه شوي نكهة. سرعة التقديم كانت بطيئة شوي بس محترمين. الأسعار متوسطة، مو غالية ومو رخيصة. أعطيه تقييم متوسط، لا أنصح بقوة ولا أثبط أحد.,neutral
بصراحة تجربة عادية. السعر معقولة نوعا ما مقارنة بالجودة. الخدمة بشكل عام كانت بطيئة شوي بس محترمين. الجو العام مقبول، الجلسات عادية. الطعام كان عادي مو أكثر ومو أقل. ما راح أقول التجربة سيئة بس مو من الأماكن اللي تنصح فيها بقوة.,neutral
تجربتنا كانت متوسطة. الخدمة بشكل عام عادية، الموظفين متعاونين بس التنظيم يحتاج تحسين. الحلا مثل أي مكان ثاني، ما فيه شي مميز. مو التجربة اللي بتنسى بس ولا اللي بتندم عليها.,neutral
رحنا مطعم المأكولات البحرية على أساس المراجعات بس. الخدمة مقبولة، ينقصها شوي احترافية. توقعت الأكل أحسن شوي بس برضو مو سيء. الأسعار متوسطة، مو غالية ومو رخيصة. النظافة عادي، ما فيه شي مميز. نفس المستوى اللي شفته في أماكن ثانية مشابهة. أعطيه تقييم متوسط، لا أنصح بقوة ولا أثبط أحد.,neutral
زرنا مطعم البيتزا أمس والتجربة كانت عادية. استقبال الموظفين عادية، الموظفين متعاونين بس التنظيم يحتاج تحسين. السعر مناسبة للي تشوفه بس مو أكثر. يعتبر خيار متوسط بين المطاعم اللي جربتها. الأكل مثل أي مكان ثاني، ما فيه شي مميز. الترتيب الداخلي مقبول، الجلسات عادية. ما راح أقول التجربة سيئة بس مو من الأماكن اللي تنصح فيها بقوة.,neutral
رحنا المطعم الشعبي على أساس المراجعات بس. الترتيب الداخلي عادي، ما فيه شي مميز. تعامل النادل كانت عادية ما فيها شي يذكر. ما شفت في الأكل شي يميزه عن باقي المطاعم. ما توقعت أكثر من كذا صراحة. بشكل عام تجربة وسط، ممكن نرجع وممكن لا.,neutral
زرنا مطعم البرجر أمس والتجربة كانت عادية. الجو العام نظيف بشكل عام بس التصميم بسيط. الخدمة بشكل عام كانت متوسطة، انتظرنا وقت مو طويل بس مو سريع. ما شفت في المشاوي شي يميزه عن باقي المطاعم. قيمة الفلوس مقابل الأكل معقولة نوعا ما مقارنة بالجودة. مو التجربة اللي بتنسى بس ولا اللي بتندم عليها.,neutral
جربنا مطعم البرجر أول مرة. العصائر حلو بس الكمية أقل من المتوقع. الأسعار مقارنة بالكمية معقولة نوعا ما مقارنة بالجودة. الترتيب الداخلي تمام، مساحة صغيرة بس مرتبة. مو التجربة اللي بتنسى بس ولا اللي بتندم عليها.,neutral
رحنا المكان على أساس المراجعات بس. توقعت الأصناف اللي طلبناها أحسن شوي بس برضو مو سيء. تعامل النادل كانت متوسطة، انتظرنا وقت مو طويل بس مو سريع. الجو العام نظيف بشكل عام بس التصميم بسيط. ما راح أقول التجربة سيئة بس مو من الأماكن اللي تنصح فيها بقوة.,neutral
ودي أشارك رأيي عن المطعم. الأسعار مقارنة بالكمية مناسبة للي تشوفه بس مو أكثر. الأرز مثل أي مكان ثاني، ما فيه شي مميز. الجو العام تمام، مساحة صغيرة بس مرتبة. الانتظار كان طبيعي مو طويل ومو قصير. الخدمة كانت عادية ما فيها شي يذكر. بالنسبة لي تجربة عادية جدا ولا فيها شي يذكر بالسلب ولا الإيجاب.,neutral
كنت مع أصحابي في الكافيه. الأجواء مقبول، الجلسات عادية. الأكل كان عادي مو أكثر ومو أقل. بشكل عام تجربة وسط، ممكن نرجع وممكن لا.,neutral
بصراحة تجربة عادية. الوجبة الرئيسية مقبول بس مو شي يخلي القلب يرجع. الخدمة بشكل عام كانت متوسطة، انتظرنا وقت مو طويل بس مو سريع. النظافة تمام، مساحة صغيرة بس مرتبة. لو تبي تجرب مرة وحدة ما فيها مانع، بس مو المكان اللي أرشحه بشدة.,neutral
زرت مطعم المشويات مع العائلة. الأرز كان تمام بس ينقصه شوي نكهة. ولا شي خاص يخليني أفضله على غيره. تعامل النادل تمام، لا سيئة ولا ممتازة. المكان تمام، مساحة صغيرة بس مرتبة. في النهاية تجربة مقبولة، ولا شي يستاهل يتحمس له أحد.,neutral
زرنا المطعم أمس والتجربة كانت عادية. سرعة التقديم مقبولة، ينقصها شوي احترافية. الطعام كان دافي مب حار زي ما نبيه. الأسعار مقارنة بالكمية معقولة نوعا ما مقارنة بالجودة. بالنسبة لي تجربة عادية جدا ولا فيها شي يذكر بالسلب ولا الإيجاب.,neutral
رحنا المطعم على أساس المراجعات بس. الأسعار مقارنة بالكمية تقريبا زي أي مطعم ثاني بنفس المستوى. التجربة كانت طبيعية بدون أي مفاجآت. الحلا لا بأس فيه، وسط الوسط. لو تبي تجرب مرة وحدة ما فيها مانع، بس مو المكان اللي أرشحه بشدة.,neutral
بصراحة تجربة عادية. ولا شي خاص يخليني أفضله على غيره. الخدمة مقبولة، ينقصها شوي احترافية. الحلا طعمه عادي، ولا حلو ولا سيء. قيمة الفلوس مقابل الأكل معقولة نوعا ما مقارنة بالجودة. أعطيه تقييم متوسط، لا أنصح بقوة ولا أثبط أحد.,neutral
تجربتنا كانت متوسطة. قيمة الفلوس مقابل الأكل متوسطة، مو غالية ومو رخيصة. الخدمة بشكل عام كانت عادية ما فيها شي يذكر. الأكل مقبول بس مو شي يخلي القلب يرجع. الجو العام مقبول، الجلسات عادية. مو التجربة اللي بتنسى بس ولا اللي بتندم عليها.,neutral
صراحة ما عندي رأي واضح عن الفرع. سرعة التقديم كانت بطيئة شوي بس محترمين. الجو العام عادي، ما فيه شي مميز. ما توقعت أكثر من كذا صراحة. الأكل لا بأس فيه، وسط الوسط. يستاهل يجرب بس متوقعاته لا تكون عالية.,neutral
صراحة ما عندي رأي واضح عن الكافيه. الأسعار مقارنة بالكمية معقولة نوعا ما مقارنة بالجودة. الخدمة بشكل عام كانت متوسطة، انتظرنا وقت مو طويل بس مو سريع. ما شفت في الوجبة الرئيسية شي يميزه عن باقي المطاعم. أعطيه تقييم متوسط، لا أنصح بقوة ولا أثبط أحد.,neutral
التجربة مع مطعم المأكولات البحرية كانت بين بين. الطعام حلو بس الكمية أقل من المتوقع. الأسعار تقريبا زي أي مطعم ثاني بنفس المستوى. يعتبر خيار متوسط بين المطاعم اللي جربتها. الخدمة بشكل عام كانت بطيئة شوي بس محترمين. ما راح أقول التجربة سيئة بس مو من الأماكن اللي تنصح فيها بقوة.,neutral
تجربتنا كانت متوسطة. الأصناف اللي طلبناها لا بأس فيه، وسط الوسط. استقبال الموظفين كانت عادية ما فيها شي يذكر. بالنسبة لي تجربة عادية جدا ولا فيها شي يذكر بالسلب ولا الإيجاب.,neutral
ودي أشارك رأيي عن المطعم اللي جربناه. الحلا طعمه عادي، ولا حلو ولا سيء. النظافة تمام، مساحة صغيرة بس مرتبة. قيمة الفلوس مقابل الأكل معقولة نوعا ما مقارنة بالجودة. تعامل النادل كانت بطيئة شوي بس محترمين. تقييمي للمكان ثلاثة من خمسة، عادي.,neutral
صراحة ما عندي رأي واضح عن الفرع. الانتظار كان طبيعي مو طويل ومو قصير. الأرز كان تمام بس ينقصه شوي نكهة. الخدمة كانت متوسطة، انتظرنا وقت مو طويل بس مو سريع. لو تبي تجرب مرة وحدة ما فيها مانع، بس مو المكان اللي أرشحه بشدة.,neutral
كنت مع أصحابي في المكان. الخدمة بشكل عام عادية، الموظفين متعاونين بس التنظيم يحتاج تحسين. النظافة مقبول، الجلسات عادية. السعر تقريبا زي أي مطعم ثاني بنفس المستوى. الوجبة طعمه عادي، ولا حلو ولا سيء. ما راح أقول التجربة سيئة بس مو من الأماكن اللي تنصح فيها بقوة.,neutral
التجربة مع مطعم المأكولات البحرية كانت بين بين. استقبال الموظفين مقبولة، ينقصها شوي احترافية. المشاوي مثل أي مكان ثاني، ما فيه شي مميز. لو تبي تجرب مرة وحدة ما فيها مانع، بس مو المكان اللي أرشحه بشدة.,neutral
التجربة مع المطعم كانت بين بين. الأسعار مقارنة بالكمية تقريبا زي أي مطعم ثاني بنفس المستوى. الحلا مثل أي مكان ثاني، ما فيه شي مميز. الخدمة بشكل عام تمام، لا سيئة ولا ممتازة. ولا شي خاص يخليني أفضله على غيره. في النهاية تجربة مقبولة، ولا شي يستاهل يتحمس له أحد.,neutral
كنت مع أصحابي في الكافيه. السلطة مثل أي مكان ثاني، ما فيه شي مميز. الجو العام نظيف بشكل عام بس التصميم بسيط. الخدمة بشكل عام تمام، لا سيئة ولا ممتازة. ما راح أقول التجربة سيئة بس مو من الأماكن اللي تنصح فيها بقوة.,neutral
زرت مطعم البرجر مع العائلة. الأسعار تقريبا زي أي مطعم ثاني بنفس المستوى. تعامل النادل تمام، لا سيئة ولا ممتازة. البرجر كان دافي مب حار زي ما نبيه. لو تبي تجرب مرة وحدة ما فيها مانع، بس مو المكان اللي أرشحه بشدة.,neutral
ودي أشارك رأيي عن المكان. الأصناف اللي طلبناها كان عادي مو أكثر ومو أقل. قيمة الفلوس مقابل الأكل متوسطة، مو غالية ومو رخيصة. المكان عادي، ما فيه شي مميز. ولا شي خاص يخليني أفضله على غيره. أعطيه تقييم متوسط، لا أنصح بقوة ولا أثبط أحد.,neutral
تجربتنا كانت متوسطة. الأسعار معقولة نوعا ما مقارنة بالجودة. الأرز كان دافي مب حار زي ما نبيه. يستاهل يجرب بس متوقعاته لا تكون عالية.,neutral
زرنا مطعم الفطور أمس والتجربة كانت عادية. الطعام حلو بس الكمية أقل من المتوقع. تعامل النادل مقبولة، ينقصها شوي احترافية. بشكل عام تجربة وسط، ممكن نرجع وممكن لا.,neutral
رحنا مطعم المشويات على أساس المراجعات بس. الديكور تمام، مساحة صغيرة بس مرتبة. الطعام كان عادي مو أكثر ومو أقل. تقييمي للمكان ثلاثة من خمسة، عادي.,neutral
التجربة مع المطعم الجديد كانت بين بين. تعامل النادل كانت متوسطة، انتظرنا وقت مو طويل بس مو سريع. الأرز كان تمام بس ينقصه شوي نكهة. بشكل عام تجربة وسط، ممكن نرجع وممكن لا.,neutral
زرنا مطعم المشويات أمس والتجربة كانت عادية. يعتبر خيار متوسط بين المطاعم اللي جربتها. الطعام كان عادي مو أكثر ومو أقل. استقبال الموظفين كانت بطيئة شوي بس محترمين. مو التجربة اللي بتنسى بس ولا اللي بتندم عليها.,neutral
صراحة ما عندي رأي واضح عن مطعم الوجبات السريعة. السعر متوسطة، مو غالية ومو رخيصة. ما شفت في الأصناف اللي طلبناها شي يميزه عن باقي المطاعم. سرعة التقديم مقبولة، ينقصها شوي احترافية. النظافة مقبول، الجلسات عادية. بالنسبة لي تجربة عادية جدا ولا فيها شي يذكر بالسلب ولا الإيجاب.,neutral
تجربتنا كانت متوسطة. الوجبة لا بأس فيه، وسط الوسط. استقبال الموظفين كانت متوسطة، انتظرنا وقت مو طويل بس مو سريع. الأسعار مقارنة بالكمية مناسبة للي تشوفه بس مو أكثر. تقييمي للمكان ثلاثة من خمسة، عادي.,neutral
بصراحة تجربة عادية. النظافة تمام، مساحة صغيرة بس مرتبة. البرجر حلو بس الكمية أقل من المتوقع. سرعة التقديم كانت بطيئة شوي بس محترمين. مو التجربة اللي بتنسى بس ولا اللي بتندم عليها.,neutral
بصراحة تجربة عادية. الأسعار مقارنة بالكمية متوسطة، مو غالية ومو رخيصة. تعامل النادل تمام، لا سيئة ولا ممتازة. الوجبة الرئيسية كان تمام بس ينقصه شوي نكهة. لو تبي تجرب مرة وحدة ما فيها مانع، بس مو المكان اللي أرشحه بشدة.,neutral
تجربتنا كانت متوسطة. السلطة لا بأس فيه، وسط الوسط. أعطيه تقييم متوسط، لا أنصح بقوة ولا أثبط أحد.,neutral
رحنا المطعم اللي جربناه على أساس المراجعات بس. قيمة الفلوس مقابل الأكل متوسطة، مو غالية ومو رخيصة. المشاوي مثل أي مكان ثاني، ما فيه شي مميز. نفس المستوى اللي شفته في أماكن ثانية مشابهة. بشكل عام تجربة وسط، ممكن نرجع وممكن لا.,neutral
صراحة ما عندي رأي واضح عن المطعم. الأسعار متوسطة، مو غالية ومو رخيصة. الخدمة بشكل عام كانت بطيئة شوي بس محترمين. الأكل كان دافي مب حار زي ما نبيه. ما راح أقول التجربة سيئة بس مو من الأماكن اللي تنصح فيها بقوة.,neutral
زرت مطعم الوجبات السريعة مع العائلة. استقبال الموظفين عادية، الموظفين متعاونين بس التنظيم يحتاج تحسين. العصائر مقبول بس مو شي يخلي القلب يرجع. أعطيه تقييم متوسط، لا أنصح بقوة ولا أثبط أحد.,neutral
ودي أشارك رأيي عن المطعم الشعبي. الوجبة كان تمام بس ينقصه شوي نكهة. السعر معقولة نوعا ما مقارنة بالجودة. الخدمة مقبولة، ينقصها شوي احترافية. الديكور تمام، مساحة صغيرة بس مرتبة. ولا شي خاص يخليني أفضله على غيره. بالنسبة لي تجربة عادية جدا ولا فيها شي يذكر بالسلب ولا الإيجاب.,neutral
زرت المكان مع العائلة. استقبال الموظفين مقبولة، ينقصها شوي احترافية. الأصناف اللي طلبناها حلو بس الكمية أقل من المتوقع. الأسعار مقارنة بالكمية مناسبة للي تشوفه بس مو أكثر. ممكن يكون خيار مناسب لو كنت قريب بس ما يستاهل مشوار بعيد.,neutral
التجربة مع المطعم اللي جربناه كانت بين بين. الديكور عادي، ما فيه شي مميز. الحلا لا بأس فيه، وسط الوسط. ما توقعت أكثر من كذا صراحة. الخدمة كانت عادية ما فيها شي يذكر. ما راح أقول التجربة سيئة بس مو من الأماكن اللي تنصح فيها بقوة.,neutral
ودي أشارك رأيي عن الفرع. السعر تقريبا زي أي مطعم ثاني بنفس المستوى. الخدمة بشكل عام مقبولة، ينقصها شوي احترافية. توقعت البيتزا أحسن شوي بس برضو مو سيء. في النهاية تجربة مقبولة، ولا شي يستاهل يتحمس له أحد.,neutral
جربنا المطعم الشعبي أول مرة. الأسعار مقارنة بالكمية متوسطة، مو غالية ومو رخيصة. الخدمة عادية، الموظفين متعاونين بس التنظيم يحتاج تحسين. الترتيب الداخلي تمام، مساحة صغيرة بس مرتبة. البيتزا حلو بس الكمية أقل من المتوقع. ما راح أقول التجربة سيئة بس مو من الأماكن اللي تنصح فيها بقوة.,neutral
تجربتنا كانت متوسطة. قيمة الفلوس مقابل الأكل مناسبة للي تشوفه بس مو أكثر. ما في شي يشتكى منه بس ولا في شي يمدح. الخدمة كانت عادية ما فيها شي يذكر. الوجبة طعمه عادي، ولا حلو ولا سيء. الأجواء تمام، مساحة صغيرة بس مرتبة. بالنسبة لي تجربة عادية جدا ولا فيها شي يذكر بالسلب ولا الإيجاب.,neutral
كنت مع أصحابي في المطعم الجديد. ما شفت في الوجبة الرئيسية شي يميزه عن باقي المطاعم. الأسعار مقارنة بالكمية متوسطة، مو غالية ومو رخيصة. سرعة التقديم تمام، لا سيئة ولا ممتازة. ممكن يكون خيار مناسب لو كنت قريب بس ما يستاهل مشوار بعيد.,neutral
رحنا مطعم البيتزا على أساس المراجعات بس. الديكور عادي، ما فيه شي مميز. نفس المستوى اللي شفته في أماكن ثانية مشابهة. قيمة الفلوس مقابل الأكل مناسبة للي تشوفه بس مو أكثر. الأصناف اللي طلبناها كان دافي مب حار زي ما نبيه. سرعة التقديم مقبولة، ينقصها شوي احترافية. يستاهل يجرب بس متوقعاته لا تكون عالية.,neutral
زرنا المكان أمس والتجربة كانت عادية. الأكل مقبول بس مو شي يخلي القلب يرجع. الأجواء عادي، ما فيه شي مميز. الخدمة بشكل عام عادية، الموظفين متعاونين بس التنظيم يحتاج تحسين. بالنسبة لي تجربة عادية جدا ولا فيها شي يذكر بالسلب ولا الإيجاب.,neutral
صراحة ما عندي رأي واضح عن المطعم الشعبي. نفس المستوى اللي شفته في أماكن ثانية مشابهة. سرعة التقديم كانت متوسطة، انتظرنا وقت مو طويل بس مو سريع. الوجبة الرئيسية كان تمام بس ينقصه شوي نكهة. الأجواء نظيف بشكل عام بس التصميم بسيط. في النهاية تجربة مقبولة، ولا شي يستاهل يتحمس له أحد.,neutral
ودي أشارك رأيي عن المكان. الخدمة بشكل عام كانت متوسطة، انتظرنا وقت مو طويل بس مو سريع. ما شفت في الوجبة شي يميزه عن باقي المطاعم. بشكل عام تجربة وسط، ممكن نرجع وممكن لا.,neutral
زرنا مطعم الفطور أمس والتجربة كانت عادية. الأصناف اللي طلبناها طعمه عادي، ولا حلو ولا سيء. الأسعار معقولة نوعا ما مقارنة بالجودة. تعامل النادل كانت عادية ما فيها شي يذكر. الأجواء تمام، مساحة صغيرة بس مرتبة. أعطيه تقييم متوسط، لا أنصح بقوة ولا أثبط أحد.,neutral
صراحة ما عندي رأي واضح عن مطعم الفطور. السعر معقولة نوعا ما مقارنة بالجودة. تعامل النادل عادية، الموظفين متعاونين بس التنظيم يحتاج تحسين. الطعام كان دافي مب حار زي ما نبيه. لو تبي تجرب مرة وحدة ما فيها مانع، بس مو المكان اللي أرشحه بشدة.,neutral
زرت مطعم الوجبات السريعة مع العائلة. البيتزا مقبول بس مو شي يخلي القلب يرجع. الخدمة بشكل عام مقبولة، ينقصها شوي احترافية. النظافة مقبول، الجلسات عادية. بالنسبة لي تجربة عادية جدا ولا فيها شي يذكر بالسلب ولا الإيجاب.,neutral
كنت مع أصحابي في المطعم اللي جربناه. النظافة مقبول، الجلسات عادية. الحلا طعمه عادي، ولا حلو ولا سيء. في النهاية تجربة مقبولة، ولا شي يستاهل يتحمس له أحد.,neutral
رحنا المطعم الجديد على أساس المراجعات بس. ولا شي خاص يخليني أفضله على غيره. المشاوي كان عادي مو أكثر ومو أقل. الخدمة كانت عادية ما فيها شي يذكر. في النهاية تجربة مقبولة، ولا شي يستاهل يتحمس له أحد.,neutral
زرنا مطعم الوجبات السريعة أمس والتجربة كانت عادية. استقبال الموظفين كانت متوسطة، انتظرنا وقت مو طويل بس مو سريع. الأكل كان دافي مب حار زي ما نبيه. الانتظار كان طبيعي مو طويل ومو قصير. لو تبي تجرب مرة وحدة ما فيها مانع، بس مو المكان اللي أرشحه بشدة.,neutral
بصراحة تجربة عادية. الوجبة كان دافي مب حار زي ما نبيه. الخدمة كانت عادية ما فيها شي يذكر. الانتظار كان طبيعي مو طويل ومو قصير. السعر تقريبا زي أي مطعم ثاني بنفس المستوى. لو تبي تجرب مرة وحدة ما فيها مانع، بس مو المكان اللي أرشحه بشدة.,neutral
صراحة ما عندي رأي واضح عن المطعم الشعبي. الوجبة الرئيسية مثل أي مكان ثاني، ما فيه شي مميز. سرعة التقديم كانت متوسطة، انتظرنا وقت مو طويل بس مو سريع. الأسعار متوسطة، مو غالية ومو رخيصة. ما راح أقول التجربة سيئة بس مو من الأماكن اللي تنصح فيها بقوة.,neutral
جربنا الفرع أول مرة. الأرز حلو بس الكمية أقل من المتوقع. الخدمة كانت متوسطة، انتظرنا وقت مو طويل بس مو سريع. ولا شي خاص يخليني أفضله على غيره. ما راح أقول التجربة سيئة بس مو من الأماكن اللي تنصح فيها بقوة.,neutral
التجربة مع مطعم البرجر كانت بين بين. الأسعار معقولة نوعا ما مقارنة بالجودة. الخدمة بشكل عام كانت عادية ما فيها شي يذكر. الأجواء عادي، ما فيه شي مميز. الأرز مقبول بس مو شي يخلي القلب يرجع. ممكن يكون خيار مناسب لو كنت قريب بس ما يستاهل مشوار بعيد.,neutral
جربنا المكان أول مرة. الترتيب الداخلي نظيف بشكل عام بس التصميم بسيط. الوجبة الرئيسية طعمه عادي، ولا حلو ولا سيء. تعامل النادل مقبولة، ينقصها شوي احترافية. تقييمي للمكان ثلاثة من خمسة، عادي.,neutral
التجربة مع المطعم الجديد كانت بين بين. تعامل النادل كانت بطيئة شوي بس محترمين. الأصناف اللي طلبناها كان تمام بس ينقصه شوي نكهة. الأسعار مقارنة بالكمية تقريبا زي أي مطعم ثاني بنفس المستوى. بشكل عام تجربة وسط، ممكن نرجع وممكن لا.,neutral
ودي أشارك رأيي عن مطعم الوجبات السريعة. نفس المستوى اللي شفته في أماكن ثانية مشابهة. قيمة الفلوس مقابل الأكل تقريبا زي أي مطعم ثاني بنفس المستوى. توقعت الحلا أحسن شوي بس برضو مو سيء. الأجواء مقبول، الجلسات عادية. مو التجربة اللي بتنسى بس ولا اللي بتندم عليها.,neutral
زرنا المطعم أمس والتجربة كانت عادية. قيمة الفلوس مقابل الأكل معقولة نوعا ما مقارنة بالجودة. الخدمة بشكل عام كانت بطيئة شوي بس محترمين. النظافة عادي، ما فيه شي مميز. الطعام كان دافي مب حار زي ما نبيه. ممكن يكون خيار مناسب لو كنت قريب بس ما يستاهل مشوار بعيد.,neutral
زرت مطعم البرجر مع العائلة. المشاوي طعمه عادي، ولا حلو ولا سيء. الخدمة تمام، لا سيئة ولا ممتازة. الجو العام تمام، مساحة صغيرة بس مرتبة. بالنسبة لي تجربة عادية جدا ولا فيها شي يذكر بالسلب ولا الإيجاب.,neutral
كنت مع أصحابي في مطعم البيتزا. سرعة التقديم كانت بطيئة شوي بس محترمين. الأصناف اللي طلبناها كان دافي مب حار زي ما نبيه. الأسعار مقارنة بالكمية متوسطة، مو غالية ومو رخيصة. بالنسبة لي تجربة عادية جدا ولا فيها شي يذكر بالسلب ولا الإيجاب.,neutral
بصراحة تجربة عادية. سرعة التقديم كانت بطيئة شوي بس محترمين. العصائر طعمه عادي، ولا حلو ولا سيء. في النهاية تجربة مقبولة، ولا شي يستاهل يتحمس له أحد.,neutral
تجربتنا كانت متوسطة. تعامل النادل تمام، لا سيئة ولا ممتازة. الوجبة كان تمام بس ينقصه شوي نكهة. المكان نظيف بشكل عام بس التصميم بسيط. تقييمي للمكان ثلاثة من خمسة، عادي.,neutral
جربنا الفرع أول مرة. سرعة التقديم كانت متوسطة، انتظرنا وقت مو طويل بس مو سريع. توقعت البرجر أحسن شوي بس برضو مو سيء. الأسعار تقريبا زي أي مطعم ثاني بنفس المستوى. الديكور نظيف بشكل عام بس التصميم بسيط. التجربة كانت طبيعية بدون أي مفاجآت. ممكن يكون خيار مناسب لو كنت قريب بس ما يستاهل مشوار بعيد.,neutral
صراحة ما عندي رأي واضح عن مطعم الأكل الإيطالي. البيتزا طعمه عادي، ولا حلو ولا سيء. استقبال الموظفين تمام، لا سيئة ولا ممتازة. قيمة الفلوس مقابل الأكل تقريبا زي أي مطعم ثاني بنفس المستوى. في النهاية تجربة مقبولة، ولا شي يستاهل يتحمس له أحد.,neutral
ودي أشارك رأيي عن مطعم المشويات. النظافة مقبول، الجلسات عادية. الخدمة عادية، الموظفين متعاونين بس التنظيم يحتاج تحسين. الأسعار مقارنة بالكمية متوسطة، مو غالية ومو رخيصة. السلطة كان عادي مو أكثر ومو أقل. ما راح أقول التجربة سيئة بس مو من الأماكن اللي تنصح فيها بقوة.,neutral
بصراحة تجربة عادية. الديكور مقبول، الجلسات عادية. التجربة كانت طبيعية بدون أي مفاجآت. تعامل النادل كانت عادية ما فيها شي يذكر. السعر متوسطة، مو غالية ومو رخيصة. توقعت الأصناف اللي طلبناها أحسن شوي بس برضو مو سيء. لو تبي تجرب مرة وحدة ما فيها مانع، بس مو المكان اللي أرشحه بشدة.,neutral
تجربتنا كانت متوسطة. المقبلات لا بأس فيه، وسط الوسط. الخدمة بشكل عام كانت عادية ما فيها شي يذكر. النظافة عادي، ما فيه شي مميز. ما توقعت أكثر من كذا صراحة. بشكل عام تجربة وسط، ممكن نرجع وممكن لا.,neutral
زرت مطعم البيتزا مع العائلة. المقبلات مثل أي مكان ثاني، ما فيه شي مميز. استقبال الموظفين كانت متوسطة، انتظرنا وقت مو طويل بس مو سريع. السعر مناسبة للي تشوفه بس مو أكثر. أعطيه تقييم متوسط، لا أنصح بقوة ولا أثبط أحد.,neutral
صراحة ما عندي رأي واضح عن مطعم البرجر. التجربة كانت طبيعية بدون أي مفاجآت. الطعام مقبول بس مو شي يخلي القلب يرجع. تعامل النادل كانت بطيئة شوي بس محترمين. ممكن يكون خيار مناسب لو كنت قريب بس ما يستاهل مشوار بعيد.,neutral
كنت مع أصحابي في المطعم الجديد. النظافة مقبول، الجلسات عادية. الأكل كان عادي مو أكثر ومو أقل. أعطيه تقييم متوسط، لا أنصح بقوة ولا أثبط أحد.,neutral
بصراحة تجربة عادية. سرعة التقديم كانت متوسطة، انتظرنا وقت مو طويل بس مو سريع. الأسعار مقارنة بالكمية معقولة نوعا ما مقارنة بالجودة. الوجبة كان دافي مب حار زي ما نبيه. النظافة عادي، ما فيه شي مميز. ما راح أقول التجربة سيئة بس مو من الأماكن اللي تنصح فيها بقوة.,neutral
التجربة مع الكافيه كانت بين بين. قيمة الفلوس مقابل الأكل مناسبة للي تشوفه بس مو أكثر. التجربة كانت طبيعية بدون أي مفاجآت. الطعام مثل أي مكان ثاني، ما فيه شي مميز. يستاهل يجرب بس متوقعاته لا تكون عالية.,neutral
رحنا مطعم البرجر على أساس المراجعات بس. النظافة عادي، ما فيه شي مميز. ولا شي خاص يخليني أفضله على غيره. تعامل النادل كانت متوسطة، انتظرنا وقت مو طويل بس مو سريع. الأكل مقبول بس مو شي يخلي القلب يرجع. تقييمي للمكان ثلاثة من خمسة، عادي.,neutral
بصراحة تجربة عادية. الترتيب الداخلي نظيف بشكل عام بس التصميم بسيط. سرعة التقديم تمام، لا سيئة ولا ممتازة. البرجر لا بأس فيه، وسط الوسط. الانتظار كان طبيعي مو طويل ومو قصير. مو التجربة اللي بتنسى بس ولا اللي بتندم عليها.,neutral
زرنا المطعم أمس والتجربة كانت عادية. نفس المستوى اللي شفته في أماكن ثانية مشابهة. تعامل النادل عادية، الموظفين متعاونين بس التنظيم يحتاج تحسين. البيتزا كان تمام بس ينقصه شوي نكهة. تقييمي للمكان ثلاثة من خمسة، عادي.,neutral
صراحة ما عندي رأي واضح عن المكان. ما شفت في الحلا شي يميزه عن باقي المطاعم. التجربة كانت طبيعية بدون أي مفاجآت. السعر معقولة نوعا ما مقارنة بالجودة. الأجواء مقبول، الجلسات عادية. سرعة التقديم مقبولة، ينقصها شوي احترافية. تقييمي للمكان ثلاثة من خمسة، عادي.,neutral
صراحة ما عندي رأي واضح عن الكافيه. الوجبة الرئيسية كان عادي مو أكثر ومو أقل. تعامل النادل عادية، الموظفين متعاونين بس التنظيم يحتاج تحسين. ما راح أقول التجربة سيئة بس مو من الأماكن اللي تنصح فيها بقوة.,neutral
زرت المطعم اللي جربناه مع العائلة. الأسعار مقارنة بالكمية متوسطة، مو غالية ومو رخيصة. الوجبة الرئيسية لا بأس فيه، وسط الوسط. الخدمة بشكل عام مقبولة، ينقصها شوي احترافية. مو التجربة اللي بتنسى بس ولا اللي بتندم عليها.,neutral
رحنا الكافيه على أساس المراجعات بس. قيمة الفلوس مقابل الأكل متوسطة، مو غالية ومو رخيصة. النظافة عادي، ما فيه شي مميز. الوجبة الرئيسية طعمه عادي، ولا حلو ولا سيء. استقبال الموظفين كانت عادية ما فيها شي يذكر. أعطيه تقييم متوسط، لا أنصح بقوة ولا أثبط أحد.,neutral
زرت مطعم المشويات مع العائلة. السعر تقريبا زي أي مطعم ثاني بنفس المستوى. تعامل النادل كانت متوسطة، انتظرنا وقت مو طويل بس مو سريع. المشاوي لا بأس فيه، وسط الوسط. ممكن يكون خيار مناسب لو كنت قريب بس ما يستاهل مشوار بعيد.,neutral
زرنا مطعم الفطور أمس والتجربة كانت عادية. سرعة التقديم عادية، الموظفين متعاونين بس التنظيم يحتاج تحسين. الأرز مثل أي مكان ثاني، ما فيه شي مميز. بالنسبة لي تجربة عادية جدا ولا فيها شي يذكر بالسلب ولا الإيجاب.,neutral
جربنا المطعم الشعبي أول مرة. ما في شي يشتكى منه بس ولا في شي يمدح. استقبال الموظفين تمام، لا سيئة ولا ممتازة. المقبلات كان عادي مو أكثر ومو أقل. في النهاية تجربة مقبولة، ولا شي يستاهل يتحمس له أحد.,neutral
تجربتنا كانت متوسطة. الخدمة بشكل عام عادية، الموظفين متعاونين بس التنظيم يحتاج تحسين. الوجبة لا بأس فيه، وسط الوسط. لو تبي تجرب مرة وحدة ما فيها مانع، بس مو المكان اللي أرشحه بشدة.,neutral
جربنا مطعم البيتزا أول مرة. المشاوي لا بأس فيه، وسط الوسط. تعامل النادل كانت عادية ما فيها شي يذكر. النظافة تمام، مساحة صغيرة بس مرتبة. تقييمي للمكان ثلاثة من خمسة، عادي.,neutral
كنت مع أصحابي في مطعم الفطور. الوجبة طعمه عادي، ولا حلو ولا سيء. الأجواء عادي، ما فيه شي مميز. استقبال الموظفين كانت متوسطة، انتظرنا وقت مو طويل بس مو سريع. بالنسبة لي تجربة عادية جدا ولا فيها شي يذكر بالسلب ولا الإيجاب.,neutral
رحنا المكان على أساس المراجعات بس. استقبال الموظفين عادية، الموظفين متعاونين بس التنظيم يحتاج تحسين. العصائر مقبول بس مو شي يخلي القلب يرجع. التجربة كانت طبيعية بدون أي مفاجآت. مو التجربة اللي بتنسى بس ولا اللي بتندم عليها.,neutral
رحنا مطعم الفطور على أساس المراجعات بس. الخدمة كانت عادية ما فيها شي يذكر. الأسعار مقارنة بالكمية تقريبا زي أي مطعم ثاني بنفس المستوى. البيتزا كان دافي مب حار زي ما نبيه. يستاهل يجرب بس متوقعاته لا تكون عالية.,neutral
التجربة مع مطعم المشويات كانت بين بين. توقعت المقبلات أحسن شوي بس برضو مو سيء. الديكور تمام، مساحة صغيرة بس مرتبة. سرعة التقديم كانت بطيئة شوي بس محترمين. مو التجربة اللي بتنسى بس ولا اللي بتندم عليها.,neutral
زرت مطعم المأكولات البحرية مع العائلة. ما شفت في الأرز شي يميزه عن باقي المطاعم. سرعة التقديم كانت عادية ما فيها شي يذكر. يعتبر خيار متوسط بين المطاعم اللي جربتها. الترتيب الداخلي مقبول، الجلسات عادية. مو التجربة اللي بتنسى بس ولا اللي بتندم عليها.,neutral
التجربة مع مطعم المأكولات البحرية كانت بين بين. الأسعار مقارنة بالكمية تقريبا زي أي مطعم ثاني بنفس المستوى. الخدمة بشكل عام كانت متوسطة، انتظرنا وقت مو طويل بس مو سريع. نفس المستوى اللي شفته في أماكن ثانية مشابهة. الوجبة كان تمام بس ينقصه شوي نكهة. لو تبي تجرب مرة وحدة ما فيها مانع، بس مو المكان اللي أرشحه بشدة.,neutral
رحنا المطعم الشعبي على أساس المراجعات بس. الأكل حلو بس الكمية أقل من المتوقع. سرعة التقديم عادية، الموظفين متعاونين بس التنظيم يحتاج تحسين. أعطيه تقييم متوسط، لا أنصح بقوة ولا أثبط أحد.,neutral
التجربة مع مطعم البرجر كانت بين بين. استقبال الموظفين مقبولة، ينقصها شوي احترافية. الأجواء مقبول، الجلسات عادية. ما توقعت أكثر من كذا صراحة. البيتزا طعمه عادي، ولا حلو ولا سيء. قيمة الفلوس مقابل الأكل معقولة نوعا ما مقارنة بالجودة. يستاهل يجرب بس متوقعاته لا تكون عالية.,neutral
رحنا مطعم البيتزا على أساس المراجعات بس. الخدمة بشكل عام كانت بطيئة شوي بس محترمين. توقعت الأرز أحسن شوي بس برضو مو سيء. الترتيب الداخلي عادي، ما فيه شي مميز. مو التجربة اللي بتنسى بس ولا اللي بتندم عليها.,neutral
التجربة مع الكافيه كانت بين بين. الخدمة بشكل عام تمام، لا سيئة ولا ممتازة. الأسعار متوسطة، مو غالية ومو رخيصة. ما شفت في السلطة شي يميزه عن باقي المطاعم. ممكن يكون خيار مناسب لو كنت قريب بس ما يستاهل مشوار بعيد.,neutral
زرت الفرع مع العائلة. الخدمة بشكل عام كانت متوسطة، انتظرنا وقت مو طويل بس مو سريع. الأجواء نظيف بشكل عام بس التصميم بسيط. الأكل مقبول بس مو شي يخلي القلب يرجع. تقييمي للمكان ثلاثة من خمسة، عادي.,neutral
تجربتنا كانت متوسطة. النظافة عادي، ما فيه شي مميز. الحلا حلو بس الكمية أقل من المتوقع. السعر معقولة نوعا ما مقارنة بالجودة. ما راح أقول التجربة سيئة بس مو من الأماكن اللي تنصح فيها بقوة.,neutral
ودي أشارك رأيي عن الكافيه. الحلا كان عادي مو أكثر ومو أقل. تعامل النادل كانت عادية ما فيها شي يذكر. الجو العام نظيف بشكل عام بس التصميم بسيط. بشكل عام تجربة وسط، ممكن نرجع وممكن لا.,neutral
زرنا المطعم الجديد أمس والتجربة كانت عادية. الأسعار مقارنة بالكمية تقريبا زي أي مطعم ثاني بنفس المستوى. استقبال الموظفين عادية، الموظفين متعاونين بس التنظيم يحتاج تحسين. ولا شي خاص يخليني أفضله على غيره. العصائر لا بأس فيه، وسط الوسط. النظافة نظيف بشكل عام بس التصميم بسيط. بشكل عام تجربة وسط، ممكن نرجع وممكن لا.,neutral
زرنا مطعم البرجر أمس والتجربة كانت عادية. السلطة مقبول بس مو شي يخلي القلب يرجع. السعر مناسبة للي تشوفه بس مو أكثر. الديكور نظيف بشكل عام بس التصميم بسيط. المكان فيه صف بس ماشي الحال. استقبال الموظفين كانت متوسطة، انتظرنا وقت مو طويل بس مو سريع. يستاهل يجرب بس متوقعاته لا تكون عالية.,neutral
زرت مطعم الفطور مع العائلة. الترتيب الداخلي تمام، مساحة صغيرة بس مرتبة. ما شفت في السلطة شي يميزه عن باقي المطاعم. الأسعار متوسطة، مو غالية ومو رخيصة. استقبال الموظفين كانت متوسطة، انتظرنا وقت مو طويل بس مو سريع. يستاهل يجرب بس متوقعاته لا تكون عالية.,neutral
زرت الكافيه مع العائلة. توقعت الأرز أحسن شوي بس برضو مو سيء. يعتبر خيار متوسط بين المطاعم اللي جربتها. السعر تقريبا زي أي مطعم ثاني بنفس المستوى. الترتيب الداخلي مقبول، الجلسات عادية. بالنسبة لي تجربة عادية جدا ولا فيها شي يذكر بالسلب ولا الإيجاب.,neutral
بصراحة تجربة عادية. نفس المستوى اللي شفته في أماكن ثانية مشابهة. استقبال الموظفين تمام، لا سيئة ولا ممتازة. البيتزا مثل أي مكان ثاني، ما فيه شي مميز. مو التجربة اللي بتنسى بس ولا اللي بتندم عليها.,neutral
صراحة ما عندي رأي واضح عن مطعم الوجبات السريعة. الأسعار مقارنة بالكمية متوسطة، مو غالية ومو رخيصة. المشاوي لا بأس فيه، وسط الوسط. الخدمة كانت متوسطة، انتظرنا وقت مو طويل بس مو سريع. ما راح أقول التجربة سيئة بس مو من الأماكن اللي تنصح فيها بقوة.,neutral
ودي أشارك رأيي عن المطعم اللي جربناه. التجربة كانت طبيعية بدون أي مفاجآت. الوجبة كان دافي مب حار زي ما نبيه. مو التجربة اللي بتنسى بس ولا اللي بتندم عليها.,neutral
بصراحة تجربة عادية. المكان نظيف بشكل عام بس التصميم بسيط. الأسعار تقريبا زي أي مطعم ثاني بنفس المستوى. استقبال الموظفين كانت بطيئة شوي بس محترمين. الحلا لا بأس فيه، وسط الوسط. لو تبي تجرب مرة وحدة ما فيها مانع، بس مو المكان اللي أرشحه بشدة.,neutral
جربنا مطعم الوجبات السريعة أول مرة. الخدمة بشكل عام تمام، لا سيئة ولا ممتازة. الوجبة حلو بس الكمية أقل من المتوقع. الأسعار مقارنة بالكمية تقريبا زي أي مطعم ثاني بنفس المستوى. لو تبي تجرب مرة وحدة ما فيها مانع، بس مو المكان اللي أرشحه بشدة.,neutral
التجربة مع مطعم الفطور كانت بين بين. الجو العام مقبول، الجلسات عادية. الانتظار كان طبيعي مو طويل ومو قصير. الأسعار مقارنة بالكمية تقريبا زي أي مطعم ثاني بنفس المستوى. توقعت العصائر أحسن شوي بس برضو مو سيء. الخدمة مقبولة، ينقصها شوي احترافية. بالنسبة لي تجربة عادية جدا ولا فيها شي يذكر بالسلب ولا الإيجاب.,neutral
بصراحة تجربة عادية. العصائر حلو بس الكمية أقل من المتوقع. الأسعار معقولة نوعا ما مقارنة بالجودة. استقبال الموظفين عادية، الموظفين متعاونين بس التنظيم يحتاج تحسين. مو التجربة اللي بتنسى بس ولا اللي بتندم عليها.,neutral
تجربتنا كانت متوسطة. الخدمة عادية، الموظفين متعاونين بس التنظيم يحتاج تحسين. المشاوي حلو بس الكمية أقل من المتوقع. الأسعار معقولة نوعا ما مقارنة بالجودة. ما راح أقول التجربة سيئة بس مو من الأماكن اللي تنصح فيها بقوة.,neutral
التجربة مع مطعم الفطور كانت بين بين. المقبلات طعمه عادي، ولا حلو ولا سيء. استقبال الموظفين كانت عادية ما فيها شي يذكر. الأسعار مقارنة بالكمية تقريبا زي أي مطعم ثاني بنفس المستوى. النظافة تمام، مساحة صغيرة بس مرتبة. بشكل عام تجربة وسط، ممكن نرجع وممكن لا.,neutral
كنت مع أصحابي في المطعم الشعبي. الأسعار تقريبا زي أي مطعم ثاني بنفس المستوى. الخدمة تمام، لا سيئة ولا ممتازة. البيتزا مثل أي مكان ثاني، ما فيه شي مميز. في النهاية تجربة مقبولة، ولا شي يستاهل يتحمس له أحد.,neutral
زرنا الفرع أمس والتجربة كانت عادية. الجو العام نظيف بشكل عام بس التصميم بسيط. تعامل النادل عادية، الموظفين متعاونين بس التنظيم يحتاج تحسين. الأصناف اللي طلبناها مقبول بس مو شي يخلي القلب يرجع. يستاهل يجرب بس متوقعاته لا تكون عالية.,neutral
زرنا المطعم اللي جربناه أمس والتجربة كانت عادية. التجربة كانت طبيعية بدون أي مفاجآت. قيمة الفلوس مقابل الأكل متوسطة، مو غالية ومو رخيصة. المقبلات مثل أي مكان ثاني، ما فيه شي مميز. بشكل عام تجربة وسط، ممكن نرجع وممكن لا.,neutral
التجربة مع مطعم البيتزا كانت بين بين. تعامل النادل تمام، لا سيئة ولا ممتازة. الوجبة الرئيسية كان دافي مب حار زي ما نبيه. ما توقعت أكثر من كذا صراحة. لو تبي تجرب مرة وحدة ما فيها مانع، بس مو المكان اللي أرشحه بشدة.,neutral
ودي أشارك رأيي عن مطعم الفطور. الأصناف اللي طلبناها لا بأس فيه، وسط الوسط. السعر متوسطة، مو غالية ومو رخيصة. الخدمة كانت بطيئة شوي بس محترمين. مو التجربة اللي بتنسى بس ولا اللي بتندم عليها.,neutral
صراحة ما عندي رأي واضح عن الكافيه. الطعام مثل أي مكان ثاني، ما فيه شي مميز. استقبال الموظفين كانت عادية ما فيها شي يذكر. الأسعار تقريبا زي أي مطعم ثاني بنفس المستوى. تقييمي للمكان ثلاثة من خمسة، عادي.,neutral
زرت مطعم المأكولات البحرية مع العائلة. استقبال الموظفين تمام، لا سيئة ولا ممتازة. المكان نظيف بشكل عام بس التصميم بسيط. السعر معقولة نوعا ما مقارنة بالجودة. التجربة كانت طبيعية بدون أي مفاجآت. الطعام لا بأس فيه، وسط الوسط. مو التجربة اللي بتنسى بس ولا اللي بتندم عليها.,neutral
زرنا مطعم البرجر أمس والتجربة كانت عادية. الحلا طعمه عادي، ولا حلو ولا سيء. لو تبي تجرب مرة وحدة ما فيها مانع، بس مو المكان اللي أرشحه بشدة.,neutral
جربنا مطعم البرجر أول مرة. الانتظار كان طبيعي مو طويل ومو قصير. تعامل النادل كانت بطيئة شوي بس محترمين. الطعام كان تمام بس ينقصه شوي نكهة. النظافة مقبول، الجلسات عادية. بشكل عام تجربة وسط، ممكن نرجع وممكن لا.,neutral
صراحة ما عندي رأي واضح عن مطعم المأكولات البحرية. المكان فيه صف بس ماشي الحال. الأسعار معقولة نوعا ما مقارنة بالجودة. استقبال الموظفين تمام، لا سيئة ولا ممتازة. الأجواء نظيف بشكل عام بس التصميم بسيط. ما شفت في الوجبة شي يميزه عن باقي المطاعم. أعطيه تقييم متوسط، لا أنصح بقوة ولا أثبط أحد.,neutral
التجربة مع مطعم البيتزا كانت بين بين. الوجبة كان دافي مب حار زي ما نبيه. المكان فيه صف بس ماشي الحال. الأسعار تقريبا زي أي مطعم ثاني بنفس المستوى. في النهاية تجربة مقبولة، ولا شي يستاهل يتحمس له أحد.,neutral
جربنا المطعم اللي جربناه أول مرة. الوجبة مقبول بس مو شي يخلي القلب يرجع. تعامل النادل كانت متوسطة، انتظرنا وقت مو طويل بس مو سريع. ولا شي خاص يخليني أفضله على غيره. الديكور مقبول، الجلسات عادية. قيمة الفلوس مقابل الأكل معقولة نوعا ما مقارنة بالجودة. لو تبي تجرب مرة وحدة ما فيها مانع، بس مو المكان اللي أرشحه بشدة.,neutral
بصراحة تجربة عادية. سرعة التقديم تمام، لا سيئة ولا ممتازة. الأجواء عادي، ما فيه شي مميز. البيتزا مثل أي مكان ثاني، ما فيه شي مميز. بالنسبة لي تجربة عادية جدا ولا فيها شي يذكر بالسلب ولا الإيجاب.,neutral
كنت مع أصحابي في مطعم البرجر. النظافة مقبول، الجلسات عادية. الخدمة بشكل عام عادية، الموظفين متعاونين بس التنظيم يحتاج تحسين. السعر متوسطة، مو غالية ومو رخيصة. توقعت الأكل أحسن شوي بس برضو مو سيء. أعطيه تقييم متوسط، لا أنصح بقوة ولا أثبط أحد.,neutral
التجربة مع مطعم البرجر كانت بين بين. تعامل النادل كانت عادية ما فيها شي يذكر. المشاوي حلو بس الكمية أقل من المتوقع. الجو العام مقبول، الجلسات عادية. يعتبر خيار متوسط بين المطاعم اللي جربتها. أعطيه تقييم متوسط، لا أنصح بقوة ولا أثبط أحد.,neutral
تجربتنا كانت متوسطة. تعامل النادل تمام، لا سيئة ولا ممتازة. المكان تمام، مساحة صغيرة بس مرتبة. الطعام حلو بس الكمية أقل من المتوقع. بالنسبة لي تجربة عادية جدا ولا فيها شي يذكر بالسلب ولا الإيجاب.,neutral
جربنا مطعم الوجبات السريعة أول مرة. قيمة الفلوس مقابل الأكل متوسطة، مو غالية ومو رخيصة. تعامل النادل كانت متوسطة، انتظرنا وقت مو طويل بس مو سريع. السلطة كان عادي مو أكثر ومو أقل. أعطيه تقييم متوسط، لا أنصح بقوة ولا أثبط أحد.,neutral
زرنا المطعم اللي جربناه أمس والتجربة كانت عادية. الخدمة بشكل عام كانت متوسطة، انتظرنا وقت مو طويل بس مو سريع. الوجبة الرئيسية مقبول بس مو شي يخلي القلب يرجع. أعطيه تقييم متوسط، لا أنصح بقوة ولا أثبط أحد.,neutral
صراحة ما عندي رأي واضح عن المطعم الشعبي. تعامل النادل عادية، الموظفين متعاونين بس التنظيم يحتاج تحسين. البيتزا كان تمام بس ينقصه شوي نكهة. مو التجربة اللي بتنسى بس ولا اللي بتندم عليها.,neutral
ودي أشارك رأيي عن المطعم. الديكور تمام، مساحة صغيرة بس مرتبة. الأسعار مقارنة بالكمية مناسبة للي تشوفه بس مو أكثر. ما شفت في الطعام شي يميزه عن باقي المطاعم. لو تبي تجرب مرة وحدة ما فيها مانع، بس مو المكان اللي أرشحه بشدة.,neutral
كنت مع أصحابي في مطعم الأكل الإيطالي. استقبال الموظفين كانت بطيئة شوي بس محترمين. الديكور نظيف بشكل عام بس التصميم بسيط. البيتزا مقبول بس مو شي يخلي القلب يرجع. ما توقعت أكثر من كذا صراحة. قيمة الفلوس مقابل الأكل مناسبة للي تشوفه بس مو أكثر. أعطيه تقييم متوسط، لا أنصح بقوة ولا أثبط أحد.,neutral
التجربة مع المطعم الجديد كانت بين بين. السلطة كان تمام بس ينقصه شوي نكهة. الخدمة عادية، الموظفين متعاونين بس التنظيم يحتاج تحسين. الديكور عادي، ما فيه شي مميز. مو التجربة اللي بتنسى بس ولا اللي بتندم عليها.,neutral
التجربة مع المطعم كانت بين بين. سرعة التقديم كانت متوسطة، انتظرنا وقت مو طويل بس مو سريع. البيتزا مثل أي مكان ثاني، ما فيه شي مميز. أعطيه تقييم متوسط، لا أنصح بقوة ولا أثبط أحد.,neutral
التجربة مع المكان كانت بين بين. الطعام مثل أي مكان ثاني، ما فيه شي مميز. الأسعار مقارنة بالكمية تقريبا زي أي مطعم ثاني بنفس المستوى. الخدمة بشكل عام كانت متوسطة، انتظرنا وقت مو طويل بس مو سريع. بالنسبة لي تجربة عادية جدا ولا فيها شي يذكر بالسلب ولا الإيجاب.,neutral
تجربتنا كانت متوسطة. البرجر كان دافي مب حار زي ما نبيه. سرعة التقديم مقبولة، ينقصها شوي احترافية. الأسعار مناسبة للي تشوفه بس مو أكثر. التجربة كانت طبيعية بدون أي مفاجآت. بشكل عام تجربة وسط، ممكن نرجع وممكن لا.,neutral
تجربتنا كانت متوسطة. الأسعار مناسبة للي تشوفه بس مو أكثر. الطعام مقبول بس مو شي يخلي القلب يرجع. يستاهل يجرب بس متوقعاته لا تكون عالية.,neutral
رحنا مطعم الأكل الإيطالي على أساس المراجعات بس. العصائر كان عادي مو أكثر ومو أقل. بشكل عام تجربة وسط، ممكن نرجع وممكن لا.,neutral
كنت مع أصحابي في المطعم اللي جربناه. الحلا مقبول بس مو شي يخلي القلب يرجع. تعامل النادل مقبولة، ينقصها شوي احترافية. يستاهل يجرب بس متوقعاته لا تكون عالية.,neutral
زرت مطعم الوجبات السريعة مع العائلة. الأسعار مقارنة بالكمية تقريبا زي أي مطعم ثاني بنفس المستوى. المقبلات كان دافي مب حار زي ما نبيه. سرعة التقديم كانت بطيئة شوي بس محترمين. يعتبر خيار متوسط بين المطاعم اللي جربتها. ممكن يكون خيار مناسب لو كنت قريب بس ما يستاهل مشوار بعيد.,neutral
رحنا مطعم الوجبات السريعة على أساس المراجعات بس. الأسعار مقارنة بالكمية معقولة نوعا ما مقارنة بالجودة. توقعت الطعام أحسن شوي بس برضو مو سيء. التجربة كانت طبيعية بدون أي مفاجآت. سرعة التقديم كانت بطيئة شوي بس محترمين. مو التجربة اللي بتنسى بس ولا اللي بتندم عليها.,neutral
التجربة مع مطعم الوجبات السريعة كانت بين بين. استقبال الموظفين تمام، لا سيئة ولا ممتازة. الوجبة الرئيسية لا بأس فيه، وسط الوسط. الجو العام مقبول، الجلسات عادية. الأسعار مقارنة بالكمية معقولة نوعا ما مقارنة بالجودة. بالنسبة لي تجربة عادية جدا ولا فيها شي يذكر بالسلب ولا الإيجاب.,neutral
تجربتنا كانت متوسطة. ما شفت في الوجبة الرئيسية شي يميزه عن باقي المطاعم. يعتبر خيار متوسط بين المطاعم اللي جربتها. بالنسبة لي تجربة عادية جدا ولا فيها شي يذكر بالسلب ولا الإيجاب.,neutral
ودي أشارك رأيي عن الفرع. الأجواء نظيف بشكل عام بس التصميم بسيط. الخدمة تمام، لا سيئة ولا ممتازة. البيتزا مقبول بس مو شي يخلي القلب يرجع. الأسعار مقارنة بالكمية معقولة نوعا ما مقارنة بالجودة. تقييمي للمكان ثلاثة من خمسة، عادي.,neutral
التجربة مع مطعم الوجبات السريعة كانت بين بين. توقعت الوجبة الرئيسية أحسن شوي بس برضو مو سيء. قيمة الفلوس مقابل الأكل معقولة نوعا ما مقارنة بالجودة. تعامل النادل كانت بطيئة شوي بس محترمين. أعطيه تقييم متوسط، لا أنصح بقوة ولا أثبط أحد.,neutral
رحنا الكافيه على أساس المراجعات بس. ما شفت في الحلا شي يميزه عن باقي المطاعم. تعامل النادل عادية، الموظفين متعاونين بس التنظيم يحتاج تحسين. مو التجربة اللي بتنسى بس ولا اللي بتندم عليها.,neutral
رحنا مطعم المشويات على أساس المراجعات بس. قيمة الفلوس مقابل الأكل متوسطة، مو غالية ومو رخيصة. سرعة التقديم كانت متوسطة، انتظرنا وقت مو طويل بس مو سريع. المشاوي لا بأس فيه، وسط الوسط. أعطيه تقييم متوسط، لا أنصح بقوة ولا أثبط أحد.,neutral
كنت مع أصحابي في مطعم البرجر. الخدمة بشكل عام تمام، لا سيئة ولا ممتازة. قيمة الفلوس مقابل الأكل معقولة نوعا ما مقارنة بالجودة. الطعام حلو بس الكمية أقل من المتوقع. الترتيب الداخلي تمام، مساحة صغيرة بس مرتبة. بشكل عام تجربة وسط، ممكن نرجع وممكن لا.,neutral
التجربة مع الكافيه كانت بين بين. الخدمة بشكل عام كانت بطيئة شوي بس محترمين. الأرز طعمه عادي، ولا حلو ولا سيء. الأسعار تقريبا زي أي مطعم ثاني بنفس المستوى. في النهاية تجربة مقبولة، ولا شي يستاهل يتحمس له أحد.,neutral
التجربة مع مطعم البيتزا كانت بين بين. السعر متوسطة، مو غالية ومو رخيصة. البيتزا كان تمام بس ينقصه شوي نكهة. تعامل النادل كانت متوسطة، انتظرنا وقت مو طويل بس مو سريع. أعطيه تقييم متوسط، لا أنصح بقوة ولا أثبط أحد.,neutral
بصراحة تجربة عادية. سرعة التقديم كانت عادية ما فيها شي يذكر. الحلا لا بأس فيه، وسط الوسط. تقييمي للمكان ثلاثة من خمسة، عادي.,neutral
التجربة مع المطعم الشعبي كانت بين بين. العصائر مقبول بس مو شي يخلي القلب يرجع. تعامل النادل كانت عادية ما فيها شي يذكر. بالنسبة لي تجربة عادية جدا ولا فيها شي يذكر بالسلب ولا الإيجاب.,neutral
زرنا مطعم المشويات أمس والتجربة كانت عادية. استقبال الموظفين تمام، لا سيئة ولا ممتازة. الوجبة الرئيسية مقبول بس مو شي يخلي القلب يرجع. مو التجربة اللي بتنسى بس ولا اللي بتندم عليها.,neutral
تجربتنا كانت متوسطة. تعامل النادل كانت عادية ما فيها شي يذكر. الانتظار كان طبيعي مو طويل ومو قصير. الأصناف اللي طلبناها لا بأس فيه، وسط الوسط. الأسعار مقارنة بالكمية معقولة نوعا ما مقارنة بالجودة. بشكل عام تجربة وسط، ممكن نرجع وممكن لا.,neutral
زرت الكافيه مع العائلة. التجربة كانت طبيعية بدون أي مفاجآت. الأكل كان عادي مو أكثر ومو أقل. الأسعار مقارنة بالكمية معقولة نوعا ما مقارنة بالجودة. الخدمة عادية، الموظفين متعاونين بس التنظيم يحتاج تحسين. يستاهل يجرب بس متوقعاته لا تكون عالية.,neutral
زرنا المكان أمس والتجربة كانت عادية. الأجواء عادي، ما فيه شي مميز. الأسعار مقارنة بالكمية مناسبة للي تشوفه بس مو أكثر. تعامل النادل تمام، لا سيئة ولا ممتازة. المقبلات كان دافي مب حار زي ما نبيه. ما راح أقول التجربة سيئة بس مو من الأماكن اللي تنصح فيها بقوة.,neutral
التجربة مع مطعم البرجر كانت بين بين. توقعت المقبلات أحسن شوي بس برضو مو سيء. تعامل النادل عادية، الموظفين متعاونين بس التنظيم يحتاج تحسين. ممكن يكون خيار مناسب لو كنت قريب بس ما يستاهل مشوار بعيد.,neutral
جربنا المكان أول مرة. الخدمة بشكل عام مقبولة، ينقصها شوي احترافية. المقبلات لا بأس فيه، وسط الوسط. الأسعار مناسبة للي تشوفه بس مو أكثر. الجو العام عادي، ما فيه شي مميز. أعطيه تقييم متوسط، لا أنصح بقوة ولا أثبط أحد.,neutral
جربنا المكان أول مرة. الأجواء تمام، مساحة صغيرة بس مرتبة. المقبلات كان تمام بس ينقصه شوي نكهة. سرعة التقديم مقبولة، ينقصها شوي احترافية. ممكن يكون خيار مناسب لو كنت قريب بس ما يستاهل مشوار بعيد.,neutral
التجربة مع المطعم كانت بين بين. الخدمة مقبولة، ينقصها شوي احترافية. ما شفت في الأرز شي يميزه عن باقي المطاعم. أعطيه تقييم متوسط، لا أنصح بقوة ولا أثبط أحد.,neutral
ودي أشارك رأيي عن مطعم الوجبات السريعة. الأسعار معقولة نوعا ما مقارنة بالجودة. تعامل النادل كانت متوسطة، انتظرنا وقت مو طويل بس مو سريع. ما شفت في الأكل شي يميزه عن باقي المطاعم. ولا شي خاص يخليني أفضله على غيره. أعطيه تقييم متوسط، لا أنصح بقوة ولا أثبط أحد.,neutral
كنت مع أصحابي في المطعم. قيمة الفلوس مقابل الأكل متوسطة، مو غالية ومو رخيصة. المقبلات كان عادي مو أكثر ومو أقل. تقييمي للمكان ثلاثة من خمسة، عادي.,neutral
صراحة ما عندي رأي واضح عن مطعم البيتزا. المكان نظيف بشكل عام بس التصميم بسيط. توقعت الأصناف اللي طلبناها أحسن شوي بس برضو مو سيء. الأسعار تقريبا زي أي مطعم ثاني بنفس المستوى. بالنسبة لي تجربة عادية جدا ولا فيها شي يذكر بالسلب ولا الإيجاب.,neutral
زرنا مطعم الوجبات السريعة أمس والتجربة كانت عادية. الأصناف اللي طلبناها طعمه عادي، ولا حلو ولا سيء. سرعة التقديم عادية، الموظفين متعاونين بس التنظيم يحتاج تحسين. تقييمي للمكان ثلاثة من خمسة، عادي.,neutral
بصراحة تجربة عادية. سرعة التقديم مقبولة، ينقصها شوي احترافية. الوجبة الرئيسية مثل أي مكان ثاني، ما فيه شي مميز. السعر متوسطة، مو غالية ومو رخيصة. بالنسبة لي تجربة عادية جدا ولا فيها شي يذكر بالسلب ولا الإيجاب.,neutral
جربنا المطعم أول مرة. الوجبة الرئيسية مقبول بس مو شي يخلي القلب يرجع. استقبال الموظفين كانت عادية ما فيها شي يذكر. ولا شي خاص يخليني أفضله على غيره. قيمة الفلوس مقابل الأكل مناسبة للي تشوفه بس مو أكثر. الترتيب الداخلي مقبول، الجلسات عادية. مو التجربة اللي بتنسى بس ولا اللي بتندم عليها.,neutral
صراحة ما عندي رأي واضح عن مطعم الوجبات السريعة. الأسعار مناسبة للي تشوفه بس مو أكثر. المكان عادي، ما فيه شي مميز. توقعت الحلا أحسن شوي بس برضو مو سيء. تقييمي للمكان ثلاثة من خمسة، عادي.,neutral
تجربتنا كانت متوسطة. الأسعار متوسطة، مو غالية ومو رخيصة. الترتيب الداخلي عادي، ما فيه شي مميز. توقعت البيتزا أحسن شوي بس برضو مو سيء. تعامل النادل كانت بطيئة شوي بس محترمين. بشكل عام تجربة وسط، ممكن نرجع وممكن لا.,neutral
زرنا المطعم الشعبي أمس والتجربة كانت عادية. الجو العام مقبول، الجلسات عادية. الأسعار مقارنة بالكمية مناسبة للي تشوفه بس مو أكثر. الأكل لا بأس فيه، وسط الوسط. تعامل النادل كانت متوسطة، انتظرنا وقت مو طويل بس مو سريع. يستاهل يجرب بس متوقعاته لا تكون عالية.,neutral
تجربتنا كانت متوسطة. الأسعار متوسطة، مو غالية ومو رخيصة. المكان فيه صف بس ماشي الحال. استقبال الموظفين كانت بطيئة شوي بس محترمين. توقعت الوجبة الرئيسية أحسن شوي بس برضو مو سيء. في النهاية تجربة مقبولة، ولا شي يستاهل يتحمس له أحد.,neutral
زرنا مطعم المأكولات البحرية أمس والتجربة كانت عادية. سرعة التقديم كانت عادية ما فيها شي يذكر. الأسعار مقارنة بالكمية معقولة نوعا ما مقارنة بالجودة. الوجبة مقبول بس مو شي يخلي القلب يرجع. بشكل عام تجربة وسط، ممكن نرجع وممكن لا.,neutral
التجربة مع المطعم الشعبي كانت بين بين. ما شفت في السلطة شي يميزه عن باقي المطاعم. الخدمة كانت بطيئة شوي بس محترمين. الترتيب الداخلي نظيف بشكل عام بس التصميم بسيط. يستاهل يجرب بس متوقعاته لا تكون عالية.,neutral
رحنا مطعم الأكل الإيطالي على أساس المراجعات بس. النظافة تمام، مساحة صغيرة بس مرتبة. استقبال الموظفين كانت بطيئة شوي بس محترمين. الأرز لا بأس فيه، وسط الوسط. بشكل عام تجربة وسط، ممكن نرجع وممكن لا.,neutral
التجربة مع مطعم المشويات كانت بين بين. يعتبر خيار متوسط بين المطاعم اللي جربتها. سرعة التقديم عادية، الموظفين متعاونين بس التنظيم يحتاج تحسين. العصائر مثل أي مكان ثاني، ما فيه شي مميز. بالنسبة لي تجربة عادية جدا ولا فيها شي يذكر بالسلب ولا الإيجاب.,neutral
التجربة مع مطعم المشويات كانت بين بين. الأرز لا بأس فيه، وسط الوسط. النظافة نظيف بشكل عام بس التصميم بسيط. استقبال الموظفين كانت متوسطة، انتظرنا وقت مو طويل بس مو سريع. السعر متوسطة، مو غالية ومو رخيصة. يستاهل يجرب بس متوقعاته لا تكون عالية.,neutral
التجربة مع مطعم الأكل الإيطالي كانت بين بين. السعر مناسبة للي تشوفه بس مو أكثر. تعامل النادل مقبولة، ينقصها شوي احترافية. البرجر مقبول بس مو شي يخلي القلب يرجع. ما توقعت أكثر من كذا صراحة. الديكور نظيف بشكل عام بس التصميم بسيط. بشكل عام تجربة وسط، ممكن نرجع وممكن لا.,neutral
ودي أشارك رأيي عن مطعم المأكولات البحرية. الأصناف اللي طلبناها طعمه عادي، ولا حلو ولا سيء. الجو العام تمام، مساحة صغيرة بس مرتبة. نفس المستوى اللي شفته في أماكن ثانية مشابهة. استقبال الموظفين عادية، الموظفين متعاونين بس التنظيم يحتاج تحسين. في النهاية تجربة مقبولة، ولا شي يستاهل يتحمس له أحد.,neutral
تجربتنا كانت متوسطة. الحلا مقبول بس مو شي يخلي القلب يرجع. المكان فيه صف بس ماشي الحال. الخدمة بشكل عام كانت عادية ما فيها شي يذكر. تقييمي للمكان ثلاثة من خمسة، عادي.,neutral
كنت مع أصحابي في مطعم المأكولات البحرية. المكان فيه صف بس ماشي الحال. المكان نظيف بشكل عام بس التصميم بسيط. ما شفت في الوجبة شي يميزه عن باقي المطاعم. الأسعار مقارنة بالكمية مناسبة للي تشوفه بس مو أكثر. بالنسبة لي تجربة عادية جدا ولا فيها شي يذكر بالسلب ولا الإيجاب.,neutral
رحنا المكان على أساس المراجعات بس. الخدمة بشكل عام كانت متوسطة، انتظرنا وقت مو طويل بس مو سريع. السلطة حلو بس الكمية أقل من المتوقع. لو تبي تجرب مرة وحدة ما فيها مانع، بس مو المكان اللي أرشحه بشدة.,neutral
التجربة مع مطعم البيتزا كانت بين بين. قيمة الفلوس مقابل الأكل تقريبا زي أي مطعم ثاني بنفس المستوى. الخدمة كانت عادية ما فيها شي يذكر. الطعام مثل أي مكان ثاني، ما فيه شي مميز. بشكل عام تجربة وسط، ممكن نرجع وممكن لا.,neutral
تجربتنا كانت متوسطة. الخدمة بشكل عام تمام، لا سيئة ولا ممتازة. المقبلات لا بأس فيه، وسط الوسط. تقييمي للمكان ثلاثة من خمسة، عادي.,neutral
ودي أشارك رأيي عن مطعم الأكل الإيطالي. الجو العام مقبول، الجلسات عادية. الأسعار متوسطة، مو غالية ومو رخيصة. سرعة التقديم عادية، الموظفين متعاونين بس التنظيم يحتاج تحسين. المشاوي كان دافي مب حار زي ما نبيه. ولا شي خاص يخليني أفضله على غيره. لو تبي تجرب مرة وحدة ما فيها مانع، بس مو المكان اللي أرشحه بشدة.,neutral
التجربة مع المطعم كانت بين بين. تعامل النادل كانت بطيئة شوي بس محترمين. المقبلات مثل أي مكان ثاني، ما فيه شي مميز. يستاهل يجرب بس متوقعاته لا تكون عالية.,neutral
ودي أشارك رأيي عن الكافيه. الأكل كان عادي مو أكثر ومو أقل. الترتيب الداخلي عادي، ما فيه شي مميز. تعامل النادل تمام، لا سيئة ولا ممتازة. يستاهل يجرب بس متوقعاته لا تكون عالية.,neutral
كنت مع أصحابي في مطعم البرجر. العصائر طعمه عادي، ولا حلو ولا سيء. مو التجربة اللي بتنسى بس ولا اللي بتندم عليها.,neutral
تجربتنا كانت متوسطة. الأجواء نظيف بشكل عام بس التصميم بسيط. الأسعار مقارنة بالكمية متوسطة، مو غالية ومو رخيصة. الأرز كان عادي مو أكثر ومو أقل. الخدمة كانت عادية ما فيها شي يذكر. بشكل عام تجربة وسط، ممكن نرجع وممكن لا.,neutral
ودي أشارك رأيي عن مطعم المأكولات البحرية. ما توقعت أكثر من كذا صراحة. الأكل كان دافي مب حار زي ما نبيه. الديكور عادي، ما فيه شي مميز. سرعة التقديم كانت بطيئة شوي بس محترمين. لو تبي تجرب مرة وحدة ما فيها مانع، بس مو المكان اللي أرشحه بشدة.,neutral
جربنا المكان أول مرة. الخدمة كانت عادية ما فيها شي يذكر. توقعت الوجبة الرئيسية أحسن شوي بس برضو مو سيء. الأسعار متوسطة، مو غالية ومو رخيصة. النظافة نظيف بشكل عام بس التصميم بسيط. ممكن يكون خيار مناسب لو كنت قريب بس ما يستاهل مشوار بعيد.,neutral
زرنا المطعم الجديد أمس والتجربة كانت عادية. الخدمة بشكل عام تمام، لا سيئة ولا ممتازة. الوجبة الرئيسية حلو بس الكمية أقل من المتوقع. النظافة نظيف بشكل عام بس التصميم بسيط. تقييمي للمكان ثلاثة من خمسة، عادي.,neutral
ودي أشارك رأيي عن الفرع. تعامل النادل عادية، الموظفين متعاونين بس التنظيم يحتاج تحسين. المشاوي كان تمام بس ينقصه شوي نكهة. النظافة مقبول، الجلسات عادية. أعطيه تقييم متوسط، لا أنصح بقوة ولا أثبط أحد.,neutral
تجربتنا كانت متوسطة. سرعة التقديم كانت بطيئة شوي بس محترمين. التجربة كانت طبيعية بدون أي مفاجآت. الديكور تمام، مساحة صغيرة بس مرتبة. المقبلات كان عادي مو أكثر ومو أقل. يستاهل يجرب بس متوقعاته لا تكون عالية.,neutral
زرت المطعم الشعبي مع العائلة. الأجواء مقبول، الجلسات عادية. العصائر لا بأس فيه، وسط الوسط. سرعة التقديم كانت متوسطة، انتظرنا وقت مو طويل بس مو سريع. تقييمي للمكان ثلاثة من خمسة، عادي.,neutral
التجربة مع المطعم الشعبي كانت بين بين. الأسعار مقارنة بالكمية مناسبة للي تشوفه بس مو أكثر. الوجبة كان دافي مب حار زي ما نبيه. الخدمة مقبولة، ينقصها شوي احترافية. النظافة نظيف بشكل عام بس التصميم بسيط. لو تبي تجرب مرة وحدة ما فيها مانع، بس مو المكان اللي أرشحه بشدة.,neutral
كنت مع أصحابي في مطعم الفطور. النظافة نظيف بشكل عام بس التصميم بسيط. المشاوي كان عادي مو أكثر ومو أقل. استقبال الموظفين كانت متوسطة، انتظرنا وقت مو طويل بس مو سريع. الانتظار كان طبيعي مو طويل ومو قصير. مو التجربة اللي بتنسى بس ولا اللي بتندم عليها.,neutral
زرنا مطعم البرجر أمس والتجربة كانت عادية. السعر متوسطة، مو غالية ومو رخيصة. الأصناف اللي طلبناها كان تمام بس ينقصه شوي نكهة. النظافة تمام، مساحة صغيرة بس مرتبة. الخدمة عادية، الموظفين متعاونين بس التنظيم يحتاج تحسين. يستاهل يجرب بس متوقعاته لا تكون عالية.,neutral
زرت المكان مع العائلة. سرعة التقديم مقبولة، ينقصها شوي احترافية. الطعام طعمه عادي، ولا حلو ولا سيء. الأجواء عادي، ما فيه شي مميز. يستاهل يجرب بس متوقعاته لا تكون عالية.,neutral
تجربتنا كانت متوسطة. ما شفت في البرجر شي يميزه عن باقي المطاعم. السعر تقريبا زي أي مطعم ثاني بنفس المستوى. الخدمة بشكل عام كانت بطيئة شوي بس محترمين. ما راح أقول التجربة سيئة بس مو من الأماكن اللي تنصح فيها بقوة.,neutral
جربنا المطعم أول مرة. الأرز لا بأس فيه، وسط الوسط. سرعة التقديم كانت بطيئة شوي بس محترمين. أعطيه تقييم متوسط، لا أنصح بقوة ولا أثبط أحد.,neutral
كنت مع أصحابي في مطعم البرجر. التجربة كانت طبيعية بدون أي مفاجآت. قيمة الفلوس مقابل الأكل متوسطة، مو غالية ومو رخيصة. ما شفت في الحلا شي يميزه عن باقي المطاعم. أعطيه تقييم متوسط، لا أنصح بقوة ولا أثبط أحد.,neutral
رحنا المكان على أساس المراجعات بس. تعامل النادل كانت متوسطة، انتظرنا وقت مو طويل بس مو سريع. البيتزا كان دافي مب حار زي ما نبيه. المكان نظيف بشكل عام بس التصميم بسيط. الأسعار مقارنة بالكمية مناسبة للي تشوفه بس مو أكثر. يستاهل يجرب بس متوقعاته لا تكون عالية.,neutral
جربنا مطعم الوجبات السريعة أول مرة. العصائر كان عادي مو أكثر ومو أقل. السعر متوسطة، مو غالية ومو رخيصة. الخدمة عادية، الموظفين متعاونين بس التنظيم يحتاج تحسين. في النهاية تجربة مقبولة، ولا شي يستاهل يتحمس له أحد.,neutral
بصراحة تجربة عادية. نفس المستوى اللي شفته في أماكن ثانية مشابهة. الجو العام عادي، ما فيه شي مميز. توقعت الأصناف اللي طلبناها أحسن شوي بس برضو مو سيء. الأسعار مناسبة للي تشوفه بس مو أكثر. تعامل النادل عادية، الموظفين متعاونين بس التنظيم يحتاج تحسين. بالنسبة لي تجربة عادية جدا ولا فيها شي يذكر بالسلب ولا الإيجاب.,neutral
صراحة ما عندي رأي واضح عن المكان. النظافة مقبول، الجلسات عادية. استقبال الموظفين مقبولة، ينقصها شوي احترافية. المشاوي حلو بس الكمية أقل من المتوقع. مو التجربة اللي بتنسى بس ولا اللي بتندم عليها.,neutral
تجربتنا كانت متوسطة. الحلا كان عادي مو أكثر ومو أقل. الأسعار مقارنة بالكمية تقريبا زي أي مطعم ثاني بنفس المستوى. المكان تمام، مساحة صغيرة بس مرتبة. يستاهل يجرب بس متوقعاته لا تكون عالية.,neutral
زرت مطعم المشويات مع العائلة. الأسعار معقولة نوعا ما مقارنة بالجودة. الوجبة لا بأس فيه، وسط الوسط. سرعة التقديم عادية، الموظفين متعاونين بس التنظيم يحتاج تحسين. ما راح أقول التجربة سيئة بس مو من الأماكن اللي تنصح فيها بقوة.,neutral
جربنا الفرع أول مرة. الترتيب الداخلي عادي، ما فيه شي مميز. الخدمة كانت بطيئة شوي بس محترمين. قيمة الفلوس مقابل الأكل مناسبة للي تشوفه بس مو أكثر. الوجبة مقبول بس مو شي يخلي القلب يرجع. بالنسبة لي تجربة عادية جدا ولا فيها شي يذكر بالسلب ولا الإيجاب.,neutral
التجربة مع مطعم المأكولات البحرية كانت بين بين. الخدمة بشكل عام كانت بطيئة شوي بس محترمين. الأسعار معقولة نوعا ما مقارنة بالجودة. الوجبة طعمه عادي، ولا حلو ولا سيء. ممكن يكون خيار مناسب لو كنت قريب بس ما يستاهل مشوار بعيد.,neutral
زرنا المطعم أمس والتجربة كانت عادية. ولا شي خاص يخليني أفضله على غيره. الأكل حلو بس الكمية أقل من المتوقع. تعامل النادل مقبولة، ينقصها شوي احترافية. بالنسبة لي تجربة عادية جدا ولا فيها شي يذكر بالسلب ولا الإيجاب.,neutral
بصراحة تجربة عادية. الخدمة مقبولة، ينقصها شوي احترافية. قيمة الفلوس مقابل الأكل معقولة نوعا ما مقارنة بالجودة. توقعت الطعام أحسن شوي بس برضو مو سيء. ما توقعت أكثر من كذا صراحة. أعطيه تقييم متوسط، لا أنصح بقوة ولا أثبط أحد.,neutral
رحنا المطعم على أساس المراجعات بس. المقبلات لا بأس فيه، وسط الوسط. نفس المستوى اللي شفته في أماكن ثانية مشابهة. الخدمة بشكل عام تمام، لا سيئة ولا ممتازة. بالنسبة لي تجربة عادية جدا ولا فيها شي يذكر بالسلب ولا الإيجاب.,neutral
التجربة مع المكان كانت بين بين. المكان فيه صف بس ماشي الحال. ما شفت في المقبلات شي يميزه عن باقي المطاعم. بالنسبة لي تجربة عادية جدا ولا فيها شي يذكر بالسلب ولا الإيجاب.,neutral
زرت مطعم الفطور مع العائلة. الأجواء عادي، ما فيه شي مميز. توقعت الطعام أحسن شوي بس برضو مو سيء. في النهاية تجربة مقبولة، ولا شي يستاهل يتحمس له أحد.,neutral
بصراحة تجربة عادية. الأسعار مناسبة للي تشوفه بس مو أكثر. توقعت البرجر أحسن شوي بس برضو مو سيء. تعامل النادل كانت بطيئة شوي بس محترمين. ممكن يكون خيار مناسب لو كنت قريب بس ما يستاهل مشوار بعيد.,neutral
جربنا مطعم البيتزا أول مرة. السلطة مقبول بس مو شي يخلي القلب يرجع. الخدمة بشكل عام كانت عادية ما فيها شي يذكر. بشكل عام تجربة وسط، ممكن نرجع وممكن لا.,neutral
بصراحة تجربة عادية. ولا شي خاص يخليني أفضله على غيره. الأرز لا بأس فيه، وسط الوسط. استقبال الموظفين تمام، لا سيئة ولا ممتازة. مو التجربة اللي بتنسى بس ولا اللي بتندم عليها.,neutral
زرت مطعم الفطور مع العائلة. الأكل كان دافي مب حار زي ما نبيه. الانتظار كان طبيعي مو طويل ومو قصير. لو تبي تجرب مرة وحدة ما فيها مانع، بس مو المكان اللي أرشحه بشدة.,neutral
ودي أشارك رأيي عن المطعم. الخدمة كانت عادية ما فيها شي يذكر. النظافة نظيف بشكل عام بس التصميم بسيط. الطعام حلو بس الكمية أقل من المتوقع. ما في شي يشتكى منه بس ولا في شي يمدح. ممكن يكون خيار مناسب لو كنت قريب بس ما يستاهل مشوار بعيد.,neutral
ودي أشارك رأيي عن مطعم المشويات. ولا شي خاص يخليني أفضله على غيره. استقبال الموظفين كانت بطيئة شوي بس محترمين. الأرز كان عادي مو أكثر ومو أقل. تقييمي للمكان ثلاثة من خمسة، عادي.,neutral
بصراحة تجربة عادية. استقبال الموظفين مقبولة، ينقصها شوي احترافية. ما شفت في الوجبة الرئيسية شي يميزه عن باقي المطاعم. الأسعار مناسبة للي تشوفه بس مو أكثر. مو التجربة اللي بتنسى بس ولا اللي بتندم عليها.,neutral
التجربة مع مطعم البرجر كانت بين بين. الطعام حلو بس الكمية أقل من المتوقع. الخدمة بشكل عام كانت متوسطة، انتظرنا وقت مو طويل بس مو سريع. يستاهل يجرب بس متوقعاته لا تكون عالية.,neutral
التجربة مع مطعم المشويات كانت بين بين. الوجبة لا بأس فيه، وسط الوسط. الخدمة بشكل عام تمام، لا سيئة ولا ممتازة. يستاهل يجرب بس متوقعاته لا تكون عالية.,neutral
كنت مع أصحابي في مطعم المشويات. الانتظار كان طبيعي مو طويل ومو قصير. الطعام لا بأس فيه، وسط الوسط. الخدمة بشكل عام مقبولة، ينقصها شوي احترافية. في النهاية تجربة مقبولة، ولا شي يستاهل يتحمس له أحد.,neutral
صراحة ما عندي رأي واضح عن مطعم البرجر. تعامل النادل كانت عادية ما فيها شي يذكر. السلطة مقبول بس مو شي يخلي القلب يرجع. مو التجربة اللي بتنسى بس ولا اللي بتندم عليها.,neutral
كنت مع أصحابي في الكافيه. الترتيب الداخلي تمام، مساحة صغيرة بس مرتبة. المقبلات كان دافي مب حار زي ما نبيه. تعامل النادل كانت متوسطة، انتظرنا وقت مو طويل بس مو سريع. في النهاية تجربة مقبولة، ولا شي يستاهل يتحمس له أحد.,neutral
التجربة مع مطعم البرجر كانت بين بين. استقبال الموظفين تمام، لا سيئة ولا ممتازة. الوجبة الرئيسية طعمه عادي، ولا حلو ولا سيء. ممكن يكون خيار مناسب لو كنت قريب بس ما يستاهل مشوار بعيد.,neutral
زرت الفرع مع العائلة. المكان فيه صف بس ماشي الحال. النظافة عادي، ما فيه شي مميز. توقعت الطعام أحسن شوي بس برضو مو سيء. سرعة التقديم كانت عادية ما فيها شي يذكر. ما راح أقول التجربة سيئة بس مو من الأماكن اللي تنصح فيها بقوة.,neutral
صراحة ما عندي رأي واضح عن المطعم الجديد. الخدمة كانت بطيئة شوي بس محترمين. الأرز كان عادي مو أكثر ومو أقل. السعر تقريبا زي أي مطعم ثاني بنفس المستوى. الجو العام تمام، مساحة صغيرة بس مرتبة. ممكن يكون خيار مناسب لو كنت قريب بس ما يستاهل مشوار بعيد.,neutral
زرت المطعم مع العائلة. الأرز كان دافي مب حار زي ما نبيه. الأسعار مقارنة بالكمية معقولة نوعا ما مقارنة بالجودة. المكان مقبول، الجلسات عادية. بشكل عام تجربة وسط، ممكن نرجع وممكن لا.,neutral
زرت مطعم المشويات مع العائلة. الأكل حلو بس الكمية أقل من المتوقع. استقبال الموظفين تمام، لا سيئة ولا ممتازة. بالنسبة لي تجربة عادية جدا ولا فيها شي يذكر بالسلب ولا الإيجاب.,neutral
كنت مع أصحابي في مطعم المأكولات البحرية. ما توقعت أكثر من كذا صراحة. تعامل النادل كانت متوسطة، انتظرنا وقت مو طويل بس مو سريع. المكان تمام، مساحة صغيرة بس مرتبة. المشاوي كان تمام بس ينقصه شوي نكهة. ما راح أقول التجربة سيئة بس مو من الأماكن اللي تنصح فيها بقوة.,neutral
ودي أشارك رأيي عن الكافيه. الترتيب الداخلي عادي، ما فيه شي مميز. الوجبة مثل أي مكان ثاني، ما فيه شي مميز. استقبال الموظفين عادية، الموظفين متعاونين بس التنظيم يحتاج تحسين. ممكن يكون خيار مناسب لو كنت قريب بس ما يستاهل مشوار بعيد.,neutral
كنت مع أصحابي في المطعم الجديد. الأجواء تمام، مساحة صغيرة بس مرتبة. الخدمة تمام، لا سيئة ولا ممتازة. الوجبة مثل أي مكان ثاني، ما فيه شي مميز. لو تبي تجرب مرة وحدة ما فيها مانع، بس مو المكان اللي أرشحه بشدة.,neutral
جربنا مطعم الفطور أول مرة. الأسعار مقارنة بالكمية مناسبة للي تشوفه بس مو أكثر. الديكور تمام، مساحة صغيرة بس مرتبة. البيتزا لا بأس فيه، وسط الوسط. لو تبي تجرب مرة وحدة ما فيها مانع، بس مو المكان اللي أرشحه بشدة.,neutral
التجربة مع الفرع كانت بين بين. التجربة كانت طبيعية بدون أي مفاجآت. الأسعار تقريبا زي أي مطعم ثاني بنفس المستوى. الخدمة بشكل عام مقبولة، ينقصها شوي احترافية. الوجبة لا بأس فيه، وسط الوسط. أعطيه تقييم متوسط، لا أنصح بقوة ولا أثبط أحد.,neutral
زرت مطعم المأكولات البحرية مع العائلة. الخدمة عادية، الموظفين متعاونين بس التنظيم يحتاج تحسين. البيتزا لا بأس فيه، وسط الوسط. بشكل عام تجربة وسط، ممكن نرجع وممكن لا.,neutral
جربنا الفرع أول مرة. الخدمة بشكل عام عادية، الموظفين متعاونين بس التنظيم يحتاج تحسين. الترتيب الداخلي نظيف بشكل عام بس التصميم بسيط. قيمة الفلوس مقابل الأكل تقريبا زي أي مطعم ثاني بنفس المستوى. الطعام كان دافي مب حار زي ما نبيه. تقييمي للمكان ثلاثة من خمسة، عادي.,neutral
صراحة ما عندي رأي واضح عن المطعم اللي جربناه. الترتيب الداخلي مقبول، الجلسات عادية. سرعة التقديم عادية، الموظفين متعاونين بس التنظيم يحتاج تحسين. الوجبة كان عادي مو أكثر ومو أقل. لو تبي تجرب مرة وحدة ما فيها مانع، بس مو المكان اللي أرشحه بشدة.,neutral
التجربة مع مطعم البرجر كانت بين بين. قيمة الفلوس مقابل الأكل معقولة نوعا ما مقارنة بالجودة. الديكور نظيف بشكل عام بس التصميم بسيط. الأصناف اللي طلبناها كان دافي مب حار زي ما نبيه. استقبال الموظفين كانت عادية ما فيها شي يذكر. أعطيه تقييم متوسط، لا أنصح بقوة ولا أثبط أحد.,neutral
صراحة ما عندي رأي واضح عن المكان. يعتبر خيار متوسط بين المطاعم اللي جربتها. الحلا لا بأس فيه، وسط الوسط. الترتيب الداخلي تمام، مساحة صغيرة بس مرتبة. تقييمي للمكان ثلاثة من خمسة، عادي.,neutral
ودي أشارك رأيي عن مطعم الأكل الإيطالي. سرعة التقديم تمام، لا سيئة ولا ممتازة. السعر مناسبة للي تشوفه بس مو أكثر. توقعت الوجبة الرئيسية أحسن شوي بس برضو مو سيء. في النهاية تجربة مقبولة، ولا شي يستاهل يتحمس له أحد.,neutral
ودي أشارك رأيي عن الكافيه. البرجر كان عادي مو أكثر ومو أقل. الأسعار متوسطة، مو غالية ومو رخيصة. استقبال الموظفين عادية، الموظفين متعاونين بس التنظيم يحتاج تحسين. ولا شي خاص يخليني أفضله على غيره. يستاهل يجرب بس متوقعاته لا تكون عالية.,neutral
التجربة مع المطعم الجديد كانت بين بين. الخدمة بشكل عام كانت متوسطة، انتظرنا وقت مو طويل بس مو سريع. السلطة حلو بس الكمية أقل من المتوقع. الجو العام عادي، ما فيه شي مميز. الأسعار مقارنة بالكمية متوسطة، مو غالية ومو رخيصة. مو التجربة اللي بتنسى بس ولا اللي بتندم عليها.,neutral
رحنا مطعم الأكل الإيطالي على أساس المراجعات بس. ولا شي خاص يخليني أفضله على غيره. سرعة التقديم كانت بطيئة شوي بس محترمين. توقعت البرجر أحسن شوي بس برضو مو سيء. أعطيه تقييم متوسط، لا أنصح بقوة ولا أثبط أحد.,neutral
صراحة ما عندي رأي واضح عن مطعم الأكل الإيطالي. توقعت البيتزا أحسن شوي بس برضو مو سيء. سرعة التقديم تمام، لا سيئة ولا ممتازة. يعتبر خيار متوسط بين المطاعم اللي جربتها. تقييمي للمكان ثلاثة من خمسة، عادي.,neutral
زرت مطعم الفطور مع العائلة. توقعت الأرز أحسن شوي بس برضو مو سيء. الخدمة بشكل عام كانت متوسطة، انتظرنا وقت مو طويل بس مو سريع. المكان تمام، مساحة صغيرة بس مرتبة. ما في شي يشتكى منه بس ولا في شي يمدح. في النهاية تجربة مقبولة، ولا شي يستاهل يتحمس له أحد.,neutral
ودي أشارك رأيي عن مطعم البيتزا. السلطة مقبول بس مو شي يخلي القلب يرجع. نفس المستوى اللي شفته في أماكن ثانية مشابهة. سرعة التقديم مقبولة، ينقصها شوي احترافية. ممكن يكون خيار مناسب لو كنت قريب بس ما يستاهل مشوار بعيد.,neutral
زرت الكافيه مع العائلة. الحلا كان عادي مو أكثر ومو أقل. الديكور عادي، ما فيه شي مميز. يستاهل يجرب بس متوقعاته لا تكون عالية.,neutral
بصراحة تجربة عادية. تعامل النادل كانت بطيئة شوي بس محترمين. الأسعار تقريبا زي أي مطعم ثاني بنفس المستوى. الوجبة كان عادي مو أكثر ومو أقل. الجو العام عادي، ما فيه شي مميز. في النهاية تجربة مقبولة، ولا شي يستاهل يتحمس له أحد.,neutral
زرت المطعم مع العائلة. الأسعار مقارنة بالكمية تقريبا زي أي مطعم ثاني بنفس المستوى. نفس المستوى اللي شفته في أماكن ثانية مشابهة. الأكل كان تمام بس ينقصه شوي نكهة. الخدمة تمام، لا سيئة ولا ممتازة. تقييمي للمكان ثلاثة من خمسة، عادي.,neutral
ودي أشارك رأيي عن الفرع. نفس المستوى اللي شفته في أماكن ثانية مشابهة. العصائر كان عادي مو أكثر ومو أقل. قيمة الفلوس مقابل الأكل تقريبا زي أي مطعم ثاني بنفس المستوى. تقييمي للمكان ثلاثة من خمسة، عادي.,neutral
زرت مطعم البيتزا مع العائلة. قيمة الفلوس مقابل الأكل مناسبة للي تشوفه بس مو أكثر. الحلا مقبول بس مو شي يخلي القلب يرجع. تعامل النادل كانت متوسطة، انتظرنا وقت مو طويل بس مو سريع. المكان فيه صف بس ماشي الحال. الديكور نظيف بشكل عام بس التصميم بسيط. بالنسبة لي تجربة عادية جدا ولا فيها شي يذكر بالسلب ولا الإيجاب.,neutral
زرت مطعم الوجبات السريعة مع العائلة. توقعت الحلا أحسن شوي بس برضو مو سيء. الأجواء تمام، مساحة صغيرة بس مرتبة. الأسعار تقريبا زي أي مطعم ثاني بنفس المستوى. في النهاية تجربة مقبولة، ولا شي يستاهل يتحمس له أحد.,neutral
صراحة ما عندي رأي واضح عن المطعم اللي جربناه. المشاوي طعمه عادي، ولا حلو ولا سيء. الأسعار تقريبا زي أي مطعم ثاني بنفس المستوى. الأجواء نظيف بشكل عام بس التصميم بسيط. تعامل النادل تمام، لا سيئة ولا ممتازة. بشكل عام تجربة وسط، ممكن نرجع وممكن لا.,neutral
بصراحة تجربة عادية. النظافة تمام، مساحة صغيرة بس مرتبة. الأسعار مناسبة للي تشوفه بس مو أكثر. تعامل النادل كانت بطيئة شوي بس محترمين. الحلا مثل أي مكان ثاني، ما فيه شي مميز. يستاهل يجرب بس متوقعاته لا تكون عالية.,neutral
زرنا المطعم اللي جربناه أمس والتجربة كانت عادية. سرعة التقديم عادية، الموظفين متعاونين بس التنظيم يحتاج تحسين. البرجر طعمه عادي، ولا حلو ولا سيء. بالنسبة لي تجربة عادية جدا ولا فيها شي يذكر بالسلب ولا الإيجاب.,neutral
زرنا مطعم البرجر أمس والتجربة كانت عادية. ما توقعت أكثر من كذا صراحة. تعامل النادل عادية، الموظفين متعاونين بس التنظيم يحتاج تحسين. الأكل مقبول بس مو شي يخلي القلب يرجع. الأسعار معقولة نوعا ما مقارنة بالجودة. مو التجربة اللي بتنسى بس ولا اللي بتندم عليها.,neutral
زرنا مطعم الوجبات السريعة أمس والتجربة كانت عادية. تعامل النادل كانت عادية ما فيها شي يذكر. الوجبة حلو بس الكمية أقل من المتوقع. مو التجربة اللي بتنسى بس ولا اللي بتندم عليها.,neutral
بصراحة تجربة عادية. توقعت الأرز أحسن شوي بس برضو مو سيء. استقبال الموظفين كانت عادية ما فيها شي يذكر. قيمة الفلوس مقابل الأكل معقولة نوعا ما مقارنة بالجودة. الديكور نظيف بشكل عام بس التصميم بسيط. لو تبي تجرب مرة وحدة ما فيها مانع، بس مو المكان اللي أرشحه بشدة.,neutral
كنت مع أصحابي في الفرع. السلطة طعمه عادي، ولا حلو ولا سيء. تعامل النادل عادية، الموظفين متعاونين بس التنظيم يحتاج تحسين. لو تبي تجرب مرة وحدة ما فيها مانع، بس مو المكان اللي أرشحه بشدة.,neutral
جربنا الفرع أول مرة. المكان فيه صف بس ماشي الحال. الديكور تمام، مساحة صغيرة بس مرتبة. ما شفت في الأكل شي يميزه عن باقي المطاعم. استقبال الموظفين عادية، الموظفين متعاونين بس التنظيم يحتاج تحسين. ما راح أقول التجربة سيئة بس مو من الأماكن اللي تنصح فيها بقوة.,neutral
رحنا مطعم المشويات على أساس المراجعات بس. الوجبة كان دافي مب حار زي ما نبيه. الخدمة مقبولة، ينقصها شوي احترافية. الأسعار مقارنة بالكمية مناسبة للي تشوفه بس مو أكثر. في النهاية تجربة مقبولة، ولا شي يستاهل يتحمس له أحد.,neutral
صراحة ما عندي رأي واضح عن المطعم الشعبي. الأجواء مقبول، الجلسات عادية. استقبال الموظفين مقبولة، ينقصها شوي احترافية. الأسعار مقارنة بالكمية معقولة نوعا ما مقارنة بالجودة. الوجبة الرئيسية طعمه عادي، ولا حلو ولا سيء. بالنسبة لي تجربة عادية جدا ولا فيها شي يذكر بالسلب ولا الإيجاب.,neutral
التجربة مع مطعم المشويات كانت بين بين. الجو العام نظيف بشكل عام بس التصميم بسيط. توقعت البرجر أحسن شوي بس برضو مو سيء. سرعة التقديم تمام، لا سيئة ولا ممتازة. الأسعار متوسطة، مو غالية ومو رخيصة. لو تبي تجرب مرة وحدة ما فيها مانع، بس مو المكان اللي أرشحه بشدة.,neutral
صراحة ما عندي رأي واضح عن المطعم. استقبال الموظفين كانت بطيئة شوي بس محترمين. النظافة تمام، مساحة صغيرة بس مرتبة. الأصناف اللي طلبناها كان دافي مب حار زي ما نبيه. ما راح أقول التجربة سيئة بس مو من الأماكن اللي تنصح فيها بقوة.,neutral
صراحة ما عندي رأي واضح عن المطعم الجديد. يعتبر خيار متوسط بين المطاعم اللي جربتها. المشاوي مثل أي مكان ثاني، ما فيه شي مميز. النظافة تمام، مساحة صغيرة بس مرتبة. الأسعار مقارنة بالكمية مناسبة للي تشوفه بس مو أكثر. الخدمة كانت بطيئة شوي بس محترمين. بشكل عام تجربة وسط، ممكن نرجع وممكن لا.,neutral
بصراحة تجربة عادية. الخدمة بشكل عام عادية، الموظفين متعاونين بس التنظيم يحتاج تحسين. المكان تمام، مساحة صغيرة بس مرتبة. الوجبة حلو بس الكمية أقل من المتوقع. يعتبر خيار متوسط بين المطاعم اللي جربتها. الأسعار مقارنة بالكمية مناسبة للي تشوفه بس مو أكثر. ممكن يكون خيار مناسب لو كنت قريب بس ما يستاهل مشوار بعيد.,neutral
رحنا مطعم الفطور على أساس المراجعات بس. ما شفت في الأرز شي يميزه عن باقي المطاعم. استقبال الموظفين تمام، لا سيئة ولا ممتازة. الترتيب الداخلي تمام، مساحة صغيرة بس مرتبة. لو تبي تجرب مرة وحدة ما فيها مانع، بس مو المكان اللي أرشحه بشدة.,neutral
صراحة ما عندي رأي واضح عن الفرع. الأسعار معقولة نوعا ما مقارنة بالجودة. تعامل النادل كانت عادية ما فيها شي يذكر. العصائر كان تمام بس ينقصه شوي نكهة. نفس المستوى اللي شفته في أماكن ثانية مشابهة. أعطيه تقييم متوسط، لا أنصح بقوة ولا أثبط أحد.,neutral
زرنا المطعم الشعبي أمس والتجربة كانت عادية. المكان نظيف بشكل عام بس التصميم بسيط. البرجر كان عادي مو أكثر ومو أقل. تعامل النادل مقبولة، ينقصها شوي احترافية. ما راح أقول التجربة سيئة بس مو من الأماكن اللي تنصح فيها بقوة.,neutral
زرت مطعم الأكل الإيطالي مع العائلة. ما شفت في الأرز شي يميزه عن باقي المطاعم. سرعة التقديم كانت متوسطة، انتظرنا وقت مو طويل بس مو سريع. الأسعار مقارنة بالكمية تقريبا زي أي مطعم ثاني بنفس المستوى. في النهاية تجربة مقبولة، ولا شي يستاهل يتحمس له أحد.,neutral
التجربة مع مطعم الفطور كانت بين بين. تعامل النادل عادية، الموظفين متعاونين بس التنظيم يحتاج تحسين. النظافة مقبول، الجلسات عادية. الأصناف اللي طلبناها كان تمام بس ينقصه شوي نكهة. الأسعار مناسبة للي تشوفه بس مو أكثر. أعطيه تقييم متوسط، لا أنصح بقوة ولا أثبط أحد.,neutral
زرنا المطعم اللي جربناه أمس والتجربة كانت عادية. نفس المستوى اللي شفته في أماكن ثانية مشابهة. العصائر مقبول بس مو شي يخلي القلب يرجع. قيمة الفلوس مقابل الأكل مناسبة للي تشوفه بس مو أكثر. النظافة مقبول، الجلسات عادية. تعامل النادل عادية، الموظفين متعاونين بس التنظيم يحتاج تحسين. يستاهل يجرب بس متوقعاته لا تكون عالية.,neutral
صراحة ما عندي رأي واضح عن المطعم. البيتزا كان دافي مب حار زي ما نبيه. الديكور نظيف بشكل عام بس التصميم بسيط. السعر تقريبا زي أي مطعم ثاني بنفس المستوى. في النهاية تجربة مقبولة، ولا شي يستاهل يتحمس له أحد.,neutral
جربنا المطعم اللي جربناه أول مرة. استقبال الموظفين كانت بطيئة شوي بس محترمين. قيمة الفلوس مقابل الأكل تقريبا زي أي مطعم ثاني بنفس المستوى. ما شفت في البيتزا شي يميزه عن باقي المطاعم. ما راح أقول التجربة سيئة بس مو من الأماكن اللي تنصح فيها بقوة.,neutral
صراحة ما عندي رأي واضح عن مطعم الفطور. الوجبة الرئيسية كان دافي مب حار زي ما نبيه. لو تبي تجرب مرة وحدة ما فيها مانع، بس مو المكان اللي أرشحه بشدة.,neutral
زرنا المطعم أمس والتجربة كانت عادية. الأكل كان تمام بس ينقصه شوي نكهة. ما توقعت أكثر من كذا صراحة. قيمة الفلوس مقابل الأكل تقريبا زي أي مطعم ثاني بنفس المستوى. ما راح أقول التجربة سيئة بس مو من الأماكن اللي تنصح فيها بقوة.,neutral
بصراحة تجربة عادية. الخدمة مقبولة، ينقصها شوي احترافية. توقعت الحلا أحسن شوي بس برضو مو سيء. الأجواء مقبول، الجلسات عادية. في النهاية تجربة مقبولة، ولا شي يستاهل يتحمس له أحد.,neutral
زرت المطعم الجديد مع العائلة. السعر مناسبة للي تشوفه بس مو أكثر. الخدمة كانت متوسطة، انتظرنا وقت مو طويل بس مو سريع. الوجبة طعمه عادي، ولا حلو ولا سيء. يستاهل يجرب بس متوقعاته لا تكون عالية.,neutral
رحنا مطعم الأكل الإيطالي على أساس المراجعات بس. الوجبة كان تمام بس ينقصه شوي نكهة. الجو العام نظيف بشكل عام بس التصميم بسيط. استقبال الموظفين كانت متوسطة، انتظرنا وقت مو طويل بس مو سريع. تقييمي للمكان ثلاثة من خمسة، عادي.,neutral
تجربتنا كانت متوسطة. الأرز كان عادي مو أكثر ومو أقل. المكان عادي، ما فيه شي مميز. يعتبر خيار متوسط بين المطاعم اللي جربتها. تعامل النادل كانت عادية ما فيها شي يذكر. قيمة الفلوس مقابل الأكل مناسبة للي تشوفه بس مو أكثر. بالنسبة لي تجربة عادية جدا ولا فيها شي يذكر بالسلب ولا الإيجاب.,neutral
جربنا مطعم المشويات أول مرة. الطعام كان دافي مب حار زي ما نبيه. الأسعار مقارنة بالكمية متوسطة، مو غالية ومو رخيصة. ولا شي خاص يخليني أفضله على غيره. الخدمة بشكل عام كانت بطيئة شوي بس محترمين. الترتيب الداخلي عادي، ما فيه شي مميز. بالنسبة لي تجربة عادية جدا ولا فيها شي يذكر بالسلب ولا الإيجاب.,neutral
كنت مع أصحابي في مطعم الفطور. الديكور نظيف بشكل عام بس التصميم بسيط. الوجبة الرئيسية مثل أي مكان ثاني، ما فيه شي مميز. سرعة التقديم عادية، الموظفين متعاونين بس التنظيم يحتاج تحسين. ممكن يكون خيار مناسب لو كنت قريب بس ما يستاهل مشوار بعيد.,neutral
رحنا مطعم البرجر على أساس المراجعات بس. الخدمة كانت بطيئة شوي بس محترمين. ما شفت في الوجبة شي يميزه عن باقي المطاعم. يستاهل يجرب بس متوقعاته لا تكون عالية.,neutral
بصراحة تجربة عادية. الأسعار مقارنة بالكمية متوسطة، مو غالية ومو رخيصة. المشاوي مقبول بس مو شي يخلي القلب يرجع. الجو العام مقبول، الجلسات عادية. الخدمة بشكل عام عادية، الموظفين متعاونين بس التنظيم يحتاج تحسين. ممكن يكون خيار مناسب لو كنت قريب بس ما يستاهل مشوار بعيد.,neutral
التجربة مع مطعم المأكولات البحرية كانت بين بين. الأسعار مقارنة بالكمية معقولة نوعا ما مقارنة بالجودة. الحلا كان عادي مو أكثر ومو أقل. الأجواء تمام، مساحة صغيرة بس مرتبة. الخدمة بشكل عام كانت عادية ما فيها شي يذكر. ممكن يكون خيار مناسب لو كنت قريب بس ما يستاهل مشوار بعيد.,neutral
ودي أشارك رأيي عن المطعم الجديد. قيمة الفلوس مقابل الأكل معقولة نوعا ما مقارنة بالجودة. الخدمة كانت عادية ما فيها شي يذكر. الانتظار كان طبيعي مو طويل ومو قصير. البرجر كان تمام بس ينقصه شوي نكهة. الترتيب الداخلي تمام، مساحة صغيرة بس مرتبة. أعطيه تقييم متوسط، لا أنصح بقوة ولا أثبط أحد.,neutral
زرت مطعم الوجبات السريعة مع العائلة. الأجواء مقبول، الجلسات عادية. استقبال الموظفين مقبولة، ينقصها شوي احترافية. ما شفت في السلطة شي يميزه عن باقي المطاعم. أعطيه تقييم متوسط، لا أنصح بقوة ولا أثبط أحد.,neutral
صراحة ما عندي رأي واضح عن مطعم المأكولات البحرية. المشاوي مقبول بس مو شي يخلي القلب يرجع. تعامل النادل تمام، لا سيئة ولا ممتازة. المكان نظيف بشكل عام بس التصميم بسيط. لو تبي تجرب مرة وحدة ما فيها مانع، بس مو المكان اللي أرشحه بشدة.,neutral
صراحة ما عندي رأي واضح عن مطعم الأكل الإيطالي. سرعة التقديم كانت بطيئة شوي بس محترمين. السعر تقريبا زي أي مطعم ثاني بنفس المستوى. الديكور عادي، ما فيه شي مميز. ما توقعت أكثر من كذا صراحة. توقعت البرجر أحسن شوي بس برضو مو سيء. مو التجربة اللي بتنسى بس ولا اللي بتندم عليها.,neutral
